Rank,Chinese
1,的
2,是
3,了
4,就
5,我
6,你
7,不
8,在
9,有
10,会
11,要
12,说
13,我们
14,好
15,这
16,想
17,一
18,很
19,人
20,来
21,个
22,能
23,去
24,没
25,知道
26,吧
27,那
28,到
29,上
30,他
31,都
32,也
33,过
34,还
35,给
36,看
37,把
38,让
39,对
40,这个
41,现在
42,做
43,什么
44,真
45,只
46,着
47,没有
48,得
49,和
50,怎么
51,可以
52,他们
53,事
54,再
55,呢
56,点
57,这样
58,多
59,太
60,里
61,用
62,你们
63,下
64,走
65,如果
66,自己
67,谁
68,被
69,因为
70,听
71,别
72,告诉
73,她
74,时候
75,从
76,最
77,啊
78,已经
79,出
80,天
81,大
82,吗
83,次
84,这么
85,为
86,还有
87,才
88,为什么
89,像
90,话
91,那个
92,谢谢
93,找
94,可能
95,又
96,需要
97,起来
98,应该
99,东西
100,觉得
101,这些
102,两
103,错
104,干
105,回
106,更
107,开始
108,等
109,快
110,可
111,那么
112,所以
113,一样
114,时间
115,而
116,这里
117,该
118,就是
119,一起
120,拿
121,喜欢
122,见
123,叫
124,带
125,问题
126,小
127,中
128,但
129,跟
130,当
131,它
132,然后
133,死
134,希望
135,当然
136,一直
137,帮
138,前
139,一下
140,开
141,看看
142,所有
143,相信
144,看到
145,打
146,但是
147,家
148,还是
149,行
150,那些
151,们
152,几
153,请
154,年
155,是的
156,比
157,起
158,地方
159,出来
160,后
161,今天
162,回来
163,明白
164,朋友
165,哦
166,正
167,些
168,发生
169,只是
170,事情
171,准备
172,放
173,哪
174,一切
175,一点
176,爱
177,时
178,意思
179,工作
180,为了
181,问
182,怎么样
183,一定
184,件
185,进
186,孩子
187,离开
188,先生
189,第一
190,以为
191,先
192,所
193,住
194,认为
195,吃
196,找到
197,肯定
198,非常
199,之前
200,感觉
201,抱歉
202,而且
203,发现
204,新
205,向
206,并
207,那样
208,也许
209,搞
210,不要
211,不错
212,掉
213,必须
214,过来
215,种
216,一些
217,这种
218,最后
219,将
220,高兴
221,地
222,任何
223,以
224,嘿
225,担心
226,对不起
227,成
228,过去
229,算
230,三
231,够
232,生活
233,手
234,之
235,记得
236,下来
237,坐
238,不过
239,等等
240,其他
241,继续
242,那里
243,以前
244,或者
245,送
246,弄
247,钱
248,完
249,却
250,名字
251,大家
252,早
253,长
254,认识
255,老
256,重要
257,完全
258,别人
259,车
260,位
261,刚
262,嗯
263,电话
264,难
265,只要
266,头
267,机会
268,买
269,穿
270,出去
271,棒
272,条
273,得到
274,小时
275,变
276,嘛
277,嗨
278,有人
279,与
280,马上
281,总
282,每
283,到底
284,妈妈
285,杀
286,关系
287,喝
288,好像
289,接
290,之后
291,清楚
292,根本
293,真是
294,玩
295,结束
296,留
297,没什么
298,情况
299,女人
300,多少
301,月
302,里面
303,永远
304,了解
305,关于
306,确定
307,家伙
308,另
309,跑
310,见到
311,世界
312,敢
313,活
314,如何
315,分钟
316,有些
317,管
318,帮助
319,份
320,说话
321,谈
322,张
323,决定
324,站
325,唯一
326,哪里
327,写
328,场
329,岁
330,愿意
331,花
332,明天
333,总是
334,受
335,成为
336,今晚
337,定
338,漂亮
339,看见
340,男人
341,于
342,打电话
343,忙
344,回家
345,心
346,原因
347,停
348,可是
349,晚上
350,谈谈
351,从来
352,以后
353,爸爸
354,本
355,听说
356,晚
357,再见
358,坏
359,好好
360,连
361,办法
362,上帝
363,不管
364,只有
365,妈
366,第
367,出现
368,回去
369,亲爱
370,身上
371,至少
372,保证
373,消息
374,怎样
375,全
376,女孩
377,久
378,如此
379,感谢
380,接受
381,看来
382,下去
383,甚至
384,注意
385,噢
386,此
387,忘
388,进来
389,名
390,者
391,麻烦
392,求
393,门
394,真正
395,高
396,特别
397,集
398,两个
399,俩
400,人们
401,远
402,怎么办
403,无法
404,女士
405,女
406,宝贝
407,季
408,计划
409,整个
410,选择
411,改变
412,听到
413,伙计
414,试
415,嘴
416,正在
417,块
418,抓
419,呃
420,离
421,其实
422,安全
423,确实
424,衣服
425,动
426,蛮
427,挺
428,换
429,倒
430,猜
431,进去
432,它们
433,打算
434,句
435,无
436,小心
437,别的
438,结果
439,闭
440,号
441,么
442,之间
443,礼拜
444,周
445,绝对
446,刚刚
447,拜托
448,段
449,啦
450,美国
451,欢迎
452,除了
453,主意
454,有点
455,睡
456,参加
457,哇
458,疯
459,处理
460,那边
461,您
462,或
463,发
464,刚才
465,感到
466,考虑
467,变成
468,失去
469,懂
470,少
471,关
472,奇怪
473,想到
474,解释
475,父亲
476,路
477,最近
478,水
479,杯
480,如
481,帮忙
482,作为
483,医生
484,当时
485,讲
486,呆
487,曾经
488,喂
489,容易
490,四
491,难道
492,努力
493,指
494,进行
495,学
496,害怕
497,样子
498,内
499,外面
500,由
501,解决
502,简单
503,救
504,房间
505,成功
506,已
507,往
508,是否
509,糟
510,上面
511,直到
512,处
513,儿子
514,半
515,同意
516,虽然
517,真的
518,保护
519,生
520,没关系
521,拉
522,信
523,讨厌
524,卖
525,重
526,同
527,间
528,玩笑
529,待
530,提
531,笑
532,事实上
533,而已
534,证明
535,房子
536,装
537,令
538,办
539,理解
540,危险
541,保持
542,不同
543,糟糕
544,开心
545,生命
546,靠
547,通过
548,该死
549,留下
550,早上
551,警察
552,部分
553,联系
554,床
555,眼睛
556,要求
557,马
558,跳
559,本来
560,美
561,兄弟
562,除非
563,不行
564,伤害
565,有趣
566,方式
567,直接
568,重新
569,其中
570,公司
571,事实
572,五
573,加
574,带来
575,故事
576,控制
577,可爱
578,突然
579,多久
580,赢
581,家里
582,女儿
583,声音
584,枪
585,终于
586,狗
587,身
588,男
589,后面
590,大概
591,派
592,曾
593,脸
594,伤
595,完成
596,回到
597,酒
598,想法
599,小姐
600,不再
601,分
602,简直
603,极了
604,儿
605,进入
606,或许
607,想象
608,遍
609,底
610,法
611,使
612,昨天
613,不用
614,放弃
615,疯狂
616,随便
617,转
618,办公室
619,每天
620,记
621,表现
622,打开
623,聪明
624,情
625,声
626,昨晚
627,另外
628,照片
629,行动
630,那种
631,犯
632,能够
633,混蛋
634,紧张
635,这边
636,学校
637,家庭
638,方法
639,作
640,口
641,介意
642,爸
643,选
644,教
645,片
646,必要
647,整
648,身体
649,妻子
650,从没
651,有关
652,部
653,对于
654,拥有
655,祝
656,看上去
657,辆
658,呀
659,怪
660,秘密
661,的确
662,查
663,母亲
664,外
665,怕
666,二
667,首先
668,照顾
669,检查
670,兴趣
671,实际上
672,步
673,否则
674,丢
675,偷
676,关心
677,建议
678,不好意思
679,正常
680,气
681,身边
682,她们
683,来自
684,命
685,回答
686,电影
687,毁
688,拍
689,套
690,书
691,错误
692,结婚
693,经历
694,到处
695,按
696,知
697,休息
698,理由
699,读
700,面
701,差不多
702,意义
703,负责
704,精神
705,完美
706,安排
707,扔
708,遇到
709,碰
710,抓住
711,下面
712,傻
713,睡觉
714,收到
715,光
716,承认
717,年轻
718,自
719,丈夫
720,生气
721,乱
722,显然
723,幸运
724,游戏
725,发誓
726,父母
727,全部
728,忘记
729,放松
730,满
731,调查
732,即使
733,交
734,记住
735,员
736,经常
737,比较
738,哈
739,阻止
740,藏
741,付
742,明显
743,照
744,约会
745,醒
746,冷静
747,意识
748,队
749,性
750,戴
751,坚持
752,快乐
753,面前
754,电视
755,哪个
756,吓
757,并且
758,那时
759,可怜
760,做到
761,冲
762,同时
763,尽
764,打扰
765,记录
766,星期
767,挂
768,痛苦
769,剩下
770,眼
771,替
772,六
773,见面
774,存在
775,代表
776,足够
777,值得
778,男孩
779,脚
780,什么样
781,感
782,边
783,强
784,严重
785,十
786,国家
787,道
788,附近
789,支持
790,干什么
791,就要
792,正确
793,万
794,黑
795,收
796,日子
797,意味着
798,只能
799,子
800,实在
801,可怕
802,同样
803,砸
804,原来
805,头发
806,骗
807,认真
808,医院
809,瞧
810,影响
811,方面
812,既然
813,行为
814,消失
815,撒谎
816,算是
817,火
818,酷
819,好运
820,赶
821,比如
822,来到
823,假
824,死亡
825,答应
826,享受
827,加入
828,双
829,包
830,差
831,提供
832,鬼
833,根
834,血
835,道歉
836,利用
837,以及
838,滚
839,一旦
840,似乎
841,咖啡
842,面对
843,几乎
844,药
845,能力
846,小子
847,洗
848,怀疑
849,现场
850,受到
851,清
852,陪
853,信息
854,有意思
855,浪费
856,其
857,甜
858,报告
859,讨论
860,近
861,位置
862,多么
863,之一
864,不得不
865,线
866,腿
867,搬
868,证据
869,原谅
870,再次
871,日
872,说明
873,店
874,任务
875,仍然
876,小孩
877,拒绝
878,属于
879,目标
880,礼物
881,最终
882,大学
883,自由
884,破
885,尽管
886,自从
887,首
888,下午
889,律师
890,合作
891,笔
892,词
893,根据
894,借
895,允许
896,正是
897,哭
898,谢
899,某
900,群
901,台
902,越
903,信任
904,晚安
905,病
906,目前
907,无论
908,一般
909,楼
910,适合
911,比赛
912,飞
913,使用
914,后来
915,威胁
916,监狱
917,美金
918,美元
919,舒服
920,白痴
921,遗憾
922,反正
923,混
924,停止
925,受伤
926,球
927,不然
928,失望
929,因
930,恶心
931,感受
932,各位
933,屁股
934,安静
935,居然
936,通知
937,寻找
938,逼
939,座
940,脱
941,追
942,真实
943,开玩笑
944,路上
945,有时候
946,音乐
947,饿
948,愿
949,城市
950,反应
951,热
952,他妈的
953,差点
954,未来
955,意见
956,尸体
957,包括
958,家人
959,夫人
960,答案
961,责任
962,不在乎
963,介绍
964,未
965,入
966,试图
967,恨
968,样
969,慢
970,再说
971,要是
972,坐下
973,通常
974,一半
975,烂
976,躲
977,合适
978,撞
979,活动
980,厉害
981,深
982,一生
983,经过
984,放下
985,私人
986,愉快
987,脑子
988,姑娘
989,下次
990,获得
991,人生
992,一边
993,堆
994,养
995,数
996,街
997,习惯
998,特
999,身份
1000,有时
1001,新闻
1002,犯罪
1003,老板
1004,不必
1005,飞机
1006,真相
1007,区
1008,中心
1009,秒
1010,字
1011,开枪
1012,干吗
1013,夜
1014,越来越
1015,生意
1016,不幸
1017,梦
1018,因此
1019,听见
1020,味道
1021,蠢
1022,盯
1023,通
1024,逃
1025,研究
1026,提醒
1027,关键
1028,欠
1029,表演
1030,神
1031,客气
1032,力量
1033,正好
1034,红
1035,紧
1036,手机
1037,案子
1038,系统
1039,而是
1040,取
1041,恐怕
1042,失败
1043,破坏
1044,意外
1045,白
1046,带走
1047,随时
1048,人员
1049,只不过
1050,透
1051,锁匙
1052,钥匙
1053,约
1054,公平
1055,充满
1056,朝
1057,咱们
1058,旁边
1059,轮
1060,谋杀
1061,毫无
1062,时刻
1063,事件
1064,兴奋
1065,感情
1066,愚蠢
1067,做出
1068,杀死
1069,及
1070,号码
1071,锁
1072,老婆
1073,钟
1074,啥
1075,压力
1076,喔
1077,美好
1078,干净
1079,恭喜
1080,老兄
1081,单
1082,自然
1083,组织
1084,歌
1085,支
1086,烧
1087,准
1088,杀人
1089,邀请
1090,迟到
1091,断
1092,累
1093,纽约
1094,太太
1095,探
1096,惹
1097,周围
1098,节目
1099,副
1100,垃圾
1101,躺
1102,服务
1103,相当
1104,错过
1105,好事
1106,武器
1107,前面
1108,之类
1109,卡
1110,某种
1111,困难
1112,顺便
1113,食物
1114,空
1115,吃饭
1116,感激
1117,房
1118,现实
1119,女朋友
1120,顺利
1121,主
1122,政府
1123,随
1124,造成
1125,接近
1126,输
1127,恢复
1128,抱
1129,接着
1130,吵
1131,恩
1132,美丽
1133,不少
1134,治疗
1135,唱
1136,组
1137,恐怖
1138,拿走
1139,常
1140,多谢
1141,性感
1142,出发
1143,玩意
1144,意
1145,非
1146,尽力
1147,局
1148,耶
1149,酒吧
1150,方向
1151,斯
1152,法律
1153,项
1154,叫做
1155,谈话
1156,警告
1157,醉
1158,上去
1159,究竟
1160,放开
1161,冷
1162,伟大
1163,绝不
1164,线索
1165,喝酒
1166,哥哥
1167,脑袋
1168,罪
1169,闻
1170,人物
1171,想起
1172,学习
1173,肯
1174,呼吸
1175,臭
1176,顿
1177,帅
1178,好几
1179,人类
1180,梦想
1181,上班
1182,尝试
1183,室
1184,推
1185,疯子
1186,命令
1187,健康
1188,乐意
1189,荣幸
1190,假装
1191,妹妹
1192,好处
1193,骄傲
1194,超
1195,激动
1196,背
1197,男朋友
1198,颗
1199,历史
1200,弟弟
1201,长官
1202,象
1203,案
1204,短
1205,确保
1206,收拾
1207,自我
1208,加油
1209,停下
1210,似的
1211,急
1212,对方
1213,对付
1214,超过
1215,长大
1216,为止
1217,确认
1218,晚餐
1219,力
1220,慢慢
1221,改
1222,每次
1223,派对
1224,心里
1225,疼
1226,蛋
1227,等待
1228,单独
1229,周末
1230,好人
1231,配
1232,故意
1233,惊喜
1234,机
1235,复杂
1236,落
1237,交易
1238,技术
1239,汽车
1240,上次
1241,训练
1242,交给
1243,生日
1244,目的
1245,状态
1246,肉
1247,去年
1248,设计
1249,画
1250,签
1251,八
1252,实话
1253,彻底
1254,烦
1255,公寓
1256,其它
1257,爽
1258,许多
1259,聊
1260,参与
1261,表示
1262,文件
1263,射
1264,英雄
1265,不许
1266,出色
1267,死去
1268,抢
1269,仔细
1270,彼此
1271,拖
1272,尽快
1273,从未
1274,剩
1275,进展
1276,仅
1277,在乎
1278,封
1279,攻击
1280,笨蛋
1281,痛
1282,互相
1283,以来
1284,低
1285,无聊
1286,耍
1287,拯救
1288,排
1289,角色
1290,圈
1291,吻
1292,竟然
1293,冒
1294,状况
1295,狂
1296,普通
1297,傻瓜
1298,印象
1299,超级
1300,仍
1301,显示
1302,轻松
1303,无关
1304,期待
1305,某些
1306,作用
1307,紧急
1308,动物
1309,老天
1310,学生
1311,害
1312,职业
1313,城
1314,踢
1315,课
1316,权利
1317,估计
1318,正式
1319,庆祝
1320,克
1321,尊重
1322,猫
1323,刀
1324,过程
1325,瓶
1326,驾车
1327,开车
1328,难以置信
1329,自杀
1330,理
1331,心理
1332,发展
1333,说实话
1334,出生
1335,扯
1336,立刻
1337,架
1338,稍
1339,著名
1340,更加
1341,票
1342,动作
1343,冒险
1344,说谎
1345,集中
1346,老实
1347,电脑
1348,婊子
1349,见鬼
1350,惊讶
1351,地址
1352,幸福
1353,赚
1354,价值
1355,屁
1356,或是
1357,饭
1358,皮
1359,调
1360,爬
1361,便
1362,流
1363,测试
1364,引起
1365,警
1366,招
1367,相
1368,啤酒
1369,班
1370,度
1371,伤心
1372,基本
1373,取消
1374,赶快
1375,成员
1376,精彩
1377,打赌
1378,旅行
1379,式
1380,特殊
1381,毛
1382,难过
1383,付出
1384,翻
1385,跳舞
1386,抽
1387,于是
1388,接到
1389,碰到
1390,挑
1391,趟
1392,客人
1393,谈论
1394,老师
1395,压
1396,要么
1397,跟踪
1398,心情
1399,全都
1400,西
1401,女性
1402,鞋
1403,资料
1404,类
1405,咬
1406,回头
1407,传
1408,赢得
1409,中间
1410,对待
1411,失踪
1412,专家
1413,之中
1414,逮捕
1415,七
1416,演员
1417,战争
1418,吹
1419,风
1420,靠近
1421,暂时
1422,帐
1423,袭击
1424,说服
1425,吐
1426,尽量
1427,亲
1428,颜色
1429,不可思议
1430,应
1431,船
1432,灵魂
1433,名单
1434,地点
1435,桌子
1436,代价
1437,反
1438,搭
1439,早就
1440,产生
1441,为何
1442,吸引
1443,明星
1444,社会
1445,权
1446,专业
1447,演
1448,戏
1449,时光
1450,度过
1451,凶手
1452,尤其
1453,据
1454,亲自
1455,免费
1456,何
1457,不对
1458,寄
1459,举
1460,塞
1461,主要
1462,姐姐
1463,菜
1464,旧
1465,由于
1466,嘘
1467,则
1468,至
1469,嫁
1470,祈祷
1471,可惜
1472,脑
1473,乐
1474,州
1475,邻居
1476,所谓
1477,接触
1478,山
1479,鸟
1480,高中
1481,运动
1482,直
1483,条件
1484,般
1485,道理
1486,有所
1487,退
1488,请求
1489,吸
1490,原
1491,监视
1492,事业
1493,屋子
1494,提要
1495,经验
1496,到达
1497,大多数
1498,晚饭
1499,结
1500,倍
1501,一辈子
1502,称
1503,有的
1504,今年
1505,金
1506,满意
1507,俱乐部
1508,值
1509,鸡
1510,无所谓
1511,反对
1512,大部分
1513,年代
1514,加上
1515,厨房
1516,绝
1517,杀手
1518,分手
1519,裤子
1520,婚姻
1521,制造
1522,杂志
1523,厕所
1524,折磨
1525,具
1526,范围
1527,信号
1528,修
1529,报
1530,走开
1531,去世
1532,年轻人
1533,宣布
1534,今
1535,归
1536,好多
1537,爱上
1538,子弹
1539,敌人
1540,细节
1541,看法
1542,提到
1543,合
1544,银行
1545,英里
1546,而言
1547,内心
1548,鱼
1549,相处
1550,迟
1551,难以
1552,住手
1553,同性恋
1554,后悔
1555,眼睡
1556,困
1557,舞
1558,聚会
1559,共
1560,层
1561,同事
1562,唯
1563,操
1564,凭
1565,记忆
1566,指望
1567,公园
1568,表情
1569,时代
1570,小伙子
1571,摆
1572,尔
1573,关注
1574,建立
1575,响
1576,导致
1577,米
1578,地上
1579,警官
1580,表达
1581,娘
1582,逃跑
1583,极
1584,距离
1585,灯
1586,创造
1587,提出
1588,想念
1589,独自
1590,规矩
1591,脏
1592,运气
1593,爆炸
1594,客户
1595,不管怎样
1596,语
1597,恐惧
1598,墙
1599,熟悉
1600,罢了
1601,型
1602,病人
1603,录
1604,情绪
1605,报纸
1606,手术
1607,电
1608,顶
1609,掌握
1610,器
1611,雇
1612,变化
1613,午饭
1614,仅仅
1615,物
1616,速度
1617,无辜
1618,迷
1619,街上
1620,废话
1621,勇敢
1622,树
1623,节
1624,吃惊
1625,叔叔
1626,战
1627,态度
1628,满足
1629,爱情
1630,警方
1631,广告
1632,巨大
1633,地球
1634,控
1635,秀
1636,效果
1637,达
1638,欣赏
1639,忍受
1640,讲话
1641,刺激
1642,程度
1643,好看
1644,投
1645,申请
1646,卷
1647,实现
1648,不见
1649,洛杉矶
1650,部门
1651,炸
1652,弹
1653,地狱
1654,救命
1655,按照
1656,不断
1657,烤
1658,执行
1659,无论如何
1660,保险
1661,大约
1662,阿
1663,会议
1664,命运
1665,分开
1666,圣
1667,喊
1668,空气
1669,好玩
1670,受害者
1671,毕业
1672,牌
1673,释放
1674,纸
1675,骗子
1676,暴力
1677,分享
1678,练习
1679,确信
1680,不可
1681,总统
1682,展示
1683,美女
1684,之外
1685,不仅仅
1686,也就是说
1687,背叛
1688,内容
1689,胜利
1690,神秘
1691,认
1692,受不了
1693,擦
1694,怀孕
1695,优秀
1696,失陪
1697,牛
1698,挖
1699,地区
1700,环境
1701,擅长
1702,教堂
1703,婚礼
1704,方
1705,区别
1706,利
1707,当作
1708,报道
1709,表
1710,角度
1711,总之
1712,哥
1713,牺牲
1714,愤怒
1715,某人
1716,颈项
1717,脖子
1718,轻
1719,辣
1720,祝贺
1721,空间
1722,惩罚
1723,年纪
1724,闹
1725,被捕
1726,德
1727,离婚
1728,报警
1729,右
1730,左右
1731,尴尬
1732,尿
1733,追踪
1734,午餐
1735,夺
1736,有效
1737,能否
1738,借口
1739,尼
1740,规则
1741,守
1742,学会
1743,左
1744,摔
1745,需
1746,类似
1747,风格
1748,上个礼拜
1749,上周
1750,烟
1751,承受
1752,联邦
1753,法庭
1754,赶紧
1755,酒店
1756,邪恶
1757,清醒
1758,达到
1759,黑暗
1760,窗口
1761,窗户
1762,动手
1763,相同
1764,新鲜
1765,插
1766,博士
1767,思考
1768,好奇
1769,演出
1770,抱怨
1771,整天
1772,说法
1773,赌
1774,切
1775,洞
1776,省
1777,意大利
1778,清理
1779,不仅
1780,编
1781,大街
1782,鼻子
1783,过分
1784,起诉
1785,红色
1786,觉
1787,油
1788,规定
1789,协议
1790,重复
1791,坦白
1792,最佳
1793,挑战
1794,摆脱
1795,笑话
1796,证人
1797,毒品
1798,停车
1799,撒
1800,变态
1801,当成
1802,冰
1803,档案
1804,神奇
1805,观察
1806,糖
1807,罪犯
1808,背后
1809,孤独
1810,亮
1811,干掉
1812,即将
1813,猪
1814,天堂
1815,遇见
1816,在于
1817,搭档
1818,传统
1819,英国
1820,夜晚
1821,角
1822,重点
1823,放心
1824,各
1825,世上
1826,神经
1827,分析
1828,岛
1829,代
1830,法国
1831,家族
1832,接下来
1833,师
1834,注意力
1835,朱古力
1836,巧克力
1837,碎
1838,大脑
1839,你好
1840,杀害
1841,机器
1842,旅馆
1843,上学
1844,早餐
1845,哥们
1846,东
1847,抛弃
1848,小时候
1849,辈子
1850,笨
1851,美妙
1852,全世界
1853,费
1854,标准
1855,处于
1856,王
1857,格
1858,之内
1859,艰难
1860,绑架
1861,念
1862,屎
1863,做工
1864,干活
1865,小组
1866,九
1867,损失
1868,可笑
1869,蛋糕
1870,浪漫
1871,描述
1872,伙伴
1873,帽子
1874,一致
1875,教训
1876,开口
1877,坚强
1878,尸
1879,话题
1880,言
1881,开门
1882,误会
1883,蓝
1884,刺
1885,奇迹
1886,丝
1887,蓝色
1888,强大
1889,回忆
1890,的话
1891,星
1892,承诺
1893,制作
1894,理论
1895,订
1896,勇气
1897,宁愿
1898,观众
1899,作品
1900,饼
1901,味
1902,在场
1903,对象
1904,绑
1905,聊天
1906,期
1907,经
1908,谢天谢地
1909,乐队
1910,留言
1911,数字
1912,硬
1913,天气
1914,司机
1915,对手
1916,移动
1917,远离
1918,机场
1919,咯
1920,留给
1921,艺术
1922,造
1923,世纪
1924,魅力
1925,尊敬
1926,惨
1927,表明
1928,心脏
1929,干杯
1930,英尺
1931,时机
1932,法官
1933,军队
1934,商店
1935,现金
1936,摸
1937,最新
1938,餐厅
1939,肚子
1940,走运
1941,安
1942,海
1943,保佑
1944,耳朵
1945,既
1946,最好
1947,稳定
1948,假设
1949,保密
1950,战斗
1951,屋
1952,登
1953,混乱
1954,发出
1955,元
1956,女孩子
1957,信心
1958,打击
1959,贴
1960,货
1961,租
1962,好吃
1963,了不起
1964,程序
1965,第五
1966,最高
1967,天才
1968,争取
1969,案件
1970,太阳
1971,单身
1972,保
1973,一会
1974,方便
1975,指控
1976,甩
1977,化
1978,退出
1979,手段
1980,千
1981,录像
1982,成熟
1983,权力
1984,好笑
1985,女生
1986,举行
1987,瞎
1988,盖
1989,迷人
1990,隐藏
1991,哼
1992,教育
1993,到来
1994,实验室
1995,运
1996,穿过
1997,泡
1998,人人
1999,自豪
2000,击
2001,谎言
2002,转移
2003,管理
2004,名叫
2005,一团糟
2006,市
2007,皮肤
2008,存
2009,事故
2010,科学
2011,明
2012,头脑
2013,搜查
2014,年级
2015,中国
2016,打败
2017,赛
2018,女友
2019,婚
2020,热情
2021,眼前
2022,椅子
2023,好久
2024,天使
2025,拼
2026,醒来
2027,罗厘
2028,卡车
2029,婴儿
2030,毛病
2031,儿童
2032,嫉妒
2033,避免
2034,具体
2035,共同
2036,投入
2037,项目
2038,全国
2039,工具
2040,领
2041,毒
2042,印
2043,症
2044,打断
2045,盘
2046,大人
2047,布
2048,伤口
2049,幻想
2050,证实
2051,姐妹
2052,请问
2053,媒体
2054,篇
2055,痕迹
2056,重大
2057,语言
2058,没事
2059,保安
2060,埋
2061,资格
2062,符合
2063,各种
2064,奖
2065,关掉
2066,不久
2067,人家
2068,万一
2069,解雇
2070,科
2071,阳光
2072,隐瞒
2073,奶奶
2074,经理
2075,雨
2076,扇
2077,抬
2078,起码
2079,增加
2080,揍
2081,没法
2082,止
2083,分子
2084,石头
2085,主人
2086,男友
2087,签名
2088,镇
2089,面包
2090,当地
2091,应付
2092,官
2093,放手
2094,茶
2095,期望
2096,唱歌
2097,滑
2098,晕
2099,后果
2100,罗
2101,盒子
2102,怪物
2103,生存
2104,欺骗
2105,招呼
2106,前进
2107,踩
2108,说不定
2109,楼上
2110,诚实
2111,针对
2112,引
2113,采取
2114,磅
2115,扣
2116,耐心
2117,期间
2118,礼貌
2119,黑人
2120,团
2121,服
2122,持续
2123,一路
2124,全力
2125,墨西哥
2126,撑
2127,早晨
2128,供
2129,箱
2130,机构
2131,出口
2132,爆
2133,交换
2134,挡
2135,嘴里
2136,回报
2137,牙
2138,胜
2139,区域
2140,适应
2141,指纹
2142,卧室
2143,坏事
2144,解
2145,天赋
2146,将来
2147,人民
2148,英语
2149,打扮
2150,提前
2151,记者
2152,呐
2153,抢劫
2154,内部
2155,胖
2156,冒犯
2157,熟
2158,年龄
2159,保留
2160,达成
2161,骑
2162,玻璃
2163,精力
2164,所在
2165,贵
2166,巴
2167,政治
2168,支票
2169,建
2170,栋
2171,结局
2172,并非
2173,玩具
2174,恋爱
2175,陷入
2176,非法
2177,大事
2178,设备
2179,竞争
2180,扮演
2181,观点
2182,吓坏
2183,许
2184,荒谬
2185,说说
2186,左边
2187,血液
2188,稍微
2189,然而
2190,自信
2191,微笑
2192,强烈
2193,冠军
2194,员工
2195,版
2196,深刻
2197,信仰
2198,地板
2199,当中
2200,有空
2201,平
2202,对劲
2203,护士
2204,交流
2205,激情
2206,高级
2207,侦探
2208,古怪
2209,崩溃
2210,拜
2211,市场
2212,他人
2213,意味
2214,鞋子
2215,取得
2216,但愿
2217,出于
2218,以外
2219,工
2220,什么的
2221,白人
2222,滚开
2223,毕竟
2224,手指
2225,合法
2226,胡说
2227,口袋
2228,绕
2229,证
2230,公开
2231,掌
2232,炒
2233,邮件
2234,拥抱
2235,填
2236,老朋友
2237,页
2238,认出
2239,判断
2240,平静
2241,冲凉
2242,洗澡
2243,移
2244,门口
2245,级
2246,湿
2247,死者
2248,乖
2249,嘲笑
2250,娶
2251,系
2252,比如说
2253,黑色
2254,百
2255,楼下
2256,团队
2257,车子
2258,大楼
2259,渴望
2260,溜
2261,交通
2262,眼神
2263,亲密
2264,查出
2265,底下
2266,整理
2267,史
2268,饮料
2269,禁止
2270,成长
2271,每年
2272,炸弹
2273,独立
2274,陌生人
2275,医疗
2276,下班
2277,亚
2278,风险
2279,一面
2280,别无选择
2281,袋
2282,行李
2283,毫无疑问
2284,依然
2285,便宜
2286,思想
2287,网上
2288,强迫
2289,投票
2290,怎
2291,做爱
2292,悲伤
2293,伙
2294,大量
2295,完蛋
2296,治
2297,专门
2298,动机
2299,逮
2300,水平
2301,小家伙
2302,胸
2303,生病
2304,占
2305,劲
2306,防
2307,联络
2308,合理
2309,和平
2310,任
2311,国际
2312,敲
2313,坏人
2314,趁
2315,妓女
2316,逃走
2317,香
2318,选手
2319,队伍
2320,管用
2321,同情
2322,三文治
2323,三明治
2324,助手
2325,聚
2326,不止
2327,打架
2328,尖叫
2329,钱包
2330,搜索
2331,报复
2332,何时
2333,发疯
2334,关闭
2335,天生
2336,恶魔
2337,戒指
2338,板
2339,姓
2340,收集
2341,立即
2342,快要
2343,歌手
2344,镜头
2345,夏天
2346,洗手间
2347,类型
2348,挤
2349,做梦
2350,注定
2351,火车
2352,海滩
2353,信用卡
2354,箱子
2355,体
2356,吵架
2357,生物
2358,图
2359,致命
2360,穿着
2361,若
2362,判
2363,职责
2364,有着
2365,显得
2366,退后
2367,关门
2368,绝望
2369,应得
2370,铁
2371,抛
2372,建筑
2373,载
2374,心中
2375,自动
2376,至于
2377,捡
2378,强壮
2379,流血
2380,趣
2381,升
2382,想见
2383,客
2384,相关
2385,葬礼
2386,同学
2387,暗示
2388,否认
2389,背景
2390,商量
2391,财产
2392,当初
2393,松
2394,灵
2395,时期
2396,旁
2397,睡着
2398,辛苦
2399,出事
2400,裙子
2401,数据
2402,男性
2403,发表
2404,缺
2405,装置
2406,盒
2407,砍
2408,牢
2409,全新
2410,负
2411,安慰
2412,整整
2413,魔鬼
2414,苦
2415,常常
2416,看起来
2417,队员
2418,餐馆
2419,练
2420,维持
2421,贱人
2422,色
2423,震惊
2424,领导
2425,遭
2426,士兵
2427,公共
2428,料
2429,敏感
2430,全身
2431,教授
2432,闪
2433,塔
2434,投资
2435,恋
2436,大声
2437,忍
2438,批
2439,电子
2440,告
2441,会见
2442,详细
2443,药物
2444,剪
2445,列
2446,违反
2447,情报
2448,沙发
2449,追求
2450,星球
2451,文
2452,骨头
2453,即
2454,右边
2455,每周
2456,刚好
2457,匹
2458,灾难
2459,母
2460,交往
2461,即便
2462,北
2463,严格
2464,食
2465,四处
2466,不安
2467,密码
2468,奇
2469,公众
2470,起床
2471,波
2472,保重
2473,没用
2474,老鼠
2475,制服
2476,形象
2477,美味
2478,倒霉
2479,沮丧
2480,不会
2481,通话
2482,经济
2483,亲眼
2484,监控
2485,睁
2486,主题
2487,手臂
2488,胳膊
2489,跟着
2490,平常
2491,饼干
2492,老公
2493,走路
2494,讽刺
2495,纪念
2496,本身
2497,走廊
2498,拜拜
2499,可能性
2500,顺
2501,大不了
2502,谋杀案
2503,着急
2504,在意
2505,游
2506,顾客
2507,剂
2508,伸
2509,残忍
2510,其他人
2511,黄
2512,暗
2513,提议
2514,娱乐
2515,迹象
2516,完整
2517,队长
2518,兰
2519,补偿
2520,事物
2521,手下
2522,现
2523,夫
2524,警报
2525,哈哈
2526,丑
2527,仪式
2528,座位
2529,称呼
2530,以下
2531,艘
2532,驾驶
2533,逃避
2534,相反
2535,唔
2536,地图
2537,码
2538,滴
2539,技巧
2540,恶
2541,承担
2542,舞台
2543,同志
2544,舞会
2545,杂种
2546,网络
2547,评价
2548,系列
2549,偷偷
2550,合同
2551,地下
2552,遵守
2553,保守
2554,厌倦
2555,露
2556,针
2557,散
2558,明早
2559,圣诞节
2560,对话
2561,异常
2562,失
2563,蠢货
2564,日本
2565,外套
2566,熬
2567,发明
2568,白色
2569,指挥
2570,流行
2571,河
2572,南
2573,哟
2574,阶段
2575,本地
2576,具有
2577,实际
2578,称为
2579,发挥
2580,作出
2581,无数
2582,开除
2583,车祸
2584,提高
2585,偶尔
2586,乘
2587,傻子
2588,一无所知
2589,实验
2590,冲动
2591,赶到
2592,佬
2593,龙
2594,加州
2595,敬
2596,蹲
2597,恤衫
2598,衬衫
2599,肌肉
2600,经典
2601,职
2602,确切
2603,好莱坞
2604,抽烟
2605,打破
2606,随着
2607,吓人
2608,伦敦
2609,拍摄
2610,感染
2611,浴室
2612,不论
2613,友好
2614,欧洲
2615,坐牢
2616,罪名
2617,噩梦
2618,传奇
2619,雷
2620,公路
2621,绿色
2622,涂
2623,能量
2624,启动
2625,毁灭
2626,暴露
2627,股
2628,购物
2629,退休
2630,骂
2631,拜访
2632,之下
2633,准确
2634,审判
2635,割
2636,道德
2637,冰厨
2638,冰箱
2639,严肃
2640,得知
2641,哪怕
2642,爷爷
2643,基
2644,停车场
2645,礼
2646,喷
2647,大厅
2648,逗
2649,面临
2650,摧毁
2651,为此
2652,挣
2653,街区
2654,及时
2655,尝
2656,澡
2657,男生
2658,金发
2659,楼梯
2660,本人
2661,懂得
2662,宝宝
2663,情感
2664,妙
2665,魔
2666,凌晨
2667,遇
2668,心灵
2669,怀
2670,富有
2671,汤
2672,相互
2673,交谈
2674,理智
2675,名人
2676,咱
2677,胸部
2678,侮辱
2679,闯进
2680,组合
2681,发型
2682,粘
2683,瞒
2684,危机
2685,关上
2686,委员会
2687,辞职
2688,救护车
2689,沉默
2690,出门
2691,平时
2692,行事
2693,良好
2694,随意
2695,光临
2696,上课
2697,疾病
2698,脾气
2699,来着
2700,牙齿
2701,游泳
2702,主角
2703,出卖
2704,嘴巴
2705,文章
2706,吉
2707,吸毒
2708,凶
2709,患
2710,德士
2711,出租车
2712,自私
2713,等于
2714,快速
2715,鼓励
2716,进一步
2717,肥
2718,牛奶
2719,物品
2720,夫妇
2721,障碍
2722,主动
2723,到此为止
2724,隔
2725,赚钱
2726,尽可能
2727,完毕
2728,忠诚
2729,体内
2730,谎
2731,角落
2732,电梯
2733,正义
2734,喽
2735,乖乖
2736,表面
2737,材料
2738,小说
2739,可靠
2740,设
2741,远远
2742,缠
2743,形容
2744,干脆
2745,教练
2746,受害人
2747,作家
2748,进步
2749,打扫
2750,拆
2751,乐趣
2752,圣诞
2753,耶稣
2754,曲
2755,密
2756,章
2757,会面
2758,晚点
2759,寻求
2760,情人
2761,登记
2762,金属
2763,配合
2764,可悲
2765,助理
2766,功夫
2767,悲剧
2768,下手
2769,咪
2770,初
2771,拔
2772,隔壁
2773,蒙
2774,反抗
2775,找回
2776,身材
2777,托
2778,频道
2779,中午
2780,公主
2781,社区
2782,划
2783,草
2784,气氛
2785,所作所为
2786,刮
2787,困扰
2788,用来
2789,棒球
2790,模仿
2791,神圣
2792,决不
2793,肩膀
2794,与众不同
2795,心脏病
2796,量
2797,只好
2798,一时
2799,传说
2800,劝
2801,对面
2802,慢慢来
2803,之所以
2804,注射
2805,个性
2806,网
2807,经营
2808,漏
2809,小孩子
2810,哎
2811,雪
2812,国
2813,抓紧
2814,弥补
2815,熊
2816,成绩
2817,主义
2818,荒唐
2819,幅
2820,煮
2821,镜
2822,小镇
2823,商
2824,标志
2825,惊
2826,收回
2827,惊人
2828,依靠
2829,不如
2830,迟早
2831,检测
2832,地下室
2833,逃脱
2834,欲
2835,德国
2836,维
2837,部队
2838,夹
2839,足
2840,总算
2841,模特
2842,站住
2843,中央
2844,文化
2845,出席
2846,限制
2847,将军
2848,拍照
2849,音
2850,顾问
2851,对抗
2852,忘掉
2853,代替
2854,无意
2855,愿望
2856,掩护
2857,搜
2858,肮脏
2859,足以
2860,假如
2861,妞
2862,废物
2863,眼镜
2864,调整
2865,提起
2866,警察局
2867,薪水
2868,智慧
2869,香槟
2870,直觉
2871,地盘
2872,司
2873,碗
2874,善良
2875,轻易
2876,考试
2877,主管
2878,小姑娘
2879,勒
2880,袋子
2881,巧合
2882,踏
2883,人士
2884,呼
2885,威士忌
2886,女子
2887,围
2888,罐
2889,度假
2890,结论
2891,讨
2892,辩护
2893,当心
2894,小丑
2895,机密
2896,胡子
2897,商业
2898,骗人
2899,效劳
2900,巴黎
2901,服装
2902,荣誉
2903,且
2904,策划
2905,原本
2906,脆弱
2907,处境
2908,赶上
2909,展现
2910,温暖
2911,功课
2912,作业
2913,齐
2914,不准
2915,艺术家
2916,午夜
2917,绅士
2918,措施
2919,真心
2920,纹
2921,拨
2922,餐
2923,温柔
2924,感动
2925,明确
2926,有意
2927,早点
2928,善
2929,土地
2930,影
2931,指导
2932,膝盖
2933,事先
2934,内裤
2935,位子
2936,声明
2937,成就
2938,作证
2939,瘦
2940,制
2941,法院
2942,演讲
2943,人群
2944,性命
2945,喉咙
2946,人选
2947,来源
2948,宇宙
2949,台上
2950,产品
2951,戒
2952,无能为力
2953,唉
2954,圣经
2955,评论
2956,临时
2957,赶走
2958,指示
2959,好受
2960,友谊
2961,价格
2962,争
2963,理想
2964,典型
2965,癌症
2966,注
2967,骨
2968,高度
2969,利益
2970,不妙
2971,夸张
2972,着呢
2973,活力
2974,失控
2975,私下
2976,生涯
2977,糊涂
2978,非得
2979,桥
2980,获胜
2981,宗教
2982,屋顶
2983,刻
2984,缺乏
2985,拜五
2986,周五
2987,档
2988,照看
2989,怪异
2990,心跳
2991,协助
2992,孤单
2993,白天
2994,用不着
2995,芝士
2996,奶酪
2997,体验
2998,读书
2999,粉丝
3000,工厂
3001,野
3002,食品
3003,不赖
3004,预约
3005,明晚
3006,道路
3007,难受
3008,透露
3009,恕
3010,端
3011,丢脸
3012,答
3013,狗屁
3014,必
3015,原则
3016,价钱
3017,观看
3018,有用
3019,批准
3020,丢掉
3021,扔掉
3022,检察官
3023,基地
3024,全球
3025,摄像机
3026,天空
3027,职位
3028,询问
3029,精
3030,过度
3031,特工
3032,诅咒
3033,幕
3034,金钱
3035,怀念
3036,握
3037,企图
3038,声称
3039,残酷
3040,做法
3041,战士
3042,率
3043,自愿
3044,明智
3045,获
3046,上来
3047,慈善
3048,界
3049,连续
3050,免
3051,陪审团
3052,联盟
3053,摇滚
3054,卑鄙
3055,崇拜
3056,沾
3057,挣扎
3058,场合
3059,一模一样
3060,充分
3061,非洲
3062,土
3063,资金
3064,平衡
3065,检
3066,经纪人
3067,买卖
3068,说了算
3069,身后
3070,险
3071,从不
3072,歌曲
3073,前往
3074,奶
3075,拜六
3076,周六
3077,解开
3078,费用
3079,冲突
3080,私
3081,装备
3082,性格
3083,国王
3084,诺
3085,宣传
3086,形
3087,成交
3088,推荐
3089,困惑
3090,激烈
3091,狼
3092,空中
3093,黄色
3094,见识
3095,相似
3096,舞蹈
3097,保姆
3098,采访
3099,校
3100,排除
3101,签字
3102,出名
3103,印度
3104,网站
3105,大门
3106,基础
3107,力气
3108,大麻
3109,公民
3110,坏蛋
3111,祝福
3112,开会
3113,准时
3114,一阵子
3115,大道
3116,缝
3117,动力
3118,阴谋
3119,保存
3120,以上
3121,姿势
3122,钻
3123,夫妻
3124,伪装
3125,难堪
3126,包围
3127,半夜
3128,苹果
3129,杀人犯
3130,给予
3131,遭遇
3132,摇
3133,查看
3134,惹麻烦
3135,迅速
3136,学院
3137,巧
3138,可恶
3139,等下
3140,待会
3141,时尚
3142,知识
3143,软
3144,物质
3145,灵感
3146,上午
3147,除
3148,呼叫
3149,总部
3150,科学家
3151,枚
3152,易
3153,接手
3154,一向
3155,复仇
3156,优势
3157,成年人
3158,提示
3159,把握
3160,妹
3161,零
3162,桩
3163,狠
3164,碰巧
3165,犯人
3166,绿
3167,异
3168,追查
3169,尽情
3170,负担
3171,妨碍
3172,森林
3173,胡说八道
3174,小事
3175,淘汰
3176,拳
3177,剧
3178,射击
3179,课程
3180,扎
3181,胃
3182,欲望
3183,烦恼
3184,直升机
3185,症状
3186,舌头
3187,联合
3188,爆发
3189,场景
3190,违法
3191,害羞
3192,医学
3193,运动员
3194,上司
3195,迷路
3196,工资
3197,隐私
3198,取决于
3199,间谍
3200,古老
3201,骚扰
3202,许可
3203,上车
3204,忽略
3205,一阵
3206,西班牙
3207,播
3208,罪行
3209,试验
3210,公正
3211,得了
3212,一共
3213,飞行
3214,嫌犯
3215,护
3216,牧师
3217,海岸
3218,亲爱的
3219,老人
3220,雇佣
3221,收入
3222,掩盖
3223,形式
3224,宠物
3225,积极
3226,前途
3227,视
3228,功能
3229,保住
3230,哪些
3231,本事
3232,鸡蛋
3233,碎片
3234,撕
3235,豪华
3236,库
3237,斗
3238,花园
3239,衣
3240,罪恶
3241,义务
3242,抢走
3243,热爱
3244,过于
3245,丰富
3246,娃娃
3247,求婚
3248,纪录
3249,散步
3250,进攻
3251,古
3252,明年
3253,销售
3254,麦
3255,农场
3256,家长
3257,支援
3258,清白
3259,陷阱
3260,猛
3261,支付
3262,深呼吸
3263,闯
3264,矛盾
3265,双手
3266,悲惨
3267,镜子
3268,虫
3269,世
3270,色情
3271,虐待
3272,电视台
3273,旅
3274,幽默
3275,日期
3276,无比
3277,成立
3278,魔法
3279,海军
3280,手套
3281,假期
3282,相爱
3283,打交道
3284,喜剧
3285,昏迷
3286,发动
3287,堂
3288,寻
3289,过夜
3290,最初
3291,就算
3292,广播
3293,封锁
3294,教会
3295,男子
3296,煮饭
3297,做饭
3298,情形
3299,赶来
3300,吞
3301,混合
3302,画面
3303,伴
3304,猴子
3305,烫
3306,诱惑
3307,遭到
3308,路过
3309,木
3310,争吵
3311,终
3312,诗
3313,接吻
3314,染
3315,稳
3316,窗
3317,据说
3318,减少
3319,目击
3320,汗
3321,体会
3322,情节
3323,策略
3324,斗争
3325,降
3326,挑选
3327,抹
3328,举动
3329,直播
3330,考
3331,入侵
3332,稍后
3333,继承
3334,酒精
3335,倾向
3336,寻常
3337,始终
3338,涉及
3339,出局
3340,绳子
3341,沙
3342,样本
3343,汁
3344,切断
3345,如今
3346,开头
3347,转身
3348,额外
3349,各自
3350,多亏
3351,卫星
3352,纳
3353,路线
3354,闯入
3355,可疑
3356,拼命
3357,没门
3358,亲手
3359,难怪
3360,图书馆
3361,幻觉
3362,击中
3363,吼
3364,父
3365,嫌疑犯
3366,捅
3367,扶
3368,深处
3369,桌
3370,化妆
3371,新娘
3372,侧
3373,康复
3374,地面
3375,回顾
3376,诡异
3377,圆
3378,化学
3379,专心
3380,被迫
3381,证词
3382,郡
3383,工人
3384,汇报
3385,人口
3386,浑身
3387,奥
3388,奖励
3389,种族
3390,瞄准
3391,搬家
3392,街头
3393,同伴
3394,容
3395,举办
3396,脱离
3397,石
3398,字母
3399,老头
3400,协会
3401,英寸
3402,除掉
3403,基于
3404,面试
3405,消灭
3406,灰
3407,素
3408,科技
3409,裤
3410,关联
3411,堵
3412,至今
3413,款
3414,名义
3415,结合
3416,边缘
3417,差劲
3418,外表
3419,独特
3420,什
3421,体育
3422,计
3423,灯光
3424,质疑
3425,地位
3426,订婚
3427,方案
3428,早饭
3429,滋味
3430,基本上
3431,水果
3432,现代
3433,甜蜜
3434,此刻
3435,插手
3436,两者
3437,阿姨
3438,汉堡
3439,咨询
3440,集合
3441,下降
3442,亲人
3443,防止
3444,手枪
3445,点子
3446,杯子
3447,思
3448,头部
3449,笑容
3450,市长
3451,唱片
3452,喜
3453,过敏
3454,主持
3455,抚养
3456,决
3457,搬走
3458,慷慨
3459,来临
3460,士
3461,穿越
3462,幕后
3463,挽救
3464,昏
3465,数学
3466,连接
3467,如同
3468,致
3469,女王
3470,女郎
3471,刷
3472,灭
3473,立
3474,牵
3475,容忍
3476,无关紧要
3477,对了
3478,瑞
3479,性爱
3480,大伙
3481,沿着
3482,狠狠
3483,运作
3484,湖
3485,摄像头
3486,按摩
3487,地毯
3488,侵犯
3489,晃
3490,嘴唇
3491,居民
3492,平安
3493,摘
3494,不惜
3495,偶像
3496,前妻
3497,肺
3498,弃
3499,价
3500,资源
3501,全面
3502,林
3503,钉
3504,通道
3505,触
3506,建造
3507,振作
3508,姓名
3509,内疚
3510,固定
3511,称之为
3512,深入
3513,校长
3514,脚踏车
3515,自行车
3516,室友
3517,立场
3518,突破
3519,喘
3520,莫
3521,血迹
3522,术
3523,玉米
3524,审讯
3525,考验
3526,罚
3527,现象
3528,干扰
3529,羞辱
3530,迷失
3531,了结
3532,毫不
3533,上门
3534,有利
3535,贼
3536,桶
3537,喜爱
3538,告别
3539,使得
3540,皆
3541,回应
3542,将要
3543,牛仔
3544,宰
3545,皇后
3546,旅程
3547,目击者
3548,内衣
3549,有史以来
3550,发射
3551,蛇
3552,标记
3553,码头
3554,武装
3555,入口
3556,赞成
3557,设法
3558,引发
3559,陌生
3560,尺
3561,棵
3562,户
3563,酸
3564,犹太人
3565,广场
3566,胡
3567,贡献
3568,爱好
3569,回复
3570,问好
3571,收获
3572,从此
3573,忍不住
3574,好听
3575,兵
3576,视频
3577,乡村
3578,裸体
3579,解除
3580,团结
3581,社交
3582,亲戚
3583,偏
3584,良心
3585,人才
3586,加拿大
3587,扁
3588,破产
3589,播放
3590,向前
3591,场面
3592,带子
3593,舔
3594,胡扯
3595,转变
3596,住处
3597,纯粹
3598,芝加哥
3599,上场
3600,投降
3601,眼泪
3602,街道
3603,妇女
3604,授权
3605,发作
3606,爱人
3607,吊
3608,指责
3609,逃离
3610,王八
3611,组成
3612,名声
3613,乐观
3614,谨慎
3615,深深
3616,谈判
3617,军事
3618,实力
3619,弱
3620,屏幕
3621,预感
3622,失败者
3623,西装
3624,修理
3625,老天爷
3626,老是
3627,以防万一
3628,捐
3629,裸
3630,指甲
3631,酱
3632,车库
3633,家乡
3634,舌
3635,亲近
3636,着迷
3637,犹豫
3638,南方
3639,柜
3640,装饰
3641,补
3642,极度
3643,相比
3644,航班
3645,台词
3646,晚会
3647,着火
3648,天真
3649,反而
3650,评估
3651,盘子
3652,生产
3653,遭受
3654,上升
3655,艾
3656,主席
3657,流氓
3658,陷害
3659,奶油
3660,沟通
3661,旅游
3662,尽头
3663,橄榄球
3664,封面
3665,枪击
3666,基金
3667,成人
3668,克服
3669,脑海
3670,兔子
3671,沙漠
3672,大师
3673,怪人
3674,加速
3675,毙
3676,布置
3677,局面
3678,奇妙
3679,指出
3680,不足
3681,仓库
3682,腰
3683,大众
3684,敲门
3685,饱
3686,掩饰
3687,看出
3688,足球
3689,小偷
3690,佳
3691,猜测
3692,漫长
3693,烦人
3694,处在
3695,确
3696,西班牙语
3697,全家
3698,争论
3699,要不然
3700,博物馆
3701,阿门
3702,包裹
3703,领域
3704,泥
3705,不利
3706,来电
3707,牌子
3708,陷
3709,王子
3710,诉讼
3711,幸
3712,孙子
3713,欢乐
3714,出场
3715,操作
3716,业余
3717,双方
3718,数量
3719,警卫
3720,宽恕
3721,数据库
3722,高手
3723,官方
3724,例子
3725,花钱
3726,抗
3727,沉
3728,哎呀
3729,厚
3730,诊所
3731,扫描
3732,吻合
3733,返回
3734,窝
3735,小声
3736,来不及
3737,头绪
3738,矮
3739,福
3740,放屁
3741,全体
3742,意志
3743,后门
3744,听话
3745,明明
3746,竟
3747,奴隶
3748,起飞
3749,妻
3750,献
3751,做事
3752,钻石
3753,宝
3754,基因
3755,品牌
3756,公里
3757,亲吻
3758,末日
3759,发火
3760,告知
3761,降落
3762,星星
3763,秘书
3764,伪造
3765,仁慈
3766,人体
3767,参观
3768,产
3769,真诚
3770,分散
3771,逛
3772,一下子
3773,外科
3774,宴会
3775,丁
3776,然
3777,模式
3778,优雅
3779,施
3780,消除
3781,旅途
3782,来得及
3783,口音
3784,粉
3785,趴
3786,统治
3787,清单
3788,战胜
3789,小朋友
3790,鸡尾酒
3791,大型
3792,上校
3793,法语
3794,饭店
3795,领袖
3796,哭泣
3797,超越
3798,敞开
3799,维护
3800,有名
3801,预料
3802,幸好
3803,视线
3804,地步
3805,乱七八糟
3806,开火
3807,苏格兰
3808,录音
3809,燃烧
3810,翘
3811,状
3812,回归
3813,批评
3814,滚蛋
3815,疑问
3816,用于
3817,雪糕
3818,冰淇淋
3819,口味
3820,普通人
3821,走向
3822,长期
3823,强奸
3824,编辑
3825,创意
3826,牛肉
3827,袜子
3828,节奏
3829,行业
3830,征服
3831,天上
3832,例如
3833,极其
3834,每当
3835,不是
3836,俄罗斯
3837,战场
3838,公布
3839,排队
3840,原始
3841,何不
3842,怎么着
3843,赞同
3844,杆
3845,疼痛
3846,锻炼
3847,友善
3848,打搅
3849,展开
3850,舒适
3851,太空
3852,设计师
3853,糖果
3854,青
3855,星期五
3856,暂停
3857,钓
3858,分离
3859,回见
3860,开放
3861,因素
3862,留意
3863,大胆
3864,摄影师
3865,精神病
3866,写信
3867,注册
3868,实施
3869,操心
3870,手头
3871,其余
3872,一无所有
3873,迈阿密
3874,击败
3875,潜力
3876,纯
3877,定位
3878,英俊
3879,计算
3880,当年
3881,象征
3882,共事
3883,上演
3884,想像
3885,例外
3886,合伙人
3887,后退
3888,环
3889,厂
3890,旋转
3891,郁闷
3892,把戏
3893,庭
3894,收养
3895,戏剧
3896,狂欢
3897,降临
3898,发给
3899,责怪
3900,避开
3901,缺少
3902,胃口
3903,议员
3904,军
3905,希腊
3906,亿
3907,速
3908,呵
3909,主持人
3910,政策
3911,操纵
3912,设置
3913,正当
3914,各地
3915,狡猾
3916,回想
3917,忽视
3918,倒是
3919,人数
3920,终结
3921,决心
3922,玫瑰
3923,叛徒
3924,死因
3925,官员
3926,神经病
3927,穷
3928,从事
3929,困境
3930,胆小鬼
3931,枕头
3932,公
3933,失业
3934,羞耻
3935,欢呼
3936,诊断
3937,枪杀
3938,财富
3939,众
3940,装作
3941,病毒
3942,囚犯
3943,无罪
3944,夹克
3945,嫌疑人
3946,恶梦
3947,待命
3948,星期六
3949,遵命
3950,发布
3951,品
3952,挡住
3953,运用
3954,十足
3955,鉴于
3956,竞选
3957,死刑
3958,隔离
3959,团体
3960,驾
3961,倒下
3962,寂寞
3963,报仇
3964,冬天
3965,生死
3966,坚信
3967,机器人
3968,静
3969,院
3970,模型
3971,欺负
3972,酗酒
3973,患者
3974,泄露
3975,见证
3976,头疼
3977,迫不及待
3978,宝贵
3979,钓鱼
3980,使命
3981,单位
3982,出售
3983,从前
3984,着想
3985,剧本
3986,捉
3987,体重
3988,花样
3989,误解
3990,罗马
3991,决赛
3992,货车
3993,测
3994,领带
3995,永不
3996,名片
3997,弱点
3998,滑稽
3999,偶然
4000,共同点
4001,短暂
4002,评委
4003,瓶子
4004,阴影
4005,塑胶
4006,塑料
4007,凶器
4008,赌博
4009,片子
4010,劫
4011,相机
4012,帽
4013,平民
4014,约定
4015,迎接
4016,办事
4017,四周
4018,排练
4019,树林
4020,沙滩
4021,蜡烛
4022,图片
4023,扮
4024,老家伙
4025,极端
4026,位于
4027,此事
4028,胖子
4029,仔
4030,判决
4031,连环
4032,奖金
4033,无线电
4034,电池
4035,尾
4036,毛巾
4037,感冒
4038,手法
4039,信念
4040,丢人
4041,慌
4042,误
4043,想不到
4044,剑
4045,被告
4046,游泳池
4047,收看
4048,后备
4049,才华
4050,厌恶
4051,集团
4052,挥
4053,尊严
4054,果然
4055,收藏
4056,控告
4057,幢
4058,好转
4059,看待
4060,大大
4061,验尸
4062,形成
4063,披
4064,无视
4065,老大
4066,荡妇
4067,图像
4068,抵抗
4069,重建
4070,置
4071,粗
4072,命名
4073,正经
4074,从小
4075,鼓掌
4076,定义
4077,天天
4078,普
4079,钢琴
4080,演奏
4081,通讯
4082,治愈
4083,歇
4084,晒
4085,风景
4086,打包
4087,自在
4088,动静
4089,违背
4090,察觉
4091,人质
4092,保释
4093,作者
4094,艳
4095,右手
4096,客厅
4097,题
4098,液
4099,光明
4100,创伤
4101,凉
4102,拽
4103,狂热
4104,发泄
4105,聚集
4106,念头
4107,不得
4108,独一无二
4109,犹太
4110,曼哈顿
4111,预测
4112,执照
4113,伴侣
4114,业
4115,气味
4116,永恒
4117,扫
4118,船长
4119,富
4120,牛排
4121,野兽
4122,礼拜天
4123,周日
4124,清除
4125,演戏
4126,放学
4127,推测
4128,商人
4129,融入
4130,丑陋
4131,值钱
4132,厅
4133,访问
4134,手铐
4135,驾照
4136,望
4137,堕落
4138,小小
4139,碟
4140,创
4141,大小
4142,备
4143,卷入
4144,挨
4145,早安
4146,少女
4147,窒息
4148,粗鲁
4149,分别
4150,装满
4151,神父
4152,爱尔兰
4153,身份证
4154,小屋
4155,高潮
4156,弯
4157,高速
4158,遗传
4159,碰上
4160,剧院
4161,车站
4162,呵呵
4163,雇员
4164,服从
4165,卫生
4166,热烈
4167,此时
4168,其次
4169,眼光
4170,往常
4171,得分
4172,器官
4173,出版
4174,祖母
4175,老弟
4176,卡片
4177,侍应生
4178,服务员
4179,年度
4180,童年
4181,掐
4182,指引
4183,轻轻
4184,先进
4185,面具
4186,礼服
4187,沙拉
4188,没准
4189,事务
4190,丧失
4191,成千上万
4192,休
4193,领先
4194,家具
4195,搜寻
4196,冻
4197,原地
4198,路边
4199,帮手
4200,眼中
4201,逐渐
4202,羊
4203,引擎
4204,鼠
4205,车辆
4206,海边
4207,赐
4208,解脱
4209,降低
4210,惊奇
4211,情景
4212,黄金
4213,果汁
4214,友
4215,痕
4216,损伤
4217,安息
4218,尖
4219,接通
4220,审问
4221,叫醒
4222,相遇
4223,招待
4224,说来话长
4225,森
4226,大海
4227,贷款
4228,同伙
4229,侄子
4230,恤
4231,按钮
4232,住嘴
4233,减
4234,购买
4235,通往
4236,珍贵
4237,取代
4238,项链
4239,耳
4240,晓得
4241,硬币
4242,首席
4243,代理
4244,文明
4245,亲生
4246,线路
4247,刻薄
4248,报酬
4249,论
4250,实话实说
4251,除此之外
4252,以便
4253,日记
4254,发送
4255,电台
4256,鸡肉
4257,房租
4258,渣
4259,禁
4260,少年
4261,折
4262,洒
4263,铺
4264,概念
4265,闷
4266,呈
4267,棕色
4268,过世
4269,谎话
4270,人性
4271,这时
4272,当真
4273,心思
4274,棘手
4275,幸存者
4276,珠宝
4277,手表
4278,轿车
4279,恐慌
4280,搅
4281,培养
4282,走过
4283,等到
4284,吉他
4285,录像带
4286,双胞胎
4287,星期天
4288,懦夫
4289,小费
4290,宽
4291,较
4292,交叉
4293,专
4294,吓唬
4295,无知
4296,一早
4297,基督
4298,市民
4299,暴
4300,抽屉
4301,赞美
4302,拦
4303,饶
4304,本能
4305,咋
4306,助
4307,独
4308,清洁
4309,携带
4310,焦虑
4311,预定
4312,带领
4313,甩掉
4314,语气
4315,老远
4316,锁定
4317,合约
4318,下巴
4319,特征
4320,提升
4321,难忘
4322,露出
4323,万岁
4324,篮球
4325,未婚妻
4326,鸽子
4327,瘾君子
4328,鼓
4329,串
4330,下落
4331,发觉
4332,程
4333,打招呼
4334,递给
4335,事务所
4336,西部
4337,香烟
4338,结尾
4339,负责人
4340,打动
4341,扔下
4342,没错
4343,居住
4344,纠缠
4345,安心
4346,貌似
4347,委托
4348,教师
4349,上台
4350,木头
4351,新人
4352,结构
4353,迷惑
4354,前门
4355,成果
4356,适当
4357,长久
4358,以往
4359,耽误
4360,黑帮
4361,党
4362,召唤
4363,调情
4364,瞬间
4365,级别
4366,学位
4367,添
4368,奋斗
4369,有力
4370,清晰
4371,脸色
4372,鬼魂
4373,啰
4374,作案
4375,安全带
4376,赞
4377,温度
4378,垮
4379,磨
4380,前任
4381,花费
4382,乘客
4383,犬
4384,创作
4385,附
4386,伏特
4387,勾引
4388,软弱
4389,拿下
4390,取笑
4391,垫
4392,料到
4393,热狗
4394,海洋
4395,野蛮
4396,卡住
4397,院子
4398,接收
4399,享用
4400,下场
4401,移民
4402,贿赂
4403,休假
4404,嫌疑
4405,意愿
4406,品味
4407,自身
4408,赋予
4409,歪
4410,工程
4411,追捕
4412,后院
4413,挪
4414,市中心
4415,干涉
4416,珍惜
4417,阁下
4418,外星人
4419,专辑
4420,扭
4421,依
4422,妄想
4423,谣言
4424,接管
4425,引导
4426,呗
4427,俄国
4428,航空
4429,出庭
4430,机票
4431,押
4432,预备
4433,香肠
4434,雇用
4435,点心
4436,遗忘
4437,南部
4438,忠实
4439,伊拉克
4440,法医
4441,脱衣舞
4442,果
4443,壮
4444,呕吐
4445,含
4446,修改
4447,人间
4448,传达
4449,持
4450,地铁
4451,签署
4452,匹配
4453,陈述
4454,躲避
4455,恐吓
4456,手腕
4457,圈套
4458,马路
4459,付给
4460,气色
4461,不光
4462,手脚
4463,护照
4464,官司
4465,故障
4466,落后
4467,扳机
4468,握手
4469,抵达
4470,悲哀
4471,低调
4472,没收
4473,无疑
4474,今后
4475,知名
4476,模糊
4477,波士顿
4478,唇
4479,投诉
4480,颈
4481,浴缸
4482,赞助
4483,撤
4484,头痛
4485,罩
4486,逻辑
4487,失误
4488,虚构
4489,风趣
4490,制定
4491,宁可
4492,警惕
4493,主任
4494,军人
4495,健身
4496,未婚夫
4497,作战
4498,超市
4499,寸
4500,跌倒
4501,摔倒
4502,誓
4503,含义
4504,骑士
4505,馅饼
4506,当晚
4507,青少年
4508,雾
4509,不要紧
4510,光荣
4511,思维
4512,来讲
4513,肚
4514,要不
4515,捣乱
4516,带有
4517,摄影
4518,细胞
4519,工作室
4520,坟墓
4521,可乐
4522,司法
4523,等候
4524,贪婪
4525,缩小
4526,别处
4527,各个
4528,超人
4529,植物
4530,酒鬼
4531,用品
4532,今日
4533,春天
4534,拘留
4535,巡逻
4536,分裂
4537,婆
4538,贱
4539,赐予
4540,厌烦
4541,多余
4542,乔
4543,指挥官
4544,大夫
4545,贝
4546,预算
4547,标
4548,监禁
4549,安装
4550,认定
4551,一流
4552,头号
4553,反击
4554,标签
4555,渐渐
4556,不怕
4557,顾
4558,城堡
4559,嗑
4560,恶作剧
4561,盐
4562,届
4563,噪音
4564,焦
4565,细
4566,憎恨
4567,怒
4568,需求
4569,模样
4570,专注
4571,之上
4572,好日子
4573,本质
4574,勒索
4575,企业
4576,服务生
4577,撤销
4578,无家可归
4579,问候
4580,待遇
4581,获取
4582,恶意
4583,兹
4584,造型
4585,汽油
4586,守卫
4587,祷告
4588,屠杀
4589,谜
4590,尾巴
4591,星期一
4592,指定
4593,小型
4594,终身
4595,顺序
4596,正直
4597,优先
4598,补充
4599,目睹
4600,从头
4601,同一
4602,演唱
4603,兮
4604,高尔夫
4605,服用
4606,马桶
4607,解放
4608,认得
4609,灌
4610,仿佛
4611,牵扯
4612,肉体
4613,传言
4614,精确
4615,紧紧
4616,加强
4617,行踪
4618,潜在
4619,上尉
4620,漫画
4621,指令
4622,香水
4623,账户
4624,链
4625,前科
4626,羞愧
4627,诞生
4628,吸引力
4629,超出
4630,轮胎
4631,报应
4632,宗
4633,笔记本
4634,执法
4635,镇定
4636,安全感
4637,焦点
4638,死人
4639,杰
4640,中尉
4641,选举
4642,华
4643,牢房
4644,荣耀
4645,质量
4646,男士
4647,离去
4648,凑
4649,消
4650,胜过
4651,吩咐
4652,高尚
4653,称作
4654,庆幸
4655,爵士
4656,睡眠
4657,兼
4658,召集
4659,无情
4660,介入
4661,着手
4662,倒数
4663,商场
4664,亚洲
4665,检验
4666,保卫
4667,发言
4668,账单
4669,道别
4670,张开
4671,开工
4672,行不通
4673,阻碍
4674,怪不得
4675,节日
4676,歌词
4677,保镖
4678,战术
4679,打仗
4680,魔力
4681,戳
4682,薯条
4683,左手
4684,上网
4685,走人
4686,挽回
4687,复活
4688,女神
4689,英
4690,骨折
4691,终点
4692,震撼
4693,输入
4694,相符
4695,大战
4696,首要
4697,出自
4698,当事人
4699,欧
4700,泰
4701,族
4702,周年
4703,中学
4704,拜二
4705,周二
4706,心理学
4707,拳头
4708,顶级
4709,面子
4710,廉价
4711,陪伴
4712,善于
4713,局长
4714,消防
4715,收音机
4716,呦
4717,蜜月
4718,版本
4719,开场
4720,学期
4721,形状
4722,诺言
4723,浓
4724,依赖
4725,发抖
4726,勉强
4727,火灾
4728,银
4729,摩
4730,佛罗里达
4731,典礼
4732,下载
4733,播出
4734,宿
4735,山上
4736,设施
4737,成分
4738,拖延
4739,圈子
4740,数目
4741,幼稚
4742,炫耀
4743,处置
4744,预言
4745,厨师
4746,口香糖
4747,传播
4748,无效
4749,毯子
4750,影子
4751,杰出
4752,回避
4753,天下
4754,指向
4755,低估
4756,掏
4757,随后
4758,前来
4759,碰头
4760,打发
4761,门外
4762,随身
4763,精心
4764,吸血鬼
4765,卧底
4766,老爹
4767,毒贩
4768,营
4769,巴士
4770,公车
4771,急救
4772,装修
4773,非凡
4774,脱身
4775,每人
4776,有限
4777,眼睁睁
4778,环节
4779,游行
4780,靴子
4781,抗议
4782,处女
4783,香蕉
4784,薄
4785,传递
4786,逍遥法外
4787,供应
4788,显
4789,肩
4790,日常
4791,贴心
4792,完了
4793,目光
4794,走着瞧
4795,飞行员
4796,拉斯维加斯
4797,国会
4798,暖
4799,侵入
4800,守护
4801,仇恨
4802,云
4803,傲慢
4804,亲热
4805,局势
4806,当天
4807,坚定
4808,坦诚
4809,摩托车
4810,外遇
4811,影片
4812,嚼
4813,就绪
4814,煎
4815,意图
4816,玩弄
4817,打住
4818,独处
4819,要命
4820,印第安
4821,韩国
4822,村
4823,撤退
4824,风暴
4825,医师
4826,月亮
4827,计算机
4828,翅膀
4829,口径
4830,减肥
4831,证件
4832,上衣
4833,赔
4834,点燃
4835,均
4836,形势
4837,知觉
4838,面对面
4839,大吃一惊
4840,白宫
4841,荣
4842,祖父
4843,防御
4844,展
4845,病情
4846,锅
4847,跪
4848,一块
4849,市区
4850,未知
4851,体贴
4852,重视
4853,过错
4854,总共
4855,恰好
4856,大赛
4857,虫子
4858,帝国
4859,鹿
4860,镇子
4861,修复
4862,催
4863,痒
4864,菜单
4865,倾听
4866,法子
4867,多数
4868,持有
4869,严厉
4870,永久
4871,感人
4872,途中
4873,好些
4874,部落
4875,棺材
4876,八卦
4877,论文
4878,前夫
4879,匿名
4880,备用
4881,小学
4882,选中
4883,熏
4884,提问
4885,途径
4886,救援
4887,隧道
4888,股票
4889,牙医
4890,马铃薯
4891,土豆
4892,登场
4893,勾
4894,呈现
4895,无耻
4896,恶化
4897,胸口
4898,扭曲
4899,面孔
4900,出错
4901,上路
4902,很难说
4903,疗法
4904,机械
4905,污染
4906,跪下
4907,医
4908,誓言
4909,改造
4910,已婚
4911,放大
4912,阅读
4913,升级
4914,外国
4915,引诱
4916,减轻
4917,激怒
4918,后台
4919,吸烟
4920,逊
4921,妆
4922,识别
4923,争执
4924,妥协
4925,夜里
4926,躲开
4927,抱抱
4928,分配
4929,本性
4930,转转
4931,奉献
4932,牵涉
4933,情愿
4934,请便
4935,甲
4936,火焰
4937,歌唱
4938,结案
4939,业务
4940,摆平
4941,正面
4942,发脾气
4943,唠叨
4944,与此同时
4945,单纯
4946,从中
4947,难关
4948,疑犯
4949,永
4950,护理
4951,柜子
4952,清洗
4953,急事
4954,举止
4955,场所
4956,侠
4957,住院
4958,评判
4959,秩序
4960,拦住
4961,青春
4962,无限
4963,渴
4964,男女
4965,不良
4966,扩大
4967,相对
4968,传染
4969,废
4970,淹死
4971,讲述
4972,大腿
4973,跨
4974,榜样
4975,复制
4976,传送
4977,管道
4978,蔬菜
4979,难度
4980,卫生间
4981,表格
4982,蹦
4983,哄
4984,探索
4985,终止
4986,命中
4987,保管
4988,出路
4989,特定
4990,胜任
4991,营地
4992,忏悔
4993,假释
4994,孤儿
4995,大厦
4996,肥皂
4997,车牌
4998,打倒
4999,语音
5000,鲜血
5001,往后
5002,压抑
5003,信箱
5004,改进
5005,闲
5006,自称
5007,多年
5008,大哥
5009,打球
5010,夏威夷
5011,纸条
5012,管子
5013,别墅
5014,捏
5015,尿布
5016,质
5017,仍旧
5018,丢失
5019,扑
5020,致死
5021,生理
5022,改善
5023,脚下
5024,猜想
5025,前提
5026,陈
5027,边境
5028,掌声
5029,败
5030,封闭
5031,极限
5032,发音
5033,无礼
5034,蠢事
5035,羡慕
5036,看好
5037,常见
5038,丝毫
5039,核
5040,小鬼
5041,赌注
5042,短裤
5043,底线
5044,乡下
5045,职员
5046,国内
5047,访
5048,分心
5049,固执
5050,活该
5051,揭晓
5052,炸药
5053,条子
5054,仆人
5055,赔偿
5056,登陆
5057,提取
5058,文字
5059,撒尿
5060,男孩子
5061,遥远
5062,渡过
5063,常规
5064,何处
5065,可信
5066,要紧
5067,传来
5068,认罪
5069,人格
5070,发光
5071,睡衣
5072,胶
5073,伤亡
5074,应当
5075,打工
5076,电视机
5077,胆
5078,耻辱
5079,属
5080,缺点
5081,身子
5082,担任
5083,幸存
5084,此外
5085,番
5086,求助
5087,自责
5088,血压
5089,娘娘腔
5090,计时
5091,拜四
5092,周四
5093,房屋
5094,杀戮
5095,怜悯
5096,行程
5097,长相
5098,恰当
5099,引爆
5100,作弊
5101,拖车
5102,阵
5103,电视剧
5104,物理
5105,客房
5106,乳
5107,公子
5108,开发
5109,平等
5110,采用
5111,空白
5112,冷酷
5113,虚弱
5114,纠正
5115,露面
5116,反复
5117,叶
5118,跑步
5119,循环
5120,纯洁
5121,无能
5122,门锁
5123,欢
5124,强调
5125,借用
5126,博
5127,汉
5128,候选人
5129,总裁
5130,课室
5131,教室
5132,怪胎
5133,引用
5134,强硬
5135,经受
5136,就此
5137,闪电
5138,丛林
5139,朵
5140,校园
5141,脚趾
5142,偏见
5143,监督
5144,好友
5145,设定
5146,一同
5147,剥夺
5148,不但
5149,包含
5150,参赛
5151,豆
5152,雪茄
5153,额
5154,起立
5155,推销
5156,激励
5157,体力
5158,时髦
5159,名誉
5160,顺着
5161,生来
5162,报答
5163,认可
5164,余地
5165,说笑
5166,请客
5167,进出
5168,是非
5169,刹车
5170,刀子
5171,毛衣
5172,青年
5173,季节
5174,嘉宾
5175,推迟
5176,和谐
5177,离谱
5178,鬼混
5179,绳
5180,金色
5181,葡萄酒
5182,核心
5183,自尊
5184,住所
5185,占据
5186,崭新
5187,认同
5188,免得
5189,治安
5190,球队
5191,时装
5192,百老汇
5193,曲子
5194,写作
5195,假发
5196,浴
5197,定罪
5198,英文
5199,统计
5200,打听
5201,平均
5202,目的地
5203,乱动
5204,去掉
5205,实
5206,愁
5207,大喊大叫
5208,正事
5209,人心
5210,昂贵
5211,整夜
5212,当面
5213,皇家
5214,信封
5215,脉搏
5216,真人
5217,曝光
5218,偷窃
5219,高贵
5220,洗手
5221,北部
5222,日程
5223,几率
5224,教导
5225,过时
5226,分成
5227,垒
5228,大会
5229,谷
5230,财务
5231,挖掘
5232,过量
5233,上瘾
5234,解散
5235,解救
5236,通向
5237,闪亮
5238,老家
5239,加快
5240,不满
5241,来回
5242,活跃
5243,夸奖
5244,起初
5245,音乐会
5246,遗产
5247,臀部
5248,大块头
5249,使劲
5250,飘
5251,随机
5252,束
5253,捞
5254,好比
5255,用心
5256,涉嫌
5257,憋
5258,幽默感
5259,过人
5260,两边
5261,烂摊子
5262,活生生
5263,停留
5264,李
5265,蜘蛛
5266,民
5267,演唱会
5268,日落
5269,仪器
5270,宣誓
5271,出狱
5272,驱逐
5273,病房
5274,光线
5275,浅
5276,有毒
5277,杰作
5278,依旧
5279,办到
5280,比方
5281,显而易见
5282,修女
5283,晚宴
5284,神话
5285,预见
5286,战略
5287,铐
5288,担保
5289,英勇
5290,犯法
5291,屈服
5292,发狂
5293,好意
5294,没戏
5295,中途
5296,一部分
5297,再也
5298,自以为是
5299,丹
5300,可卡因
5301,埃及
5302,盗窃
5303,运行
5304,收据
5305,血管
5306,童话
5307,开启
5308,爱河
5309,仗
5310,甚
5311,一无所获
5312,挑起
5313,万分
5314,麦克
5315,球员
5316,捐赠
5317,贵族
5318,撤离
5319,凶杀
5320,纤维
5321,仪
5322,梦见
5323,残
5324,古董
5325,拜一
5326,周一
5327,集体
5328,吸收
5329,透过
5330,富翁
5331,安定
5332,近来
5333,知情
5334,诱人
5335,为难
5336,碰面
5337,当场
5338,难得
5339,极大
5340,参议员
5341,弗
5342,董事会
5343,港
5344,元素
5345,争夺
5346,发烧
5347,架子
5348,腐烂
5349,推进
5350,苏打
5351,制止
5352,华丽
5353,预计
5354,罕见
5355,火鸡
5356,福利
5357,也好
5358,包装
5359,注视
5360,单子
5361,轨道
5362,暗杀
5363,微
5364,资助
5365,诗人
5366,草坪
5367,丑闻
5368,挣钱
5369,气息
5370,差别
5371,答复
5372,懒
5373,裹
5374,辞
5375,转告
5376,祸
5377,索
5378,电力
5379,管理员
5380,必需
5381,出走
5382,忠
5383,高跟鞋
5384,举手
5385,甜美
5386,同情心
5387,预
5388,下车
5389,心碎
5390,责备
5391,军官
5392,感应
5393,恐
5394,税
5395,急诊室
5396,运输
5397,工程师
5398,闪开
5399,情侣
5400,下令
5401,双重
5402,口信
5403,精英
5404,保障
5405,势力
5406,抗拒
5407,收费
5408,协调
5409,缘故
5410,拉开
5411,恶劣
5412,功劳
5413,上下
5414,作风
5415,温馨
5416,保险箱
5417,威
5418,新泽西
5419,彩
5420,竞赛
5421,援助
5422,工业
5423,性生活
5424,发行
5425,烤肉
5426,债
5427,国外
5428,遗弃
5429,缺陷
5430,运转
5431,私事
5432,出差
5433,优点
5434,加倍
5435,外出
5436,纪念品
5437,早期
5438,信赖
5439,不至于
5440,厨
5441,瓦
5442,鼻
5443,民主
5444,毒药
5445,伤痕
5446,衬衣
5447,软件
5448,抉择
5449,发掘
5450,让开
5451,东部
5452,埋葬
5453,盛大
5454,秋天
5455,履行
5456,比喻
5457,按时
5458,嫌
5459,拿手
5460,另一方面
5461,球场
5462,帐篷
5463,罐子
5464,渡
5465,转换
5466,部位
5467,妥
5468,取出
5469,横
5470,破裂
5471,肿
5472,少数
5473,反映
5474,倾诉
5475,早已
5476,蝙蝠
5477,狮子
5478,会议室
5479,巨人
5480,异性
5481,头盔
5482,中毒
5483,癖
5484,巨
5485,畜生
5486,大衣
5487,水管
5488,泄漏
5489,制度
5490,损坏
5491,跟随
5492,分辨
5493,伸出
5494,无权
5495,得意
5496,境地
5497,帮派
5498,幽灵
5499,枪支
5500,坑
5501,镇静
5502,打碎
5503,床单
5504,交出
5505,上级
5506,广
5507,尺寸
5508,片刻
5509,熟人
5510,举起
5511,委托人
5512,佛
5513,老虎
5514,买家
5515,源
5516,瑞士
5517,小鸟
5518,手册
5519,紫色
5520,键
5521,唤醒
5522,邮
5523,公事
5524,面部
5525,心烦
5526,宣称
5527,垃圾桶
5528,顽固
5529,往事
5530,编造
5531,往往
5532,朝着
5533,悬
5534,伴随
5535,鲨鱼
5536,童
5537,麦克风
5538,伤疤
5539,暖和
5540,虔诚
5541,新生
5542,立马
5543,听从
5544,各种各样
5545,亲口
5546,陛下
5547,巴西
5548,会员
5549,阴
5550,笼子
5551,奖品
5552,主妇
5553,钞票
5554,星期二
5555,苍蝇
5556,牛油
5557,黄油
5558,生长
5559,恶棍
5560,星期四
5561,崩
5562,实情
5563,安置
5564,阻挡
5565,拿到
5566,以至于
5567,无力
5568,强行
5569,都会
5570,虎
5571,怪兽
5572,马戏团
5573,影像
5574,鉴定
5575,培训
5576,场地
5577,您好
5578,迷恋
5579,用力
5580,会合
5581,共享
5582,掺
5583,何况
5584,竭尽全力
5585,自找
5586,与否
5587,空军
5588,鸭子
5589,氧气
5590,不明
5591,军方
5592,北方
5593,中断
5594,坠入
5595,涨
5596,揭露
5597,出手
5598,亡
5599,上钩
5600,截
5601,复
5602,得出
5603,丧命
5604,预期
5605,哈罗
5606,呜
5607,梦幻
5608,频率
5609,维修
5610,魂
5611,肤色
5612,致敬
5613,忽然
5614,跌
5615,替代
5616,兜
5617,厌
5618,得逞
5619,魔术
5620,石油
5621,勇士
5622,听证会
5623,轮椅
5624,布鲁克林
5625,真理
5626,证物
5627,旗
5628,贩毒
5629,家园
5630,开庭
5631,首都
5632,护送
5633,酒后
5634,饥饿
5635,身高
5636,散钱
5637,零钱
5638,全力以赴
5639,袭
5640,加班
5641,入睡
5642,藏身
5643,一塌糊涂
5644,归来
5645,折腾
5646,部长
5647,旧金山
5648,时空
5649,宾馆
5650,门票
5651,铃
5652,阁楼
5653,麻醉
5654,墓地
5655,通信
5656,终极
5657,电线
5658,流浪
5659,前方
5660,液体
5661,脚步
5662,偷看
5663,上楼
5664,澄清
5665,担忧
5666,话说
5667,密切
5668,眼熟
5669,以免
5670,偶
5671,哈佛
5672,游艇
5673,枪声
5674,裁决
5675,电源
5676,集会
5677,灰色
5678,自卫
5679,飙
5680,突出
5681,出示
5682,奏效
5683,升起
5684,嘿嘿
5685,倾
5686,退缩
5687,惊吓
5688,此时此刻
5689,家门
5690,对比
5691,好心
5692,事态
5693,看成
5694,东京
5695,纳粹
5696,裁判
5697,和解
5698,骗局
5699,自首
5700,浮
5701,艺术品
5702,求救
5703,加利福尼亚
5704,脚踝
5705,破案
5706,谋杀罪
5707,心意
5708,利润
5709,避
5710,沉重
5711,一级
5712,权威
5713,越过
5714,体现
5715,海盗
5716,马克
5717,帕
5718,西雅图
5719,实习
5720,蛋蛋
5721,药品
5722,民众
5723,砰
5724,村庄
5725,猎
5726,遇害
5727,背包
5728,穷人
5729,城镇
5730,房地产
5731,照相
5732,监视器
5733,融化
5734,猎物
5735,学费
5736,条款
5737,房产
5738,后背
5739,拐
5740,危害
5741,后座
5742,安宁
5743,追逐
5744,休想
5745,溜走
5746,柔软
5747,体面
5748,得以
5749,坏话
5750,难题
5751,占用
5752,模
5753,探长
5754,古巴
5755,火箭
5756,泳池
5757,丫头
5758,星期三
5759,烧烤
5760,失常
5761,特权
5762,小伙
5763,捆
5764,无敌
5765,传真
5766,瘫痪
5767,此地
5768,羞
5769,言语
5770,悄悄
5771,具备
5772,构成
5773,传出
5774,不得了
5775,放过
5776,正要
5777,拳击
5778,隆
5779,柠檬
5780,尊
5781,豪
5782,技能
5783,轰
5784,靓
5785,岗位
5786,末
5787,下雨
5788,束缚
5789,夸
5790,惊慌
5791,运送
5792,传闻
5793,鬼话
5794,至关重要
5795,像样
5796,众多
5797,可言
5798,热线
5799,夜总会
5800,大火
5801,国土
5802,寡妇
5803,裔
5804,文学
5805,衰
5806,劳
5807,财政
5808,贱货
5809,言论
5810,步行
5811,记号
5812,罪案
5813,各就各位
5814,虽
5815,老式
5816,深夜
5817,先前
5818,大惊小怪
5819,来看
5820,直言
5821,宫
5822,大便
5823,血统
5824,动脉
5825,信件
5826,赎
5827,占领
5828,冰块
5829,重量
5830,转向
5831,祈求
5832,禽兽
5833,入狱
5834,溅
5835,告发
5836,破烂
5837,出入
5838,支撑
5839,想象力
5840,含有
5841,大钱
5842,暴躁
5843,规模
5844,匆忙
5845,晋级
5846,己
5847,物体
5848,出租
5849,审
5850,劳驾
5851,抑郁
5852,中弹
5853,撬
5854,敌
5855,家属
5856,视觉
5857,剂量
5858,接待
5859,抬头
5860,裂
5861,惹火
5862,存活
5863,在座
5864,闻到
5865,起见
5866,德克萨斯
5867,奖学金
5868,流浪汉
5869,笔记
5870,警戒
5871,疑
5872,巨星
5873,贩卖
5874,嚷嚷
5875,顶尖
5876,外界
5877,异议
5878,精灵
5879,朗
5880,遗嘱
5881,村子
5882,出价
5883,领养
5884,私家
5885,燃料
5886,模拟
5887,海报
5888,粒
5889,冷气
5890,空调
5891,墙壁
5892,特色
5893,发起
5894,牵连
5895,胡闹
5896,迟钝
5897,初步
5898,半辈子
5899,风声
5900,鹰
5901,猎人
5902,动物园
5903,港口
5904,头衔
5905,太平洋
5906,高层
5907,瘾
5908,筒
5909,台阶
5910,粉色
5911,恩怨
5912,查明
5913,当局
5914,增长
5915,宁静
5916,靠边
5917,漏洞
5918,依据
5919,无助
5920,特点
5921,不已
5922,冲浪
5923,浪
5924,辩
5925,介
5926,乘坐
5927,单词
5928,幻
5929,老太太
5930,肋骨
5931,野餐
5932,亦
5933,强制
5934,地带
5935,眼下
5936,规律
5937,鼓舞
5938,挑剔
5939,来往
5940,心底
5941,佩服
5942,损害
5943,统统
5944,可行
5945,大多
5946,充足
5947,移植
5948,狱
5949,箭
5950,马车
5951,代码
5952,湾
5953,徽章
5954,弟兄
5955,道具
5956,歧视
5957,姐
5958,测验
5959,医学院
5960,祖国
5961,棍子
5962,删
5963,聋
5964,签约
5965,天分
5966,现身
5967,效力
5968,消化
5969,对准
5970,看样子
5971,胆子
5972,飞过
5973,说服力
5974,卡拉
5975,网球
5976,报导
5977,老二
5978,花生
5979,滑雪
5980,气球
5981,进化
5982,刑事
5983,火花
5984,平凡
5985,办案
5986,兑现
5987,席
5988,偿还
5989,伤感
5990,似
5991,观念
5992,递
5993,从而
5994,成天
5995,散发
5996,年头
5997,伯
5998,大象
5999,剥
6000,峡谷
6001,乳房
6002,会计
6003,相片
6004,打斗
6005,血腥
6006,征兆
6007,监听
6008,诱饵
6009,选出
6010,激进
6011,喝茶
6012,邀
6013,抗争
6014,恼火
6015,否定
6016,热门
6017,瞎说
6018,冒昧
6019,谋
6020,圣诞老人
6021,飞船
6022,能源
6023,堡
6024,海上
6025,走私
6026,画家
6027,采
6028,销毁
6029,副作用
6030,窗帘
6031,光芒
6032,天花板
6033,找寻
6034,心爱
6035,终生
6036,改天
6037,找麻烦
6038,激发
6039,歉意
6040,赌场
6041,细菌
6042,化妆品
6043,健身房
6044,磕
6045,塌
6046,收买
6047,到位
6048,哲学
6049,点火
6050,身亡
6051,忠告
6052,突发
6053,特意
6054,一无是处
6055,人情
6056,王国
6057,下水道
6058,皮带
6059,资产
6060,漆
6061,西方
6062,众人
6063,柜台
6064,合格
6065,覆盖
6066,通缉
6067,吸取
6068,辨认
6069,何必
6070,搜集
6071,口气
6072,破碎
6073,乱跑
6074,痛快
6075,越南
6076,议会
6077,选票
6078,卫
6079,洋葱
6080,演示
6081,加密
6082,出血
6083,开战
6084,志愿者
6085,男子汉
6086,殴打
6087,办公
6088,游荡
6089,中部
6090,住址
6091,个子
6092,自大
6093,影响力
6094,袖手旁观
6095,外加
6096,称职
6097,琢磨
6098,总结
6099,用处
6100,仙
6101,队友
6102,着陆
6103,寿
6104,上诉
6105,疏散
6106,露营
6107,冰激凌
6108,处方
6109,侄女
6110,火腿
6111,性关系
6112,钟头
6113,扩散
6114,车道
6115,胆量
6116,盼
6117,自负
6118,卸
6119,现状
6120,好不容易
6121,防守
6122,蝴蝶
6123,拉丁
6124,赖
6125,猴
6126,纪念日
6127,召
6128,牛仔裤
6129,镇静剂
6130,猪头
6131,通告
6132,高速公路
6133,团聚
6134,废弃
6135,滥用
6136,重罪
6137,脸蛋
6138,可耻
6139,共识
6140,饭碗
6141,更为
6142,动用
6143,有幸
6144,围绕
6145,忙碌
6146,透顶
6147,革命
6148,岩石
6149,切除
6150,麻
6151,筹码
6152,大陆
6153,草莓
6154,暑假
6155,水手
6156,气体
6157,电击
6158,激光
6159,油站
6160,加油站
6161,关照
6162,义
6163,炸掉
6164,妇
6165,抖
6166,碍
6167,眼皮
6168,轻微
6169,过不去
6170,久等
6171,未经
6172,上头
6173,百分之百
6174,雷达
6175,钩
6176,烟雾
6177,凶杀案
6178,鲜花
6179,有请
6180,烧毁
6181,过失
6182,示范
6183,眼球
6184,景色
6185,尽力而为
6186,看作
6187,养活
6188,终究
6189,来得
6190,海洛因
6191,扑克
6192,宿舍
6193,伏
6194,攻
6195,阳台
6196,信徒
6197,诡计
6198,演说
6199,民族
6200,听众
6201,爆米花
6202,诈骗
6203,功
6204,万能
6205,大学生
6206,货物
6207,衣橱
6208,抄
6209,势
6210,悲痛
6211,探望
6212,浇
6213,召开
6214,艰苦
6215,营养
6216,装扮
6217,一瞬间
6218,堵住
6219,追寻
6220,反常
6221,急需
6222,费城
6223,肿瘤
6224,金子
6225,哩
6226,艺
6227,堪
6228,裙
6229,救世主
6230,导师
6231,服役
6232,照相机
6233,黎明
6234,战役
6235,眉毛
6236,世人
6237,海里
6238,扯淡
6239,警车
6240,占有
6241,那会
6242,恳求
6243,姿态
6244,嫩
6245,管闲事
6246,上星期
6247,煎熬
6248,在内
6249,来信
6250,筹
6251,看守
6252,瓜
6253,宪法
6254,干酪
6255,逃犯
6256,片段
6257,口供
6258,大地
6259,海湾
6260,衣柜
6261,休息室
6262,松开
6263,眉
6264,恋人
6265,大餐
6266,出动
6267,专用
6268,品尝
6269,能耐
6270,到场
6271,手续
6272,童子军
6273,俄
6274,星际
6275,骑马
6276,勃
6277,性骚扰
6278,隐形
6279,哥伦比亚
6280,打猎
6281,火力
6282,剃
6283,烧伤
6284,招供
6285,空手
6286,莓
6287,腐败
6288,住口
6289,缩
6290,友情
6291,扰乱
6292,兜风
6293,胆小
6294,结实
6295,严
6296,莫名其妙
6297,耽搁
6298,光彩
6299,置于
6300,至极
6301,不怎么
6302,地震
6303,赛季
6304,统一
6305,化验
6306,忧郁
6307,棍
6308,政客
6309,后援
6310,圣人
6311,拧
6312,独家
6313,色彩
6314,亵渎
6315,热水
6316,怨恨
6317,怨
6318,饮食
6319,偷听
6320,推翻
6321,威力
6322,绝妙
6323,敬意
6324,热闹
6325,延长
6326,动人
6327,进度
6328,从来不
6329,用场
6330,苛刻
6331,换句话说
6332,荷兰
6333,社
6334,强盗
6335,枪手
6336,撞击
6337,劫持
6338,须
6339,疤
6340,激
6341,膜
6342,房东
6343,图案
6344,执
6345,理性
6346,谴责
6347,淡
6348,随心所欲
6349,复原
6350,餐桌
6351,愧疚
6352,放出
6353,设想
6354,为生
6355,不通
6356,啦啦队
6357,新年
6358,舱
6359,面条
6360,债务
6361,绰号
6362,智商
6363,中止
6364,心扉
6365,吹牛
6366,争议
6367,颠倒
6368,俱
6369,书面
6370,视为
6371,尚未
6372,不顾
6373,应有
6374,头骨
6375,耳环
6376,解剖
6377,咖啡店
6378,胸罩
6379,汽水
6380,转弯
6381,编号
6382,抵押
6383,监护
6384,同胞
6385,案例
6386,例
6387,开动
6388,出院
6389,整体
6390,错乱
6391,启发
6392,开张
6393,帅气
6394,派出
6395,再度
6396,算数
6397,受苦
6398,最先
6399,耗
6400,辐射
6401,宾
6402,法案
6403,雕像
6404,管家
6405,乳头
6406,警徽
6407,盗
6408,窃
6409,毫米
6410,后代
6411,罪过
6412,用餐
6413,抑制
6414,恶毒
6415,百分
6416,跳动
6417,分歧
6418,流动
6419,打中
6420,冰冷
6421,失落
6422,弄清
6423,品位
6424,室内
6425,有助于
6426,导弹
6427,巫师
6428,武士
6429,剪刀
6430,阴道
6431,坐标
6432,圣母
6433,便利
6434,小弟
6435,腹部
6436,孩
6437,痛恨
6438,屁话
6439,剩余
6440,大规模
6441,原先
6442,为人
6443,摔跤
6444,新郎
6445,储
6446,肾上腺
6447,搏
6448,盘问
6449,乏味
6450,怒火
6451,气质
6452,天亮
6453,等级
6454,景象
6455,每月
6456,逛逛
6457,漏掉
6458,路程
6459,满满
6460,井
6461,州长
6462,辩论
6463,歌声
6464,硬盘
6465,团伙
6466,简历
6467,删除
6468,处决
6469,今夜
6470,兄
6471,行政
6472,池
6473,脏话
6474,深度
6475,宅
6476,拘捕
6477,拜三
6478,周三
6479,行驶
6480,举报
6481,手工
6482,界限
6483,距
6484,拒
6485,期限
6486,颤抖
6487,苍白
6488,兼职
6489,痊愈
6490,抛开
6491,鲁莽
6492,不知所措
6493,定下
6494,毒气
6495,希
6496,沙子
6497,综合症
6498,商品
6499,美分
6500,分数
6501,农民
6502,游客
6503,脸部
6504,条例
6505,淋
6506,淫
6507,呆子
6508,谱
6509,小便
6510,隐蔽
6511,反感
6512,闲逛
6513,理会
6514,歉
6515,一般来说
6516,有事
6517,奥斯卡
6518,雅
6519,拍卖
6520,通行证
6521,刺伤
6522,吃醋
6523,纪律
6524,权限
6525,目
6526,颇
6527,关押
6528,搭配
6529,囚禁
6530,人工
6531,略
6532,踪迹
6533,门前
6534,重重
6535,坚决
6536,长话短说
6537,感恩节
6538,外婆
6539,咒
6540,火星
6541,棕榈
6542,零件
6543,勋章
6544,煎饼
6545,氏
6546,嗷
6547,脂肪
6548,防护
6549,体温
6550,泼
6551,眨眼
6552,刺杀
6553,氧
6554,恰恰
6555,出众
6556,战利品
6557,橡胶
6558,无线
6559,震
6560,音乐家
6561,欺诈
6562,潜入
6563,优美
6564,哀悼
6565,适用
6566,交代
6567,活命
6568,翻过
6569,好感
6570,确凿
6571,家里人
6572,低级
6573,仇
6574,推出
6575,教养
6576,生效
6577,天性
6578,出身
6579,早晚
6580,擅自
6581,厄
6582,掉头
6583,樱桃
6584,代号
6585,讯
6586,衫
6587,孔
6588,居
6589,生还
6590,触摸
6591,任命
6592,品质
6593,最为
6594,排斥
6595,行走
6596,粗暴
6597,问话
6598,富人
6599,白费
6600,欢笑
6601,预防
6602,提及
6603,满嘴
6604,有益
6605,舞步
6606,列车
6607,英格兰
6608,嗓音
6609,虾
6610,套房
6611,麦片
6612,弹药
6613,僵硬
6614,弱智
6615,骚
6616,性别
6617,虚伪
6618,前台
6619,宽容
6620,综合
6621,营业
6622,期盼
6623,同行
6624,专长
6625,辩解
6626,疲惫
6627,成年
6628,缓解
6629,没意思
6630,争斗
6631,沿
6632,评审
6633,舞伴
6634,跳跃
6635,窃听器
6636,展览
6637,读者
6638,油漆
6639,里头
6640,猪肉
6641,更衣室
6642,卡通
6643,规划
6644,审查
6645,压迫
6646,聆听
6647,路口
6648,美食
6649,搭讪
6650,悚
6651,预告
6652,低头
6653,晕倒
6654,岁月
6655,踪
6656,补救
6657,误导
6658,谦虚
6659,拾
6660,拐角
6661,过日子
6662,没完没了
6663,以此
6664,源自
6665,蜜蜂
6666,十字架
6667,炮
6668,乐园
6669,温
6670,法则
6671,含量
6672,准则
6673,暴徒
6674,快感
6675,车门
6676,刑
6677,脱光
6678,北边
6679,帅哥
6680,寒冷
6681,伤痛
6682,次数
6683,清晨
6684,任意
6685,自制
6686,术语
6687,必然
6688,示
6689,兽
6690,梅
6691,开拍
6692,表弟
6693,木偶
6694,肝
6695,失效
6696,吨
6697,盆
6698,增强
6699,黑夜
6700,重演
6701,照料
6702,主宰
6703,来访
6704,推断
6705,除去
6706,身手
6707,敏锐
6708,竭尽
6709,田
6710,柏林
6711,被害人
6712,手术室
6713,整形
6714,基督徒
6715,铅笔
6716,葡萄
6717,摇滚乐
6718,体育馆
6719,逃亡
6720,飞翔
6721,诉
6722,注入
6723,租金
6724,金融
6725,种子
6726,河边
6727,改编
6728,实行
6729,温和
6730,疏远
6731,迫使
6732,抽出
6733,设立
6734,好说
6735,拉拉
6736,演绎
6737,篮
6738,龙虾
6739,锯
6740,锤子
6741,病例
6742,老头子
6743,发布会
6744,烹饪
6745,壁橱
6746,胎
6747,讯息
6748,爪子
6749,嗓子
6750,打劫
6751,邮箱
6752,产业
6753,孙女
6754,空虚
6755,大屠杀
6756,生前
6757,霉
6758,啃
6759,重返
6760,约束
6761,失血
6762,简短
6763,好家伙
6764,差错
6765,安顿
6766,致力
6767,撒旦
6768,大使
6769,迷你
6770,敲诈
6771,法学院
6772,杂
6773,肠
6774,叉
6775,清新
6776,开关
6777,喇叭
6778,送命
6779,偷窥
6780,把柄
6781,样品
6782,取悦
6783,卖力
6784,指派
6785,查找
6786,沉迷
6787,拴
6788,揭发
6789,临
6790,讨好
6791,闪闪
6792,感想
6793,走动
6794,正轨
6795,芬
6796,康
6797,尚
6798,睾丸
6799,高尔夫球
6800,戏院
6801,电影院
6802,悬崖
6803,储藏室
6804,热身
6805,测量
6806,火柴
6807,型号
6808,肢体
6809,回电
6810,闹着玩
6811,添麻烦
6812,野心
6813,万事
6814,撕裂
6815,重现
6816,蹩脚
6817,粉碎
6818,判断力
6819,梦寐以求
6820,锁门
6821,沉浸
6822,缓慢
6823,诸如此类
6824,效
6825,参考
6826,以色列
6827,甘
6828,馆
6829,偷情
6830,航行
6831,纸巾
6832,边界
6833,发财
6834,齿
6835,壶
6836,恋情
6837,内在
6838,延续
6839,提交
6840,融合
6841,效率
6842,额头
6843,记载
6844,不妥
6845,疑惑
6846,闲聊
6847,扫地
6848,盲目
6849,无缘无故
6850,欣慰
6851,催眠
6852,水晶
6853,南瓜
6854,铃声
6855,红灯
6856,环保
6857,捕
6858,免疫
6859,泡泡
6860,耐
6861,静脉
6862,报到
6863,碳
6864,古代
6865,时间表
6866,亿万
6867,郊区
6868,父子
6869,挑逗
6870,合身
6871,跟进
6872,愉悦
6873,知晓
6874,紧密
6875,海外
6876,灿烂
6877,迷茫
6878,戏剧性
6879,落入
6880,名下
6881,进程
6882,扫兴
6883,遮住
6884,千真万确
6885,女巫
6886,咒语
6887,份子
6888,县
6889,书店
6890,奉
6891,戒酒
6892,薄荷
6893,幼儿园
6894,臀
6895,智力
6896,人身
6897,万物
6898,碰见
6899,掌管
6900,理所当然
6901,蔓延
6902,一带
6903,涌
6904,时常
6905,热衷
6906,毁坏
6907,一贯
6908,轻而易举
6909,奈
6910,提名
6911,符号
6912,博客
6913,勤
6914,摇摆
6915,袜
6916,回收
6917,辅导
6918,闪光
6919,采集
6920,许诺
6921,水面
6922,人造
6923,膛
6924,起点
6925,观
6926,没命
6927,无处不在
6928,乱来
6929,动身
6930,假定
6931,办公桌
6932,轰动
6933,气死
6934,擅
6935,热心
6936,克制
6937,相识
6938,一来
6939,比不上
6940,一大早
6941,苏联
6942,肝脏
6943,叮
6944,甲板
6945,狩猎
6946,脚印
6947,报名
6948,骑车
6949,教徒
6950,荷尔蒙
6951,美貌
6952,烤箱
6953,壳
6954,贫穷
6955,爱好者
6956,忍耐
6957,窗子
6958,征
6959,受损
6960,刷牙
6961,竟敢
6962,偷偷摸摸
6963,无处
6964,亲切
6965,发自
6966,节省
6967,本意
6968,称赞
6969,周到
6970,将近
6971,好话
6972,精疲力尽
6973,爹
6974,布丁
6975,陆军
6976,天主教
6977,奇特
6978,基督教
6979,传输
6980,畜
6981,羽毛
6982,祖先
6983,效应
6984,无赖
6985,房顶
6986,突击
6987,比基尼
6988,对头
6989,抚摸
6990,水准
6991,揭开
6992,擦伤
6993,冷漠
6994,揪
6995,冲击
6996,留住
6997,流逝
6998,付清
6999,这会
7000,前所未有
7001,个别
7002,豁免权
7003,狙击手
7004,使者
7005,笑声
7006,尘
7007,毒瘾
7008,高中生
7009,痴迷
7010,灭亡
7011,值班
7012,放假
7013,外头
7014,职务
7015,勾搭
7016,频繁
7017,差事
7018,个头
7019,住宅
7020,当做
7021,庞大
7022,过后
7023,事后
7024,勾当
7025,预先
7026,潜水
7027,彩排
7028,摄影机
7029,首领
7030,变形
7031,贸易
7032,山谷
7033,暴风雨
7034,拦截
7035,巡回
7036,目录
7037,拉链
7038,转动
7039,增
7040,搏斗
7041,摊
7042,听取
7043,奔
7044,辉煌
7045,神经质
7046,小人
7047,流传
7048,心烦意乱
7049,人手
7050,心目
7051,玩偶
7052,回合
7053,先知
7054,死神
7055,编剧
7056,激活
7057,腰带
7058,机关
7059,营救
7060,胶带
7061,时速
7062,脆
7063,轮子
7064,休庭
7065,都市
7066,灭绝
7067,领地
7068,冻死
7069,耀眼
7070,愚弄
7071,同谋
7072,人命
7073,遮
7074,玩耍
7075,外边
7076,拥挤
7077,全身心
7078,交待
7079,留心
7080,以内
7081,替换
7082,提早
7083,少见
7084,引人注目
7085,特地
7086,实习生
7087,兔
7088,德州
7089,青蛙
7090,阿拉伯
7091,火车站
7092,围巾
7093,旅店
7094,银色
7095,奖赏
7096,排名
7097,罐头
7098,沟
7099,文书
7100,体系
7101,挑衅
7102,爱心
7103,傲
7104,灵活
7105,皱
7106,插入
7107,无所事事
7108,失礼
7109,胡言乱语
7110,白白
7111,思路
7112,意料
7113,罢休
7114,摩托
7115,奖杯
7116,口红
7117,比萨
7118,梯子
7119,孕
7120,炖
7121,艺人
7122,防卫
7123,驴
7124,巡警
7125,东方
7126,地产
7127,浑
7128,咳嗽
7129,国度
7130,预订
7131,止痛药
7132,绷带
7133,大自然
7134,复合
7135,嗜
7136,怪事
7137,大家庭
7138,雇主
7139,流泪
7140,阴暗
7141,此次
7142,打印
7143,叠
7144,畏惧
7145,劳动
7146,报案
7147,为所欲为
7148,谋生
7149,把门
7150,从头到尾
7151,隆重
7152,重要性
7153,澳大利亚
7154,戒毒
7155,方位
7156,春
7157,服刑
7158,再生
7159,处死
7160,壁炉
7161,瞪
7162,残留
7163,草地
7164,头晕
7165,俗
7166,过期
7167,支配
7168,组建
7169,美人
7170,动摇
7171,况且
7172,亲身
7173,肾
7174,德语
7175,辣椒
7176,传票
7177,署
7178,薯
7179,坠落
7180,死尸
7181,出国
7182,视野
7183,比例
7184,私生活
7185,追随
7186,苦难
7187,腻
7188,壮观
7189,负面
7190,严密
7191,当前
7192,区分
7193,意想不到
7194,明了
7195,懒得
7196,探险
7197,决斗
7198,减速
7199,湖边
7200,车厢
7201,钉子
7202,救助
7203,理念
7204,公关
7205,同居
7206,绷
7207,虚
7208,动手术
7209,部署
7210,鱿鱼
7211,控诉
7212,建筑物
7213,毛发
7214,关节
7215,新婚
7216,上空
7217,客观
7218,香味
7219,售
7220,抵
7221,证书
7222,数百万
7223,捧
7224,眠
7225,不择手段
7226,徘徊
7227,接替
7228,摩擦
7229,塑造
7230,要害
7231,讨价还价
7232,秘诀
7233,多管闲事
7234,大方
7235,貌
7236,感激不尽
7237,少校
7238,阿富汗
7239,豆子
7240,植
7241,松鼠
7242,性交
7243,乐器
7244,药片
7245,看护
7246,教书
7247,旨意
7248,视力
7249,栅栏
7250,学者
7251,中年
7252,青春期
7253,休闲
7254,南边
7255,夜间
7256,进城
7257,下星期
7258,勿
7259,人力
7260,否
7261,更新
7262,底部
7263,行头
7264,扛
7265,通宵
7266,种种
7267,渠道
7268,分头
7269,偏偏
7270,出没
7271,试试看
7272,彻头彻尾
7273,嘻
7274,合并
7275,蜜
7276,祭
7277,登机
7278,监护人
7279,发动机
7280,增援
7281,强势
7282,探测
7283,瞄
7284,西北
7285,许可证
7286,直线
7287,特质
7288,鼻涕
7289,净
7290,小巷
7291,影星
7292,鲜
7293,乞求
7294,加大
7295,臭味
7296,迷住
7297,侵略
7298,点头
7299,收场
7300,怀抱
7301,发达
7302,消耗
7303,共和党
7304,服务器
7305,磁带
7306,洞穴
7307,清洁工
7308,红萝卜
7309,胡萝卜
7310,闪耀
7311,忆
7312,导航
7313,斗士
7314,性欲
7315,户外
7316,侦查
7317,出轨
7318,西服
7319,丧生
7320,饥渴
7321,蓄意
7322,上方
7323,限
7324,挚爱
7325,出头
7326,坏处
7327,怀里
7328,散布
7329,灰尘
7330,混进
7331,暗中
7332,不久前
7333,伎俩
7334,一清二楚
7335,英镑
7336,性行为
7337,中风
7338,物证
7339,永生
7340,经纪
7341,手势
7342,老友
7343,稿
7344,埋伏
7345,便车
7346,季度
7347,漫步
7348,医护
7349,兴
7350,成名
7351,逃命
7352,付费
7353,震动
7354,延期
7355,牙刷
7356,丢弃
7357,课堂
7358,处罚
7359,可怜虫
7360,栏
7361,炒鱿鱼
7362,躲藏
7363,人行道
7364,验证
7365,负罪感
7366,初次
7367,原理
7368,现有
7369,得罪
7370,了如指掌
7371,夏
7372,曲棍球
7373,日志
7374,起火
7375,彻
7376,导
7377,验
7378,贩子
7379,出击
7380,存款
7381,潮
7382,上身
7383,套装
7384,伸手
7385,此处
7386,让步
7387,毁掉
7388,别扭
7389,遗漏
7390,风头
7391,把手
7392,迄今为止
7393,喋喋不休
7394,一如既往
7395,芯片
7396,姨妈
7397,智
7398,粉红
7399,巫婆
7400,克拉
7401,蘑菇
7402,邪
7403,驳回
7404,肌
7405,虐
7406,安保
7407,炫
7408,消费
7409,褐色
7410,关机
7411,世间
7412,多多
7413,淘气
7414,晚间
7415,榨
7416,树枝
7417,袖子
7418,痴
7419,互
7420,层次
7421,乎
7422,玷污
7423,惯
7424,声誉
7425,刻意
7426,凭空
7427,大名
7428,创造力
7429,毕生
7430,恭维
7431,头顶
7432,用途
7433,穆斯林
7434,莫斯科
7435,会长
7436,酒馆
7437,芭蕾舞
7438,互联网
7439,阳
7440,胜利者
7441,告密
7442,合成
7443,参
7444,强力
7445,安眠药
7446,缘
7447,头头
7448,粉红色
7449,缩写
7450,首饰
7451,看望
7452,建设
7453,思念
7454,紧身
7455,武力
7456,侧面
7457,指使
7458,戒备
7459,外衣
7460,实践
7461,深感
7462,开胃
7463,精明
7464,高明
7465,死活
7466,裂缝
7467,保龄球
7468,国防部
7469,女仆
7470,糖尿病
7471,缝合
7472,遥控器
7473,残骸
7474,突袭
7475,呼唤
7476,活泼
7477,假扮
7478,四分之一
7479,未成年
7480,悠
7481,背部
7482,二战
7483,岂
7484,机遇
7485,关乎
7486,分类
7487,盼望
7488,查清
7489,真面目
7490,心怀
7491,照样
7492,共有
7493,凤凰
7494,飓风
7495,题目
7496,快递
7497,信用
7498,标题
7499,监管
7500,乡巴佬
7501,妒忌
7502,体型
7503,登录
7504,遥
7505,野外
7506,假日
7507,淑女
7508,相见
7509,直至
7510,充
7511,年长
7512,付款
7513,喜悦
7514,开端
7515,性质
7516,风度
7517,取名
7518,闻名
7519,看重
7520,要点
7521,不堪
7522,琴
7523,山羊
7524,越狱
7525,彩票
7526,庭审
7527,秘
7528,群众
7529,公交
7530,协定
7531,否决
7532,花生酱
7533,兄妹
7534,简报
7535,炉子
7536,消极
7537,余
7538,响起
7539,中东
7540,勇
7541,夜班
7542,即兴
7543,车窗
7544,饮
7545,高档
7546,向上
7547,薪
7548,前程
7549,一次性
7550,磨蹭
7551,精致
7552,凡事
7553,心事
7554,预想
7555,详情
7556,填补
7557,一时间
7558,饱受
7559,费劲
7560,早起
7561,轮流
7562,婚纱
7563,画廊
7564,阿拉
7565,演习
7566,毒素
7567,瘟疫
7568,侦察
7569,特种部队
7570,供给
7571,曲线
7572,情妇
7573,耳机
7574,果冻
7575,复苏
7576,杂货店
7577,送货
7578,扒
7579,账
7580,成本
7581,州立
7582,授予
7583,面谈
7584,忠于
7585,泡沫
7586,无可奉告
7587,奇异
7588,收益
7589,放纵
7590,苦恼
7591,情绪化
7592,病态
7593,没劲
7594,融洽
7595,列出
7596,一心
7597,孤立
7598,到头来
7599,阴茎
7600,泰国
7601,伞
7602,吗啡
7603,补给
7604,咻
7605,瘀
7606,领导者
7607,香草
7608,代理人
7609,微波炉
7610,迷信
7611,退役
7612,芥末
7613,笑脸
7614,储存
7615,散开
7616,名牌
7617,无尽
7618,垂
7619,预谋
7620,捕捉
7621,钝
7622,锋利
7623,坚守
7624,扭转
7625,险境
7626,认错
7627,开支
7628,献身
7629,活活
7630,看穿
7631,乐于
7632,坦率
7633,天知道
7634,不妨
7635,注重
7636,不用说
7637,总的来说
7638,殿下
7639,编排
7640,彩虹
7641,海底
7642,说唱
7643,偏离
7644,蚂蚁
7645,计程车
7646,外交
7647,公斤
7648,前线
7649,探测器
7650,叫声
7651,门铃
7652,腕
7653,全场
7654,膝
7655,复习
7656,钢
7657,内脏
7658,每日
7659,群体
7660,下流
7661,透气
7662,完工
7663,口水
7664,流言
7665,常客
7666,踹
7667,不可避免
7668,驻
7669,无与伦比
7670,积蓄
7671,常识
7672,正中
7673,反射
7674,近乎
7675,做主
7676,这天
7677,整齐
7678,远处
7679,心血
7680,不可理喻
7681,自便
7682,君
7683,简
7684,精子
7685,律
7686,鳄鱼
7687,录取
7688,颁奖
7689,赤
7690,歌剧
7691,传单
7692,兽医
7693,冷冻
7694,临床
7695,拇指
7696,平台
7697,流感
7698,咖啡馆
7699,瞎子
7700,教学
7701,来宾
7702,泪
7703,槽
7704,咖啡因
7705,覆
7706,跑车
7707,数码
7708,无害
7709,偏执
7710,永别
7711,收留
7712,照办
7713,疲倦
7714,吵闹
7715,种类
7716,心声
7717,懦弱
7718,风光
7719,损
7720,身处
7721,纯属
7722,上天
7723,洗耳恭听
7724,火炬
7725,基金会
7726,圣地亚哥
7727,因果
7728,波兰
7729,扬
7730,子宫
7731,潜
7732,巨型
7733,阳性
7734,画像
7735,孕妇
7736,训
7737,下雪
7738,更换
7739,印记
7740,牌照
7741,削
7742,触动
7743,方向盘
7744,外号
7745,挥手
7746,笨拙
7747,支持者
7748,背面
7749,料理
7750,惭愧
7751,反驳
7752,善事
7753,情不自禁
7754,生动
7755,鄙视
7756,上当
7757,高大
7758,遵循
7759,如下
7760,出乎意料
7761,想方设法
7762,行星
7763,坦克
7764,联合国
7765,恐龙
7766,宝石
7767,默契
7768,埃
7769,监护权
7770,咳
7771,舍
7772,俘虏
7773,下毒
7774,楼顶
7775,松手
7776,球赛
7777,内战
7778,铲
7779,孤
7780,脂
7781,小路
7782,美容
7783,推销员
7784,感恩
7785,捍卫
7786,加仑
7787,西边
7788,苏醒
7789,快活
7790,徒
7791,违规
7792,风流
7793,抓捕
7794,机灵
7795,挪开
7796,挥舞
7797,辜负
7798,平息
7799,短期
7800,捎
7801,前后
7802,遍布
7803,视而不见
7804,沸腾
7805,顺路
7806,伯爵
7807,剧场
7808,容器
7809,参赛者
7810,生化
7811,认输
7812,遗体
7813,橘子
7814,避难所
7815,应急
7816,耳光
7817,书房
7818,眨
7819,潜意识
7820,我国
7821,服药
7822,归还
7823,潮流
7824,零食
7825,吞噬
7826,捣蛋
7827,发育
7828,描绘
7829,半死
7830,出丑
7831,担
7832,紧迫
7833,迫切
7834,普遍
7835,大叔
7836,唐
7837,原告
7838,报社
7839,窃听
7840,病历
7841,旋律
7842,特区
7843,用户
7844,棉花
7845,激素
7846,蜡
7847,赎罪
7848,花瓶
7849,物种
7850,打造
7851,诸
7852,野生
7853,家务
7854,拐杖
7855,垃圾箱
7856,番茄
7857,加热
7858,贵宾
7859,拖住
7860,电话线
7861,垫子
7862,衡量
7863,有害
7864,藏匿
7865,逝去
7866,抬高
7867,浏览
7868,会谈
7869,换取
7870,准许
7871,窜
7872,低落
7873,惯例
7874,并肩
7875,款待
7876,口渴
7877,化名
7878,不便
7879,转悠
7880,工夫
7881,一旁
7882,脑筋
7883,粗话
7884,月球
7885,芭蕾
7886,路障
7887,特警
7888,迈
7889,击倒
7890,笔迹
7891,鸭
7892,继父
7893,宣言
7894,遥控
7895,指南
7896,抗生素
7897,诗歌
7898,腹
7899,番茄酱
7900,废墟
7901,密封
7902,管制
7903,周刊
7904,过节
7905,私奔
7906,淫荡
7907,取回
7908,劈
7909,有机
7910,还击
7911,头版
7912,握住
7913,一代
7914,请假
7915,糊弄
7916,生育
7917,宣读
7918,同类
7919,字典
7920,善意
7921,敌意
7922,说教
7923,火爆
7924,常人
7925,胆敢
7926,折断
7927,不曾
7928,血缘
7929,一举一动
7930,一路顺风
7931,环绕
7932,置身
7933,草率
7934,小菜
7935,临死
7936,指手画脚
7937,施加
7938,受宠若惊
7939,牢牢
7940,朝鲜
7941,球迷
7942,整容
7943,亚特兰大
7944,默
7945,薄饼
7946,避孕套
7947,女佣
7948,望远镜
7949,宫殿
7950,庆典
7951,牲
7952,咸
7953,挠
7954,源头
7955,铅
7956,停职
7957,水上
7958,招募
7959,臂
7960,创新
7961,霜
7962,录制
7963,活人
7964,主张
7965,皮包
7966,谨
7967,疲劳
7968,死胡同
7969,造就
7970,平安无事
7971,胡话
7972,余下
7973,动听
7974,丰厚
7975,幸亏
7976,忍心
7977,赛车
7978,乌龟
7979,步枪
7980,精液
7981,舞动
7982,坠毁
7983,捐款
7984,建筑师
7985,充电
7986,铜
7987,哎哟
7988,凡
7989,泥土
7990,退学
7991,蒸发
7992,透明
7993,毒性
7994,调味
7995,古典
7996,灯泡
7997,何方
7998,漂
7999,单身汉
8000,泪水
8001,多半
8002,更改
8003,侯
8004,熄灭
8005,忠心
8006,合伙
8007,核对
8008,驱使
8009,相连
8010,同感
8011,步入
8012,妥当
8013,大致
8014,直奔
8015,耶鲁
8016,妖
8017,媒
8018,孤儿院
8019,水泥
8020,时报
8021,利息
8022,老子
8023,橙汁
8024,外部
8025,海关
8026,鞋带
8027,打牌
8028,肤浅
8029,强悍
8030,指数
8031,上报
8032,触发
8033,愈合
8034,栽
8035,打烊
8036,内幕
8037,招牌
8038,缺席
8039,迫害
8040,伪君子
8041,奔跑
8042,花招
8043,变动
8044,失手
8045,病假
8046,模范
8047,名称
8048,奢侈
8049,精通
8050,手艺
8051,新手
8052,付账
8053,残暴
8054,怪罪
8055,世事
8056,充斥
8057,贵干
8058,后者
8059,放置
8060,不得已
8061,配方
8062,铁路
8063,月光
8064,电报
8065,美军
8066,酸奶
8067,瘤
8068,隐
8069,披萨
8070,战友
8071,对讲机
8072,混账
8073,跑道
8074,妓院
8075,推理
8076,蛋白
8077,消毒
8078,远程
8079,麻痹
8080,军用
8081,入学
8082,惧怕
8083,泳
8084,女伴
8085,抽筋
8086,岁数
8087,送死
8088,较量
8089,鬼鬼祟祟
8090,叛逆
8091,滥
8092,稀有
8093,僵
8094,浸
8095,延伸
8096,财
8097,推开
8098,创建
8099,铭记
8100,整洁
8101,侥幸
8102,豁免
8103,赦免
8104,地道
8105,辛
8106,墓
8107,岸
8108,参军
8109,罪孽
8110,寄生虫
8111,弹道
8112,人权
8113,旅客
8114,马子
8115,山顶
8116,重组
8117,蛋白质
8118,破解
8119,宣判
8120,争辩
8121,抢救
8122,歌星
8123,肠子
8124,北美
8125,阿司匹林
8126,毕业生
8127,写字
8128,昏倒
8129,触犯
8130,断绝
8131,开诚布公
8132,上映
8133,做人
8134,极为
8135,拥
8136,虚假
8137,微妙
8138,无话可说
8139,充实
8140,自行
8141,享有
8142,满怀
8143,消磨
8144,全副
8145,显眼
8146,截然不同
8147,瞧见
8148,发号施令
8149,养育
8150,抽空
8151,韩
8152,僵尸
8153,契约
8154,环球
8155,妓
8156,联
8157,敬礼
8158,棉
8159,车票
8160,手淫
8161,歌迷
8162,复活节
8163,暗号
8164,火药
8165,表妹
8166,遛
8167,同步
8168,电流
8169,演技
8170,庇护
8171,梦境
8172,污点
8173,咧
8174,修补
8175,音响
8176,感知
8177,人头
8178,公务
8179,腔
8180,麻木
8181,挫折
8182,巧妙
8183,身心
8184,醉鬼
8185,表扬
8186,灌输
8187,故
8188,下定决心
8189,顾虑
8190,了断
8191,撞见
8192,足足
8193,眼看
8194,咪咪
8195,魔术师
8196,荷
8197,汉堡包
8198,沼泽
8199,驱
8200,皇室
8201,公道
8202,审理
8203,竖
8204,袍
8205,尤物
8206,汇
8207,班机
8208,领导人
8209,篮子
8210,淋浴
8211,拔掉
8212,枪战
8213,蹭
8214,闹剧
8215,强项
8216,光辉
8217,伺候
8218,赞扬
8219,粗糙
8220,步伐
8221,捏造
8222,宣扬
8223,爱意
8224,每时每刻
8225,树立
8226,好坏
8227,灾
8228,奉陪
8229,恰恰相反
8230,姑妈
8231,狐狸
8232,纵火
8233,收视率
8234,雕塑
8235,总监
8236,癌
8237,二级
8238,堡垒
8239,教父
8240,同盟
8241,变异
8242,猎犬
8243,坨
8244,水下
8245,可否
8246,粪
8247,销量
8248,分居
8249,厘米
8250,地理
8251,店主
8252,捉弄
8253,壁
8254,穿梭
8255,恐惧症
8256,干预
8257,搂
8258,感性
8259,巴掌
8260,空缺
8261,疏忽
8262,逝
8263,逗留
8264,隐秘
8265,尽兴
8266,分发
8267,好奇心
8268,征求
8269,消遣
8270,上好
8271,衣着
8272,就是说
8273,微不足道
8274,全心全意
8275,萝
8276,巴斯
8277,姜
8278,国民
8279,珍珠
8280,教皇
8281,鲸鱼
8282,婚前
8283,砖
8284,罪人
8285,书呆子
8286,剧情
8287,爱因斯坦
8288,拖鞋
8289,老太婆
8290,天然
8291,得主
8292,技
8293,坚
8294,明信片
8295,净化
8296,看医生
8297,看病
8298,头目
8299,招待会
8300,继
8301,市里
8302,淹没
8303,正点
8304,虽说
8305,盯住
8306,打官司
8307,全能
8308,胜负
8309,粗俗
8310,施展
8311,例行
8312,绊倒
8313,周边
8314,手掌
8315,上层
8316,吹嘘
8317,糊
8318,快餐
8319,装傻
8320,美满
8321,外人
8322,月份
8323,人世
8324,低下
8325,天地
8326,艰辛
8327,打折
8328,到期
8329,低于
8330,一线
8331,患有
8332,公爵
8333,开通
8334,击球
8335,豆腐
8336,及格
8337,煤气
8338,工地
8339,冠
8340,拼写
8341,拨号
8342,热量
8343,夏季
8344,盎司
8345,进口
8346,垃圾堆
8347,消沉
8348,华氏
8349,敬畏
8350,重逢
8351,延迟
8352,叉子
8353,追赶
8354,一见钟情
8355,学业
8356,修正
8357,词汇
8358,钦佩
8359,对外
8360,全程
8361,众所周知
8362,完好
8363,摆布
8364,变为
8365,迎来
8366,大半
8367,恨不得
8368,舰队
8369,军团
8370,赛马
8371,丹佛
8372,烟草
8373,大使馆
8374,美洲
8375,效忠
8376,序列
8377,丫
8378,河流
8379,阴性
8380,条纹
8381,勺子
8382,拣
8383,超速
8384,紫
8385,肥胖
8386,自如
8387,恶人
8388,层面
8389,屑
8390,般配
8391,商务
8392,棋
8393,词语
8394,替罪羊
8395,疤痕
8396,纠纷
8397,黑市
8398,下达
8399,向往
8400,士气
8401,一体
8402,安抚
8403,堵塞
8404,绝大多数
8405,摆弄
8406,述
8407,不适
8408,瓜葛
8409,黑手
8410,残杀
8411,行得通
8412,坚固
8413,务必
8414,容许
8415,名气
8416,原样
8417,追究
8418,空闲
8419,打的
8420,不顾一切
8421,得体
8422,难免
8423,半天
8424,核实
8425,忙于
8426,神志
8427,流放
8428,犯规
8429,火山
8430,奴
8431,吉普
8432,乐团
8433,强奸犯
8434,奥运会
8435,播报
8436,玩牌
8437,受益
8438,外国人
8439,气候
8440,凡人
8441,驶
8442,水池
8443,糕
8444,醋
8445,关灯
8446,政治家
8447,外来
8448,起誓
8449,徒步
8450,话语
8451,有线电视
8452,处处
8453,转机
8454,深渊
8455,习俗
8456,看透
8457,迷糊
8458,转交
8459,看得见
8460,圆满
8461,完善
8462,发热
8463,字眼
8464,掰
8465,身为
8466,擦屁股
8467,限度
8468,团团转
8469,联想
8470,激起
8471,出人意料
8472,相应
8473,诶
8474,仙女
8475,瑞典
8476,菌
8477,当选
8478,重力
8479,护卫
8480,募捐
8481,积
8482,慰
8483,表哥
8484,备忘录
8485,喝彩
8486,福音
8487,诽谤
8488,入伙
8489,外勤
8490,分解
8491,夺取
8492,回信
8493,赏
8494,失眠
8495,副本
8496,难为情
8497,散播
8498,宣告
8499,弯曲
8500,下属
8501,起草
8502,燃
8503,未必
8504,点点
8505,忘却
8506,才华横溢
8507,关头
8508,施压
8509,笼罩
8510,追溯
8511,费心
8512,慎重
8513,促使
8514,亏
8515,往来
8516,气愤
8517,醉醺醺
8518,稍稍
8519,备受
8520,早日
8521,单单
8522,首相
8523,滑板
8524,鹅
8525,香港
8526,捐献
8527,冥
8528,丸
8529,延
8530,伸展
8531,发电机
8532,黑手党
8533,乳酪
8534,圣地
8535,铲子
8536,猎杀
8537,科幻
8538,百万富翁
8539,化合物
8540,歹徒
8541,糗
8542,无私
8543,构思
8544,救护
8545,赞赏
8546,盏
8547,脊椎
8548,行进
8549,法式
8550,火热
8551,枕
8552,取胜
8553,抓走
8554,轴
8555,偿
8556,被子
8557,沐浴
8558,破门而入
8559,接纳
8560,衣物
8561,无穷
8562,责
8563,自欺欺人
8564,方圆
8565,相伴
8566,光顾
8567,盖子
8568,小气
8569,卖命
8570,计较
8571,白日梦
8572,难闻
8573,简称
8574,一天到晚
8575,织
8576,土耳其
8577,比分
8578,初恋
8579,民主党
8580,悍
8581,手榴弹
8582,直升飞机
8583,天主教徒
8584,股份
8585,逃生
8586,遗言
8587,障
8588,拷贝
8589,通报
8590,预报
8591,粥
8592,麻醉剂
8593,凳子
8594,惊叹
8595,橙色
8596,认知
8597,硬汉
8598,即时
8599,渗透
8600,熬夜
8601,描写
8602,出演
8603,理应
8604,穿透
8605,带路
8606,主导
8607,协商
8608,无所不能
8609,创始人
8610,查询
8611,扩张
8612,惹恼
8613,微弱
8614,观赏
8615,数百
8616,贵重
8617,热血
8618,敏捷
8619,苦苦
8620,借助
8621,限于
8622,健
8623,底特律
8624,牧场
8625,岩
8626,化疗
8627,珠
8628,优
8629,保险柜
8630,熏肉
8631,邮局
8632,丰满
8633,刑警
8634,会计师
8635,公文包
8636,植入
8637,驾驶员
8638,双人
8639,躯体
8640,残疾
8641,诸位
8642,加勒比
8643,暖气
8644,考察
8645,订单
8646,消逝
8647,果酱
8648,洗衣机
8649,推动
8650,启示
8651,连锁
8652,割断
8653,案情
8654,脸红
8655,宠
8656,耗尽
8657,破灭
8658,改过自新
8659,步骤
8660,作呕
8661,虚张声势
8662,留情
8663,不道德
8664,筹备
8665,关爱
8666,擦掉
8667,享
8668,背负
8669,应对
8670,作对
8671,归功
8672,毫不犹豫
8673,传球
8674,黛
8675,拨打
8676,蟑螂
8677,巡演
8678,圣诞树
8679,爪
8680,野营
8681,乌鸦
8682,靴
8683,房客
8684,坡
8685,夏日
8686,传唤
8687,辅助
8688,吊死
8689,信托
8690,闹钟
8691,天线
8692,化身
8693,涂鸦
8694,手提箱
8695,离奇
8696,冻结
8697,探访
8698,巢
8699,接头
8700,背心
8701,罚款
8702,华尔街
8703,吸气
8704,扣押
8705,施舍
8706,脉
8707,网页
8708,衷心
8709,存放
8710,临终
8711,收缩
8712,自言自语
8713,筋
8714,塞车
8715,堵车
8716,升高
8717,法定
8718,咽
8719,皱纹
8720,强度
8721,偏僻
8722,残局
8723,间接
8724,崇高
8725,调节
8726,撇
8727,疑虑
8728,东边
8729,假象
8730,四肢
8731,妄
8732,使唤
8733,敬佩
8734,字面
8735,离不开
8736,挤出
8737,强有力
8738,开销
8739,拭目以待
8740,成问题
8741,顺道
8742,伴娘
8743,骨灰
8744,阿拉斯加
8745,海豚
8746,夏令营
8747,日历
8748,航线
8749,改革
8750,疗程
8751,救济
8752,脉冲
8753,光头
8754,白兰地
8755,空地
8756,橄榄
8757,爱国
8758,防线
8759,未遂
8760,放荡
8761,失灵
8762,小宝宝
8763,脑震荡
8764,长发
8765,屈
8766,案发
8767,秃头
8768,苗条
8769,大力
8770,养老金
8771,本色
8772,应用
8773,忽悠
8774,时分
8775,弱小
8776,明亮
8777,心不在焉
8778,疗
8779,撕碎
8780,大局
8781,句子
8782,冒烟
8783,枪口
8784,胸前
8785,兆头
8786,前景
8787,防备
8788,属实
8789,跨越
8790,放任
8791,缓
8792,明知
8793,由此
8794,心头
8795,改正
8796,自尊心
8797,好歹
8798,不同寻常
8799,翻身
8800,个个
8801,师傅
8802,星系
8803,主教
8804,外公
8805,联赛
8806,五角大楼
8807,嗅
8808,药丸
8809,瀑布
8810,十字
8811,尊贵
8812,录音带
8813,分局
8814,摇头
8815,卖淫
8816,股东
8817,动画片
8818,床垫
8819,簿
8820,裁缝
8821,东北
8822,操场
8823,膏
8824,储备
8825,落地
8826,淹
8827,休克
8828,创造性
8829,明日
8830,危急
8831,潮湿
8832,差距
8833,得救
8834,攒
8835,调动
8836,行列
8837,算计
8838,蹊跷
8839,无时无刻
8840,事事
8841,书籍
8842,正规
8843,及其
8844,反过来
8845,侏儒
8846,演播室
8847,千年
8848,毒蛇
8849,专栏
8850,工会
8851,逃逸
8852,墨水
8853,爆破
8854,包袱
8855,大西洋
8856,线条
8857,长岛
8858,喉
8859,币
8860,寄宿
8861,三角
8862,医药
8863,葬
8864,改装
8865,撞车
8866,慈悲
8867,痴呆
8868,油门
8869,伸张
8870,人马
8871,心愿
8872,起源
8873,漫漫
8874,经费
8875,北面
8876,拆散
8877,世界大战
8878,门卫
8879,续
8880,餐具
8881,鸡皮疙瘩
8882,讯问
8883,摄像
8884,悲观
8885,搅和
8886,嗜好
8887,归咎
8888,双关
8889,控制权
8890,自家
8891,丰盛
8892,日程表
8893,胡乱
8894,高峰
8895,玩乐
8896,裂开
8897,强劲
8898,流水
8899,广泛
8900,丧
8901,安稳
8902,不符
8903,受得了
8904,无动于衷
8905,兴致
8906,无可
8907,巴基斯坦
8908,沃
8909,停电
8910,毕
8911,柏
8912,强暴
8913,癫痫
8914,蜂蜜
8915,杀人狂
8916,签证
8917,缉毒
8918,坚果
8919,茄子
8920,屠夫
8921,框
8922,枝
8923,专利
8924,口哨
8925,龟
8926,巷子
8927,鉴
8928,止血
8929,兴奋剂
8930,钢铁
8931,淤
8932,飞越
8933,复印
8934,百姓
8935,通风
8936,脱水
8937,伏击
8938,咆哮
8939,搭乘
8940,南美
8941,备份
8942,观光
8943,进军
8944,洋娃娃
8945,奖章
8946,思绪
8947,移交
8948,环游
8949,显现
8950,埋怨
8951,排列
8952,棕
8953,始
8954,畸形
8955,指头
8956,渺小
8957,微小
8958,下台
8959,当今
8960,宠坏
8961,枪子
8962,耍花招
8963,拆开
8964,懂事
8965,挡路
8966,漆黑
8967,缠身
8968,诚恳
8969,陈年
8970,探讨
8971,满身
8972,当着
8973,争霸
8974,船员
8975,宝藏
8976,桃
8977,镑
8978,赎金
8979,唇膏
8980,角逐
8981,头等舱
8982,五月
8983,修正案
8984,特制
8985,流产
8986,出海
8987,捷径
8988,诠释
8989,修车
8990,故乡
8991,政权
8992,王牌
8993,池塘
8994,放火
8995,呻吟
8996,药房
8997,药店
8998,泳衣
8999,救活
9000,决策
9001,颁发
9002,藉
9003,拷
9004,帮凶
9005,改动
9006,重心
9007,称号
9008,预兆
9009,沉睡
9010,赤裸
9011,和善
9012,傻笑
9013,气概
9014,上等
9015,之际
9016,信守
9017,惦记
9018,房门
9019,记性
9020,归宿
9021,发牢骚
9022,猛烈
9023,飞快
9024,忙活
9025,入手
9026,陪同
9027,来源于
9028,挨着
9029,重伤
9030,起步
9031,定期
9032,得不到
9033,大肆
9034,不时
9035,想来
9036,达拉斯
9037,骆驼
9038,螃蟹
9039,手镯
9040,泡菜
9041,小提琴
9042,神灵
9043,洗礼
9044,轰炸
9045,棚
9046,社团
9047,昔
9048,斑
9049,未成年人
9050,代言人
9051,坟
9052,替补
9053,赛跑
9054,颠
9055,拆除
9056,击打
9057,启
9058,剪辑
9059,冒充
9060,椅
9061,进场
9062,转播
9063,探视
9064,长度
9065,碾
9066,起伏
9067,金额
9068,追随者
9069,漂浮
9070,未婚
9071,绊
9072,风情
9073,行使
9074,制裁
9075,身无分文
9076,多疑
9077,离职
9078,已故
9079,流露
9080,混淆
9081,阴险
9082,事迹
9083,出面
9084,逼迫
9085,发放
9086,一连串
9087,筋疲力尽
9088,打探
9089,一手
9090,转达
9091,揭穿
9092,戏弄
9093,重申
9094,不测
9095,凯文
9096,劫匪
9097,胎儿
9098,皇冠
9099,筹款
9100,弹壳
9101,军火
9102,雄
9103,黑客
9104,收购
9105,冰冻
9106,绯闻
9107,痉挛
9108,山洞
9109,承包商
9110,服饰
9111,叛国
9112,舞厅
9113,胶水
9114,滩
9115,素食
9116,暴动
9117,兔崽子
9118,研究生
9119,筹集
9120,藐视
9121,迪斯尼
9122,丝绸
9123,研发
9124,老人家
9125,婆娘
9126,秋季
9127,店员
9128,派遣
9129,罢
9130,掌权
9131,彩色
9132,脱颖而出
9133,特写
9134,走狗
9135,诚意
9136,闪烁
9137,前天
9138,放走
9139,在逃
9140,折扣
9141,指点
9142,抵挡
9143,记忆力
9144,当地人
9145,亮点
9146,联手
9147,完美无缺
9148,安然无恙
9149,想必
9150,脸颊
9151,退回
9152,自然而然
9153,窄
9154,走火
9155,布满
9156,熟练
9157,识
9158,沾满
9159,永久性
9160,当众
9161,幸免
9162,够呛
9163,并不
9164,俄语
9165,仓
9166,金枪鱼
9167,温泉
9168,驯
9169,重量级
9170,民事
9171,体操
9172,圣灵
9173,村民
9174,猎枪
9175,奔驰
9176,配对
9177,陆地
9178,外甥
9179,吸食
9180,拷问
9181,梳
9182,领土
9183,原料
9184,维生素
9185,互动
9186,花朵
9187,佣人
9188,颜
9189,下课
9190,特长
9191,人事
9192,纠结
9193,途
9194,一席之地
9195,行家
9196,儿时
9197,自助餐
9198,城外
9199,插嘴
9200,依照
9201,繁忙
9202,惊慌失措
9203,耳熟
9204,急切
9205,不为人知
9206,后头
9207,定论
9208,审视
9209,舍不得
9210,近期
9211,军士
9212,楚
9213,玛利亚
9214,旗帜
9215,景
9216,打火机
9217,翼
9218,弦
9219,面罩
9220,警署
9221,金刚
9222,发射器
9223,赛场
9224,白金
9225,印刷
9226,斗篷
9227,盲
9228,向导
9229,掠夺
9230,朋
9231,群岛
9232,羔羊
9233,足迹
9234,爱国者
9235,中世纪
9236,打手
9237,反省
9238,胸腔
9239,管辖
9240,游戏机
9241,驾驭
9242,牢狱
9243,试探
9244,车轮
9245,上街
9246,议论
9247,烦躁
9248,分泌
9249,振奋
9250,遵从
9251,未曾
9252,初级
9253,昵
9254,子女
9255,饭菜
9256,富裕
9257,信奉
9258,泡汤
9259,从天而降
9260,即刻
9261,下方
9262,灭口
9263,精美
9264,嚷
9265,心态
9266,正派
9267,感情用事
9268,养家
9269,深陷
9270,加以
9271,歇斯底里
9272,所在地
9273,半生
9274,汉城
9275,罢工
9276,院长
9277,马拉松
9278,昂
9279,洋
9280,蜥蜴
9281,公牛
9282,蒙在鼓里
9283,公立
9284,娃
9285,传感器
9286,揉
9287,中文
9288,柄
9289,大姐
9290,颤
9291,衰竭
9292,键盘
9293,扣子
9294,平方
9295,挨打
9296,上市
9297,学术
9298,偷袭
9299,心想
9300,电动
9301,大拇指
9302,防范
9303,看似
9304,尾声
9305,杀人案
9306,挖苦
9307,携
9308,倾倒
9309,靶子
9310,全然
9311,汇合
9312,品种
9313,上流
9314,在世
9315,同名
9316,宽敞
9317,责任感
9318,火烧
9319,惊恐
9320,濒临
9321,孩子气
9322,半数
9323,此后
9324,办理
9325,新型
9326,生计
9327,过激
9328,说到做到
9329,何在
9330,说到底
9331,野马
9332,修道院
9333,斗牛
9334,新奥尔良
9335,佩
9336,核武器
9337,异教徒
9338,黑社会
9339,糖浆
9340,盟友
9341,西南
9342,市政厅
9343,司法部
9344,可可
9345,镖
9346,戒烟
9347,敷
9348,里边
9349,合唱团
9350,拉拉队
9351,必定
9352,繁殖
9353,货币
9354,交配
9355,录音机
9356,上吊
9357,概率
9358,色拉
9359,贫民窟
9360,冷战
9361,露天
9362,干燥
9363,找上门
9364,健忘
9365,初中
9366,左侧
9367,敌对
9368,足球队
9369,启程
9370,上边
9371,愤世嫉俗
9372,岸边
9373,礼节
9374,皮革
9375,俏
9376,揭
9377,纽约州
9378,念书
9379,喜好
9380,贬低
9381,体谅
9382,受罪
9383,制成
9384,质问
9385,见解
9386,碍事
9387,附加
9388,小题大做
9389,谅解
9390,眷顾
9391,全盘
9392,臭名昭著
9393,源于
9394,不容
9395,趋势
9396,小心翼翼
9397,走投无路
9398,特有
9399,背着
9400,出炉
9401,守口如瓶
9402,爹地
9403,庄园
9404,格斗
9405,墨
9406,秘方
9407,绳索
9408,动议
9409,主编
9410,传讯
9411,嘣
9412,六月
9413,贫困
9414,撤回
9415,国旗
9416,际
9417,候
9418,蛋卷
9419,毒物
9420,日文
9421,日语
9422,树木
9423,棒棒糖
9424,树叶
9425,当兵
9426,鹦鹉
9427,标语
9428,大奖
9429,便条
9430,炸毁
9431,绘画
9432,持久
9433,扭伤
9434,列表
9435,纯净
9436,无声
9437,巨额
9438,安然
9439,优惠
9440,残废
9441,摇晃
9442,享乐
9443,下水
9444,招惹
9445,不当
9446,斜
9447,大亨
9448,短路
9449,心肠
9450,平分
9451,傻话
9452,越界
9453,根源
9454,列为
9455,凑合
9456,危及
9457,面积
9458,开展
9459,疑心
9460,琐事
9461,合影
9462,牢记
9463,可口
9464,装有
9465,不禁
9466,不仅如此
9467,克隆
9468,族人
9469,姑姑
9470,伴郎
9471,宇航员
9472,金牌
9473,喷泉
9474,种族主义
9475,剧组
9476,狮
9477,条约
9478,安全局
9479,园丁
9480,谷仓
9481,进食
9482,歌舞
9483,掷
9484,海水
9485,手指头
9486,刊登
9487,喘气
9488,回话
9489,击掌
9490,遇难
9491,冷却
9492,叶子
9493,医务
9494,共鸣
9495,话筒
9496,辨
9497,推广
9498,洲
9499,保全
9500,黑白
9501,前额
9502,出境
9503,起死回生
9504,扣留
9505,原型
9506,腐蚀
9507,剁
9508,长途
9509,倒闭
9510,病症
9511,一月
9512,扼杀
9513,受审
9514,空洞
9515,无理
9516,不省人事
9517,中等
9518,小看
9519,浮现
9520,直面
9521,着装
9522,言行
9523,蒙蔽
9524,糟蹋
9525,行径
9526,常理
9527,演变
9528,深受
9529,无需
9530,雪橇
9531,核磁共振
9532,昆虫
9533,热带
9534,奶牛
9535,宁
9536,编码
9537,盲人
9538,许愿
9539,锤
9540,沙龙
9541,映
9542,流畅
9543,饶恕
9544,农夫
9545,虚拟
9546,反馈
9547,表态
9548,忧伤
9549,埋藏
9550,抽搐
9551,楼层
9552,配偶
9553,班级
9554,天子
9555,稍候
9556,音量
9557,加工
9558,干洗
9559,老娘
9560,搜捕
9561,面向
9562,相聚
9563,谜团
9564,关怀
9565,冷淡
9566,还债
9567,叫菜
9568,点菜
9569,怒气
9570,胸膛
9571,出格
9572,颠覆
9573,后边
9574,伤势
9575,断定
9576,犹如
9577,赴
9578,跨过
9579,顶端
9580,美酒
9581,用尽
9582,修建
9583,事宜
9584,默默
9585,吓倒
9586,减弱
9587,共处
9588,半点
9589,转化
9590,腾出
9591,除外
9592,出奇
9593,苦头
9594,径直
9595,说辞
9596,尽早
9597,核弹
9598,尤
9599,血型
9600,玛格丽特
9601,分娩
9602,老兵
9603,女皇
9604,获奖
9605,访谈
9606,命案
9607,突
9608,巡回演出
9609,坠
9610,运动鞋
9611,挨饿
9612,开价
9613,布景
9614,饰
9615,漫
9616,浓度
9617,刑期
9618,继承人
9619,波动
9620,风云
9621,水槽
9622,牙买加
9623,合众国
9624,节食
9625,高空
9626,听力
9627,栓
9628,树丛
9629,极品
9630,哑巴
9631,行凶
9632,调皮
9633,少量
9634,白马王子
9635,错觉
9636,稀
9637,灌醉
9638,过渡
9639,包扎
9640,畅销
9641,钱财
9642,结识
9643,笑柄
9644,诀窍
9645,敬重
9646,引出
9647,凭借
9648,傻乎乎
9649,格外
9650,底层
9651,氛围
9652,规
9653,步步
9654,出马
9655,川
9656,陪审员
9657,疫苗
9658,共和国
9659,耗子
9660,肃静
9661,射线
9662,字条
9663,氯
9664,矮子
9665,失明
9666,证券
9667,软糖
9668,主机
9669,开业
9670,乞丐
9671,日出
9672,大兵
9673,守则
9674,暴君
9675,弓
9676,大王
9677,俄亥俄州
9678,深色
9679,舞池
9680,本土
9681,副手
9682,捉住
9683,山脉
9684,废除
9685,胡椒
9686,性病
9687,骚乱
9688,气管
9689,不要脸
9690,战线
9691,裁定
9692,枯燥
9693,高雅
9694,小册子
9695,聋子
9696,掀起
9697,爱戴
9698,入场
9699,老年人
9700,上前
9701,顺从
9702,紊乱
9703,膨胀
9704,收工
9705,单人
9706,外貌
9707,直视
9708,外形
9709,交际
9710,发怒
9711,起身
9712,凡是
9713,渺茫
9714,招数
9715,高于
9716,赠送
9717,过头
9718,健壮
9719,极力
9720,分明
9721,规范
9722,游手好闲
9723,打通
9724,徒劳
9725,至此
9726,心地
9727,货真价实
9728,开创
9729,比特
9730,中间人
9731,鲨
9732,锦标赛
9733,波斯
9734,巫术
9735,骷髅
9736,海浪
9737,澳洲
9738,旅行者
9739,替身
9740,移民局
9741,布道
9742,同性
9743,胺
9744,摄影棚
9745,嬉皮士
9746,潜质
9747,法令
9748,弹琴
9749,丘
9750,海绵
9751,法规
9752,人气
9753,器材
9754,三分之一
9755,烈火
9756,过滤
9757,券
9758,急诊
9759,碰撞
9760,外围
9761,盛
9762,照亮
9763,厮
9764,公告
9765,邀请函
9766,饮酒
9767,心智
9768,视角
9769,文档
9770,健全
9771,绳之以法
9772,看管
9773,聘请
9774,情结
9775,陶醉
9776,辨别
9777,例行公事
9778,凑巧
9779,血肉
9780,迈出
9781,受惊
9782,恰巧
9783,分布
9784,老掉牙
9785,用作
9786,小意思
9787,挫败
9788,夸大
9789,滑冰
9790,园
9791,试演
9792,参议院
9793,幻象
9794,迹
9795,腌
9796,奶子
9797,平行
9798,内阁
9799,鲑鱼
9800,炎
9801,攀
9802,手动
9803,全速
9804,单元
9805,立正
9806,冬季
9807,抵制
9808,手电筒
9809,荡
9810,九月
9811,怀旧
9812,割伤
9813,致电
9814,和蔼
9815,右侧
9816,野人
9817,光滑
9818,酒会
9819,时段
9820,辫子
9821,单干
9822,远方
9823,酬劳
9824,换班
9825,窃取
9826,放慢
9827,胜算
9828,多嘴
9829,唬
9830,以牙还牙
9831,生锈
9832,反悔
9833,提防
9834,钟爱
9835,晋升
9836,指明
9837,收敛
9838,难看
9839,剧烈
9840,情理
9841,严峻
9842,合得来
9843,充当
9844,辛勤
9845,多种
9846,搁
9847,有所不同
9848,急于
9849,有鉴于此
9850,老鹰
9851,提案
9852,乌
9853,法师
9854,堕胎
9855,灰姑娘
9856,邮票
9857,教区
9858,泽
9859,哮喘
9860,斧头
9861,头巾
9862,拘留所
9863,赌徒
9864,大头
9865,钳
9866,奋力
9867,通奸
9868,倒塌
9869,姓氏
9870,发言人
9871,伴奏
9872,冤枉
9873,傀儡
9874,起居室
9875,跳出
9876,说道
9877,痒痒
9878,江湖
9879,凉快
9880,商标
9881,铲除
9882,车主
9883,当班
9884,崇拜者
9885,款式
9886,甜品
9887,呛
9888,烈酒
9889,个体
9890,警力
9891,亲属
9892,无从
9893,差异
9894,本领
9895,解答
9896,创立
9897,芝麻
9898,双臂
9899,胜地
9900,处事
9901,引人注意
9902,丧气
9903,实质
9904,兜圈子
9905,措辞
9906,束手无策
9907,托马斯
9908,松子
9909,孙
9910,酮
9911,鞠躬
9912,日报
9913,吸尘器
9914,外伤
9915,票数
9916,顶楼
9917,溺水
9918,口号
9919,栏杆
9920,心术
9921,大牢
9922,笔录
9923,册
9924,妇人
9925,打下
9926,胡须
9927,尺码
9928,佣金
9929,中立
9930,风味
9931,输赢
9932,灰烬
9933,腾
9934,逆转
9935,价值观
9936,马力
9937,遗物
9938,信服
9939,平庸
9940,轨迹
9941,毒害
9942,题材
9943,弹性
9944,名堂
9945,繁荣
9946,求生
9947,小刀
9948,资
9949,惹事
9950,总体
9951,素材
9952,境界
9953,驻扎
9954,管教
9955,一事无成
9956,令人
9957,潇洒
9958,公然
9959,两码事
9960,成百上千
9961,拥护
9962,不知不觉
9963,神像
9964,伊丽莎白
9965,舰
9966,情人节
9967,皇帝
9968,王后
9969,投手
9970,绑匪
9971,威尼斯
9972,艾滋病
9973,乃
9974,变性
9975,妖怪
9976,泊
9977,木板
9978,突击队
9979,匕首
9980,粪便
9981,卵
9982,海鲜
9983,店铺
9984,渐
9985,女主人
9986,入伍
9987,修剪
9988,嗅觉
9989,成像
9990,瘸
9991,吉利
9992,火警
9993,手帕
9994,至上
9995,图书
9996,首府
9997,电路
9998,转圈
9999,改头换面
10000,下滑
10001,分部
10002,老年
10003,凶残
10004,主观
10005,旁观者
10006,援
10007,小吃
10008,叼
10009,嘲弄
10010,先例
10011,轮廓
10012,全权
10013,偷懒
10014,聚光灯
10015,忧虑
10016,纵容
10017,掏钱
10018,块头
10019,节约
10020,精力充沛
10021,华语
10022,汉语
10023,跟不上
10024,仓促
10025,托付
10026,不只
10027,出乎
10028,勤奋
10029,被动
10030,下一代
10031,半路
10032,鲍
10033,垫底
10034,陶
10035,迪斯科
10036,迷宫
10037,伊朗
10038,大炮
10039,牙膏
10040,爵士乐
10041,药剂
10042,洪水
10043,高速路
10044,愈
10045,米饭
10046,弗吉尼亚
10047,放射性
10048,星座
10049,志
10050,火把
10051,工具箱
10052,遗失
10053,冰山
10054,情书
10055,蠢驴
10056,主使
10057,通行
10058,完结
10059,礼堂
10060,周游
10061,爱慕
10062,瞎扯
10063,衬
10064,流淌
10065,枪毙
10066,权势
10067,听命
10068,去除
10069,肌肤
10070,幌子
10071,日复一日
10072,显微镜
10073,促进
10074,货色
10075,警觉
10076,退休金
10077,后天
10078,时日
10079,无条件
10080,不停
10081,过瘾
10082,顽强
10083,逢
10084,高涨
10085,高超
10086,够格
10087,郑重
10088,细心
10089,硕士
10090,郊外
10091,通电话
10092,里加
10093,行当
10094,日夜
10095,自觉
10096,开门见山
10097,布鲁斯
10098,珀
10099,阿根廷
10100,葛
10101,密室
10102,控制室
10103,桃子
10104,站台
10105,斯坦福
10106,瓦斯
10107,猩猩
10108,大号
10109,篝火
10110,拉丁语
10111,制造商
10112,蚊子
10113,发亮
10114,消防队
10115,育
10116,迷幻药
10117,示威
10118,戒毒所
10119,原子
10120,府
10121,衰老
10122,长袍
10123,支柱
10124,电器
10125,私立
10126,恩惠
10127,洗衣店
10128,稻草
10129,纸牌
10130,憎恶
10131,微风
10132,主人公
10133,逆
10134,过道
10135,恩赐
10136,捣
10137,列入
10138,龌龊
10139,构造
10140,慌张
10141,受害
10142,平和
10143,邋遢
10144,橱柜
10145,挺身而出
10146,匆匆
10147,筹划
10148,屋檐
10149,好使
10150,插曲
10151,谢意
10152,装饰品
10153,刮目相看
10154,清扫
10155,齐心协力
10156,寄托
10157,促成
10158,惊险
10159,瞩目
10160,志愿
10161,脸庞
10162,长远
10163,难以忍受
10164,万无一失
10165,牵挂
10166,连锁店
10167,天晓得
10168,领会
10169,无济于事
10170,晃悠
10171,置之不理
10172,无稽之谈
10173,光明正大
10174,加重
10175,镶
10176,乱糟糟
10177,趁机
10178,到手
10179,请教
10180,蛛丝马迹
10181,罗杰
10182,朴
10183,探戈
10184,华尔兹
10185,哔
10186,肾脏
10187,拳击手
10188,囊
10189,大桥
10190,接球
10191,前行
10192,失事
10193,金字塔
10194,墨西哥人
10195,收容所
10196,双面
10197,失窃
10198,入选
10199,残疾人
10200,盔甲
10201,注射器
10202,晚礼服
10203,绿灯
10204,侦
10205,柠檬水
10206,期末
10207,行李箱
10208,倾斜
10209,反叛
10210,春季
10211,苯
10212,女装
10213,赞助商
10214,订购
10215,氢
10216,尘土
10217,评
10218,凹
10219,醇
10220,储蓄
10221,变换
10222,小麦
10223,野性
10224,叫喊
10225,重温
10226,密谋
10227,非正式
10228,辈
10229,神智
10230,判定
10231,良知
10232,地形
10233,卸下
10234,复印件
10235,任性
10236,赠
10237,自助
10238,庄严
10239,晨
10240,如意
10241,卓越
10242,大雨
10243,相貌
10244,历险
10245,久仰
10246,抑或
10247,临近
10248,进发
10249,算账
10250,重播
10251,双亲
10252,斩
10253,恰到好处
10254,盹
10255,未能
10256,自相残杀
10257,开阔
10258,乱套
10259,毫发
10260,纳税人
10261,遭殃
10262,耿耿于怀
10263,忧
10264,福尔摩斯
10265,潜艇
10266,购
10267,拍卖会
10268,矿
10269,降落伞
10270,跳伞
10271,纽扣
10272,刺客
10273,告密者
10274,普林斯顿
10275,海豹
10276,丹麦
10277,密探
10278,北京
10279,骑兵
10280,菠萝
10281,蟹
10282,闹鬼
10283,四月
10284,杂碎
10285,厨子
10286,润
10287,奏
10288,粮食
10289,厄运
10290,巷
10291,水流
10292,影迷
10293,无名
10294,培根
10295,烈
10296,女婿
10297,礼仪
10298,谐音
10299,并发症
10300,骨骼
10301,押韵
10302,出版社
10303,西瓜
10304,夺冠
10305,拷打
10306,栽赃
10307,败类
10308,撤出
10309,跑腿
10310,选项
10311,潜逃
10312,痛楚
10313,认证
10314,携手
10315,静止
10316,口头
10317,出行
10318,贴身
10319,招聘
10320,赶路
10321,商讨
10322,含糊
10323,缓刑
10324,户头
10325,领悟
10326,诋毁
10327,资本
10328,当代
10329,筛选
10330,产物
10331,二手
10332,阶级
10333,晒太阳
10334,张扬
10335,片断
10336,新星
10337,压倒
10338,卖弄
10339,添加
10340,机智
10341,高处
10342,惨剧
10343,敢于
10344,闷闷不乐
10345,交情
10346,车程
10347,踪影
10348,傍晚
10349,正巧
10350,不合
10351,范
10352,洁
10353,豹
10354,振
10355,北极
10356,梨
10357,胶片
10358,梯
10359,卜
10360,月经
10361,打针
10362,引力
10363,活埋
10364,微型
10365,狂人
10366,邮递员
10367,草原
10368,运动衫
10369,峰
10370,生父
10371,弹奏
10372,摇篮
10373,归队
10374,腊肠
10375,交火
10376,解读
10377,削减
10378,笼
10379,重症
10380,收听
10381,研讨会
10382,丰
10383,市政
10384,熄
10385,海滨
10386,违抗
10387,灵敏
10388,析
10389,死党
10390,十字路口
10391,打垮
10392,盛宴
10393,卷发
10394,老百姓
10395,坚硬
10396,罢手
10397,虚无
10398,安详
10399,瑕疵
10400,收取
10401,罗嗦
10402,爱护
10403,判刑
10404,通用
10405,上交
10406,出世
10407,枪法
10408,贪心
10409,头等
10410,流程
10411,甭
10412,迎
10413,卑微
10414,配备
10415,建成
10416,神魂
10417,精华
10418,留神
10419,哪门子
10420,融
10421,巅峰
10422,真谛
10423,泄气
10424,低声
10425,只顾
10426,归属
10427,削弱
10428,诚挚
10429,京
10430,狄
10431,布拉格
10432,弟
10433,难民
10434,妖精
10435,选民
10436,溜冰
10437,地雷
10438,后卫
10439,泉
10440,弃权
10441,跟班
10442,左撇子
10443,堂兄
10444,宵禁
10445,智能
10446,统治者
10447,头颅
10448,柴
10449,部下
10450,射程
10451,烟囱
10452,通通
10453,午
10454,柔
10455,围栏
10456,病史
10457,抑郁症
10458,蓝图
10459,组装
10460,斗殴
10461,奸
10462,肖像
10463,确诊
10464,门廊
10465,挣脱
10466,潜伏
10467,顶层
10468,南面
10469,表白
10470,外壳
10471,集结
10472,机制
10473,释怀
10474,呼吁
10475,书本
10476,敬爱
10477,名词
10478,定居
10479,素质
10480,外地
10481,小人物
10482,历史性
10483,递交
10484,丑恶
10485,滑头
10486,下葬
10487,运营
10488,特大
10489,新奇
10490,签发
10491,急性
10492,发臭
10493,定做
10494,转给
10495,轻举妄动
10496,顶替
10497,拖累
10498,分量
10499,大权
10500,一方面
10501,伟人
10502,照常
10503,德行
10504,如愿
10505,大白天
10506,明媚
10507,些许
10508,扪心自问
10509,一度
10510,精髓
10511,得力
10512,极点
10513,甜头
10514,抽身
10515,初衷
10516,原子弹
10517,灯塔
10518,光速
10519,国安
10520,椰子
10521,理发
10522,溪
10523,坎
10524,炸鸡
10525,被害者
10526,厢
10527,雪花
10528,肋
10529,睫毛
10530,叙述
10531,避难
10532,捷
10533,寂静
10534,嗡嗡
10535,表决
10536,曲目
10537,交战
10538,气温
10539,地铁站
10540,绞死
10541,粉刷
10542,影院
10543,呕
10544,行刑
10545,恐怖主义
10546,通风口
10547,传染病
10548,切割
10549,懒惰
10550,摆动
10551,半径
10552,果子
10553,无用
10554,种马
10555,食言
10556,得病
10557,点名
10558,推倒
10559,再婚
10560,好手
10561,圆形
10562,星光
10563,上任
10564,爱抚
10565,住宿
10566,判处
10567,阵营
10568,鞭子
10569,父女
10570,获利
10571,采纳
10572,焕然一新
10573,归于
10574,煽
10575,走漏
10576,认清
10577,回音
10578,图画
10579,甜言蜜语
10580,同等
10581,凝视
10582,觉察
10583,过往
10584,私自
10585,形态
10586,冷水
10587,死讯
10588,席卷
10589,言辞
10590,以致
10591,说明书
10592,显著
10593,闹事
10594,茬
10595,牺牲品
10596,扩展
10597,特性
10598,行好
10599,作祟
10600,看中
10601,不耐烦
10602,未免
10603,相提并论
10604,逼真
10605,爱德华
10606,中校
10607,珍
10608,弥
10609,舅舅
10610,选美
10611,美人鱼
10612,海龟
10613,叛变
10614,匪
10615,乡
10616,黑道
10617,年鉴
10618,猎手
10619,佳人
10620,供词
10621,斑点
10622,体育场
10623,暴风雪
10624,中场
10625,牛津
10626,螺丝
10627,炉
10628,识字
10629,大蒜
10630,船只
10631,短片
10632,本子
10633,放映
10634,行贿
10635,氧化
10636,佛罗里达州
10637,名言
10638,私生子
10639,击毙
10640,失调
10641,胁迫
10642,三月
10643,竞争力
10644,高傲
10645,态
10646,东欧
10647,有线
10648,不愧
10649,清静
10650,中餐
10651,脚趾头
10652,文件夹
10653,实地
10654,谣传
10655,输家
10656,裤裆
10657,良
10658,灵光
10659,烟灰缸
10660,酒水
10661,拎
10662,搞鬼
10663,成绩单
10664,走近
10665,光天化日
10666,复生
10667,身影
10668,外行
10669,抢先
10670,深情
10671,过早
10672,支出
10673,远走高飞
10674,玩火
10675,岔子
10676,理睬
10677,初期
10678,查阅
10679,旺盛
10680,安危
10681,无懈可击
10682,尖锐
10683,免受
10684,深思熟虑
10685,顶多
10686,致以
10687,阵子
10688,有待
10689,长成
10690,一身
10691,难以启齿
10692,档次
10693,阿姆斯特丹
10694,龙卷风
10695,摩西
10696,杨
10697,炮弹
10698,指挥部
10699,踢踏舞
10700,婶婶
10701,防火墙
10702,气象
10703,分队
10704,划船
10705,机枪
10706,小溪
10707,席位
10708,墨镜
10709,犹太教
10710,儿科
10711,偷拍
10712,粉末
10713,图表
10714,平面
10715,毫升
10716,疑点
10717,种植
10718,意念
10719,步兵
10720,墓碑
10721,杂志社
10722,赡养费
10723,投资者
10724,水源
10725,自主
10726,费力
10727,泥巴
10728,黑名单
10729,谈心
10730,尸骨
10731,浪子
10732,链子
10733,战后
10734,气流
10735,油箱
10736,弯腰
10737,美景
10738,启用
10739,奉命
10740,获得者
10741,黏
10742,复职
10743,本市
10744,星巴克
10745,谚语
10746,君子
10747,制品
10748,座椅
10749,立案
10750,东面
10751,蔑视
10752,连累
10753,祖父母
10754,开饭
10755,致意
10756,太平
10757,跃
10758,一家子
10759,头像
10760,顶嘴
10761,亮相
10762,路人
10763,肿胀
10764,深信
10765,完好无损
10766,档子
10767,卑劣
10768,公共场所
10769,可观
10770,捉摸
10771,危在旦夕
10772,讲究
10773,退路
10774,自找麻烦
10775,底细
10776,招手
10777,厚道
10778,无故
10779,罪魁祸首
10780,公认
10781,摆设
10782,告终
10783,任由
10784,不可收拾
10785,里弄
10786,敬请
10787,随时随地
10788,不能不
10789,航
10790,帝
10791,尼斯
10792,特技
10793,坦
10794,车队
10795,玉
10796,全美
10797,放射
10798,要塞
10799,秋
10800,电缆
10801,大气
10802,巡逻队
10803,咖喱
10804,渔夫
10805,强迫症
10806,退伍
10807,绒
10808,科罗拉多
10809,鱼子酱
10810,自传
10811,食谱
10812,平原
10813,体检
10814,马萨诸塞州
10815,毯
10816,疗养院
10817,酥
10818,吊销
10819,申请表
10820,饰演
10821,杏仁
10822,圣洁
10823,优惠券
10824,举杯
10825,毫克
10826,电子游戏
10827,拉丁文
10828,毛茸茸
10829,买主
10830,棋子
10831,雨水
10832,捐助
10833,器械
10834,酒杯
10835,挟持
10836,反面
10837,后方
10838,用具
10839,害人
10840,让路
10841,哲学家
10842,劳工
10843,转角
10844,鼻孔
10845,喊叫
10846,高压
10847,回国
10848,实用
10849,便是
10850,跤
10851,竖起
10852,假冒
10853,仰慕
10854,沉溺
10855,社保
10856,细微
10857,晾
10858,全天候
10859,新任
10860,人为
10861,速决
10862,正视
10863,垂直
10864,开脱
10865,救星
10866,亲笔
10867,一窍不通
10868,齐全
10869,彻夜
10870,干系
10871,识破
10872,搭理
10873,自作聪明
10874,唐突
10875,同音
10876,成败
10877,水落石出
10878,无影无踪
10879,有生以来
10880,独舞
10881,杉
10882,莲
10883,集中营
10884,殖民地
10885,伟
10886,打嗝
10887,停火
10888,伪证
10889,市政府
10890,洗钱
10891,油画
10892,新兵
10893,皇宫
10894,的士
10895,地窖
10896,航海
10897,监
10898,草图
10899,骰子
10900,溺死
10901,取向
10902,村里
10903,物理学家
10904,颅
10905,顺风
10906,十月
10907,薄荷糖
10908,叨
10909,动画
10910,银行家
10911,园艺
10912,霹雳
10913,餐巾
10914,后排
10915,奢华
10916,舞曲
10917,偷盗
10918,施工
10919,气势
10920,绵羊
10921,工钱
10922,取证
10923,追击
10924,资深
10925,高温
10926,素描
10927,长椅
10928,焚
10929,回车
10930,小船
10931,断裂
10932,顶峰
10933,美德
10934,美国人
10935,眼线
10936,传话
10937,不起眼
10938,卑
10939,发言权
10940,惬意
10941,治病
10942,臭气
10943,牢固
10944,精密
10945,担当
10946,喂养
10947,捕获
10948,小动作
10949,空前
10950,赶往
10951,无暇
10952,合乎
10953,带回
10954,源泉
10955,纵
10956,熟知
10957,言归正传
10958,穿戴
10959,亲眼目睹
10960,结交
10961,身价
10962,糊口
10963,千载难逢
10964,付诸
10965,海伦
10966,海选
10967,企鹅
10968,放逐
10969,粒子
10970,枪械
10971,便士
10972,动态
10973,贝壳
10974,侍者
10975,医务室
10976,暴风
10977,吉祥物
10978,读数
10979,哈利路亚
10980,禁令
10981,母女
10982,推荐信
10983,讲座
10984,塑料袋
10985,岳父
10986,民间
10987,前夜
10988,特辑
10989,时钟
10990,骨架
10991,冥想
10992,越战
10993,鸣
10994,下药
10995,斧子
10996,柱
10997,橙
10998,勇猛
10999,暗语
11000,实体
11001,奥林匹克
11002,心胸
11003,猪排
11004,鳄
11005,小说家
11006,排行榜
11007,肤
11008,稿子
11009,文凭
11010,营销
11011,力度
11012,哇哇
11013,熄灯
11014,所有权
11015,采购
11016,有色
11017,职权
11018,证人席
11019,柔和
11020,寻觅
11021,手提包
11022,字幕
11023,颠簸
11024,侵蚀
11025,同僚
11026,复发
11027,受训
11028,填写
11029,全局
11030,装束
11031,腰部
11032,瓦解
11033,俗气
11034,信教
11035,结晶
11036,违
11037,抵御
11038,奉承
11039,悬念
11040,平稳
11041,单调
11042,腐朽
11043,强加
11044,旧事
11045,轻视
11046,内涵
11047,总而言之
11048,依我看
11049,暗地里
11050,用意
11051,合情合理
11052,耻
11053,重蹈覆辙
11054,后脑勺
11055,巴不得
11056,早先
11057,唤起
11058,西德
11059,史蒂夫
11060,诺亚
11061,拼图
11062,蜂
11063,下士
11064,冰球
11065,黑洞
11066,帖
11067,比利时
11068,检察院
11069,咦
11070,相亲
11071,朱
11072,荒野
11073,孬种
11074,弹头
11075,国防
11076,高音
11077,拌
11078,继母
11079,家教
11080,火化
11081,共产主义
11082,收银
11083,噎
11084,照耀
11085,斗志
11086,音频
11087,悬赏
11088,面粉
11089,伤员
11090,泄密
11091,开学
11092,钩子
11093,储藏
11094,召回
11095,大理石
11096,会场
11097,珠子
11098,周期
11099,虚幻
11100,木马
11101,音调
11102,电话簿
11103,暂
11104,凭着
11105,鉴别
11106,医治
11107,监测
11108,桥梁
11109,践踏
11110,悼念
11111,人道
11112,内出血
11113,大洋
11114,亲友
11115,座右铭
11116,名流
11117,残余
11118,合拍
11119,维他命
11120,对策
11121,不单
11122,犯案
11123,磨损
11124,高高在上
11125,宠爱
11126,瞧不起
11127,择
11128,决定性
11129,欢心
11130,沉醉
11131,污秽
11132,钳子
11133,相像
11134,八月
11135,无心
11136,酊
11137,儿女
11138,醒悟
11139,死路一条
11140,阻挠
11141,利索
11142,馊主意
11143,保养
11144,冲洗
11145,绝非
11146,逍遥
11147,常用
11148,铺盖
11149,改写
11150,整日
11151,声望
11152,内情
11153,分担
11154,上阵
11155,积累
11156,要好
11157,在行
11158,一个个
11159,岌岌可危
11160,现代舞
11161,调头
11162,爵士舞
11163,类固醇
11164,讯号
11165,总理
11166,坠机
11167,维也纳
11168,战斗机
11169,共产党
11170,大脚
11171,盾牌
11172,摄
11173,岗
11174,锡
11175,平局
11176,通心粉
11177,养老院
11178,贺卡
11179,啪
11180,卵子
11181,橱窗
11182,中奖
11183,入场券
11184,卧
11185,亚利桑那州
11186,大都会
11187,合金
11188,盘旋
11189,英亩
11190,小区
11191,气压
11192,围裙
11193,瘸子
11194,祝愿
11195,录像机
11196,脑浆
11197,持械
11198,女权
11199,税收
11200,套餐
11201,名额
11202,合唱
11203,著作
11204,入院
11205,揭示
11206,河水
11207,聚餐
11208,生殖器
11209,星期日
11210,宾客
11211,人种
11212,核查
11213,存货
11214,实时
11215,税务
11216,安检
11217,挥霍
11218,开机
11219,返
11220,延误
11221,开场白
11222,决议
11223,死心
11224,煽动
11225,原意
11226,中产阶级
11227,天衣无缝
11228,提拔
11229,不祥
11230,撂
11231,下贱
11232,供应商
11233,减掉
11234,教唆
11235,营造
11236,顺带
11237,籍
11238,迎合
11239,交涉
11240,察看
11241,慢性
11242,逼近
11243,蹂躏
11244,无常
11245,病床
11246,委婉
11247,倒退
11248,有利于
11249,渴求
11250,惊醒
11251,添乱
11252,肆意
11253,争端
11254,搞好
11255,起先
11256,沦落
11257,愣
11258,赤裸裸
11259,念叨
11260,乱子
11261,事前
11262,闹翻
11263,比起
11264,直截了当
11265,一干二净
11266,用语
11267,督察
11268,碧
11269,吾
11270,手稿
11271,香料
11272,甲壳
11273,杂耍
11274,潘
11275,南非
11276,萨斯
11277,单车
11278,定律
11279,选拔
11280,裁
11281,灭火
11282,传教士
11283,包厢
11284,流星
11285,裂痕
11286,橡树
11287,食堂
11288,讣告
11289,获救
11290,扫帚
11291,剃刀
11292,柱子
11293,漏水
11294,呸
11295,作曲家
11296,勺
11297,瞳孔
11298,新泽西州
11299,蓬
11300,亚利桑那
11301,叛国罪
11302,扑灭
11303,校友
11304,首脑
11305,搅拌
11306,哑
11307,挚友
11308,推论
11309,担架
11310,遗孀
11311,调料
11312,关禁闭
11313,信誉
11314,防火
11315,站立
11316,遗留
11317,宵
11318,潜能
11319,凶猛
11320,旋
11321,住房
11322,格子
11323,任职
11324,尽职
11325,退化
11326,阶层
11327,忘恩负义
11328,背弃
11329,发票
11330,仰
11331,冻僵
11332,腔调
11333,留恋
11334,沉闷
11335,田地
11336,拍马屁
11337,一头
11338,增大
11339,往日
11340,疯疯癫癫
11341,解数
11342,世道
11343,签订
11344,坐以待毙
11345,自作主张
11346,无妨
11347,见不得人
11348,背黑锅
11349,全神贯注
11350,自保
11351,睿智
11352,偏爱
11353,骨子里
11354,所得
11355,叫作
11356,传开
11357,来头
11358,加里
11359,嗒
11360,典
11361,武
11362,芙
11363,议案
11364,学徒
11365,泳装
11366,空姐
11367,投篮
11368,磁
11369,殡仪馆
11370,巡
11371,王冠
11372,电话亭
11373,藤
11374,金鱼
11375,小鸡
11376,部件
11377,算法
11378,生火
11379,篱笆
11380,口令
11381,国务院
11382,护身符
11383,钢笔
11384,嬉
11385,导游
11386,羊水
11387,结盟
11388,刃
11389,太平间
11390,鸟类
11391,公务员
11392,收藏家
11393,跳蚤
11394,帆船
11395,立法
11396,宣战
11397,屏蔽
11398,中介
11399,接线员
11400,隔间
11401,入境
11402,问答
11403,密度
11404,截获
11405,警报器
11406,残留物
11407,运动场
11408,邻里
11409,弹孔
11410,东东
11411,吼叫
11412,阉
11413,切口
11414,黄昏
11415,灌木丛
11416,薄弱
11417,暴行
11418,要挟
11419,嵌
11420,似曾相识
11421,小报
11422,人道主义
11423,侵害
11424,告辞
11425,隶属
11426,就座
11427,官僚
11428,缩短
11429,婚约
11430,无足轻重
11431,轻柔
11432,摆放
11433,现任
11434,开花
11435,告诫
11436,历程
11437,萦绕
11438,指指点点
11439,竭力
11440,对应
11441,酝酿
11442,负有
11443,骚动
11444,诬陷
11445,自立
11446,跟前
11447,报销
11448,分为
11449,心眼
11450,室外
11451,血流
11452,邂逅
11453,有种
11454,破例
11455,超凡
11456,以防
11457,分支
11458,拉里
11459,机长
11460,好球
11461,巴尔的摩
11462,柳
11463,骨髓
11464,暗算
11465,庆
11466,鼓手
11467,王位
11468,竞
11469,美术
11470,卫兵
11471,唾液
11472,玩艺
11473,旺
11474,车位
11475,浴盆
11476,看台
11477,草药
11478,叛乱
11479,肺炎
11480,书包
11481,呜呼
11482,钞
11483,领头
11484,抛锚
11485,大意
11486,污渍
11487,关节炎
11488,飞机场
11489,化学反应
11490,促销
11491,矫正
11492,刽子手
11493,标志性
11494,眩晕
11495,署名
11496,工作者
11497,光亮
11498,停车位
11499,用功
11500,大堂
11501,局部
11502,胡来
11503,胆怯
11504,台下
11505,孩童
11506,磨难
11507,奴役
11508,数以千计
11509,不朽
11510,精疲力竭
11511,逞
11512,挨揍
11513,芳
11514,中西部
11515,衰退
11516,奢望
11517,耳目
11518,揽
11519,珍藏
11520,遮掩
11521,小聪明
11522,创办
11523,史无前例
11524,流出
11525,责任心
11526,带头
11527,容纳
11528,容貌
11529,弥漫
11530,看上
11531,传授
11532,叙旧
11533,改掉
11534,温顺
11535,寻死
11536,拘束
11537,恭候
11538,前头
11539,不合时宜
11540,时时刻刻
11541,所属
11542,投身
11543,应有尽有
11544,波多黎各
11545,敌军
11546,萝卜
11547,野猫
11548,假牙
11549,盗贼
11550,泛
11551,乌克兰
11552,法西斯
11553,凝
11554,手推车
11555,大选
11556,逼供
11557,捕鱼
11558,教义
11559,后裔
11560,榜
11561,眼罩
11562,诱拐
11563,纯真
11564,决战
11565,津贴
11566,混凝土
11567,飞跃
11568,蒸
11569,生态
11570,盐水
11571,无瑕
11572,轻率
11573,镇压
11574,窝囊废
11575,珍爱
11576,零花钱
11577,数额
11578,诈
11579,夺得
11580,调戏
11581,呼喊
11582,流汗
11583,来历
11584,竞争者
11585,口子
11586,境况
11587,现今
11588,阻塞
11589,出类拔萃
11590,沉思
11591,礼品
11592,仪表
11593,夜色
11594,试穿
11595,舆论
11596,剥削
11597,预示
11598,台子
11599,恶臭
11600,向着
11601,顺眼
11602,心里话
11603,不巧
11604,辍学
11605,甩开
11606,破旧
11607,犹豫不决
11608,不经意
11609,局限
11610,安好
11611,换成
11612,动弹
11613,专程
11614,遵照
11615,真相大白
11616,干劲
11617,渗入
11618,引进
11619,转折点
11620,染上
11621,乱成一团
11622,可见
11623,分道扬镳
11624,起因
11625,迪克
11626,阿里
11627,流浪者
11628,嘎
11629,马厩
11630,超模
11631,大猩猩
11632,姿
11633,欢快
11634,希伯来
11635,豌豆
11636,联合会
11637,插头
11638,重金属
11639,陀
11640,粮
11641,叮当
11642,协
11643,萧条
11644,猥亵
11645,布料
11646,接入
11647,顶住
11648,董事
11649,皮鞋
11650,子民
11651,赎回
11652,王朝
11653,莫非
11654,还原
11655,空位
11656,游说
11657,频
11658,资料库
11659,悔恨
11660,执勤
11661,厕
11662,对峙
11663,巢穴
11664,禁区
11665,全市
11666,办事处
11667,撮合
11668,出人头地
11669,游乐场
11670,闪光灯
11671,路径
11672,阵亡
11673,评分
11674,半途而废
11675,脱落
11676,焚烧
11677,篡改
11678,第三世界
11679,食用
11680,胀
11681,无形
11682,循
11683,典范
11684,不公
11685,如实
11686,昨夜
11687,艰巨
11688,年幼
11689,远见
11690,陈词滥调
11691,打气
11692,神情
11693,转接
11694,生机
11695,老练
11696,床头柜
11697,宗旨
11698,原形
11699,相隔
11700,复古
11701,窍门
11702,劝说
11703,拉长
11704,抱负
11705,蓄
11706,敲响
11707,森严
11708,日益
11709,于事无补
11710,晕头转向
11711,如愿以偿
11712,远大
11713,老手
11714,从容
11715,交朋友
11716,奄奄一息
11717,诸如
11718,待续
11719,佐
11720,道奇
11721,战机
11722,纳米
11723,拿破仑
11724,绕道
11725,上海
11726,挪威
11727,痣
11728,项圈
11729,虱子
11730,巴拿马
11731,密西西比
11732,里拉
11733,债券
11734,彼
11735,旗子
11736,机动
11737,奖项
11738,梦游
11739,池子
11740,弹簧
11741,电磁
11742,垒球
11743,竞技
11744,标识
11745,下棋
11746,书名
11747,圣父
11748,委员
11749,西红柿
11750,烟火
11751,专访
11752,桔子
11753,毕加索
11754,葱
11755,花瓣
11756,独裁者
11757,平手
11758,大片
11759,真情
11760,植物人
11761,役
11762,无名小卒
11763,垂死
11764,胜诉
11765,漂流
11766,洗劫
11767,安葬
11768,军事基地
11769,协作
11770,阻
11771,碟子
11772,当下
11773,骇
11774,支架
11775,小车
11776,海岸线
11777,表亲
11778,破损
11779,遗愿
11780,通缉令
11781,间隔
11782,舍弃
11783,巡视
11784,展出
11785,醒目
11786,心肝
11787,平淡
11788,主修
11789,通缉犯
11790,好过
11791,私藏
11792,减慢
11793,人际关系
11794,熄火
11795,主流
11796,心急
11797,低俗
11798,汗水
11799,纷纷
11800,降生
11801,阻拦
11802,敷衍
11803,广阔
11804,橡皮
11805,扳
11806,显露
11807,业绩
11808,接见
11809,劣势
11810,闲话
11811,烘干
11812,四季
11813,毁灭性
11814,唧唧
11815,修饰
11816,惨重
11817,两下子
11818,与世隔绝
11819,前嫌
11820,首选
11821,直达
11822,无谓
11823,交还
11824,动向
11825,大发雷霆
11826,面目
11827,惋惜
11828,民宅
11829,干净利落
11830,钻进
11831,形影不离
11832,颜面
11833,支离破碎
11834,利于
11835,小心谨慎
11836,成效
11837,财宝
11838,金库
11839,秘鲁
11840,肇事
11841,排骨
11842,笛
11843,铁轨
11844,贫民区
11845,泵
11846,穴
11847,熨
11848,酶
11849,庄稼
11850,吸管
11851,米兰
11852,无名氏
11853,领队
11854,仿
11855,蹬
11856,公墓
11857,蛋黄
11858,莫扎特
11859,围墙
11860,议程
11861,鞋底
11862,雷管
11863,浓缩
11864,泼妇
11865,宣泄
11866,防弹
11867,欢喜
11868,饵
11869,突变
11870,抚慰
11871,结成
11872,浆
11873,崛起
11874,评论家
11875,句号
11876,日光浴
11877,折叠
11878,宴
11879,肥肉
11880,变质
11881,财物
11882,年份
11883,预科
11884,掩埋
11885,惧
11886,梦魇
11887,听觉
11888,技艺
11889,发电
11890,名副其实
11891,揣
11892,瞥
11893,连同
11894,响应
11895,小儿科
11896,摊牌
11897,一再
11898,中意
11899,循规蹈矩
11900,恩人
11901,宽大
11902,一动不动
11903,就读
11904,休止
11905,缓和
11906,划算
11907,着眼
11908,顺手
11909,情趣
11910,深信不疑
11911,改观
11912,烛光
11913,清点
11914,脑门
11915,翻开
11916,有朝一日
11917,手边
11918,附带
11919,得当
11920,奔波
11921,长夜
11922,原状
11923,波特
11924,欧元
11925,冬
11926,章鱼
11927,兰花
11928,梅毒
11929,匙
11930,民谣
11931,曹操
11932,颜料
11933,大爷
11934,络
11935,抽签
11936,疱疹
11937,接待员
11938,农业
11939,白血病
11940,太阳能
11941,表姐
11942,行医
11943,必胜
11944,候补
11945,图纸
11946,种族歧视
11947,大气层
11948,肉饼
11949,夕
11950,马匹
11951,摩洛哥
11952,棒子
11953,破译
11954,生母
11955,急速
11956,开幕式
11957,耶和华
11958,桑拿
11959,加薪
11960,头皮
11961,充气
11962,大妈
11963,低音
11964,幽
11965,兑换
11966,敌方
11967,防水
11968,哨
11969,信条
11970,信使
11971,塑
11972,书桌
11973,振动
11974,工作服
11975,鬼脸
11976,理疗
11977,雕刻
11978,肢解
11979,规章
11980,胸脯
11981,挫
11982,手术台
11983,邮报
11984,扫荡
11985,涮
11986,慈善家
11987,切换
11988,便衣
11989,时差
11990,填充
11991,盗用
11992,天窗
11993,释
11994,工作狂
11995,预付
11996,加长
11997,定制
11998,绝密
11999,境内
12000,后续
12001,畅销书
12002,密友
12003,盛装
12004,挂念
12005,娇
12006,撵
12007,建设性
12008,候选
12009,今生
12010,后期
12011,去处
12012,永世
12013,重塑
12014,扰
12015,母子
12016,试用
12017,劳力
12018,尾随
12019,恶感
12020,叙
12021,世界级
12022,装模作样
12023,无须
12024,出气
12025,风采
12026,手肘
12027,行人
12028,体格
12029,晚期
12030,力所能及
12031,措手不及
12032,再三
12033,即可
12034,机能
12035,共犯
12036,潦倒
12037,走神
12038,中期
12039,先锋
12040,刻苦
12041,食欲
12042,置身事外
12043,生平
12044,声响
12045,不菲
12046,不可开交
12047,大庭广众
12048,免除
12049,吝啬
12050,莫大
12051,自生自灭
12052,到家
12053,躁
12054,井井有条
12055,求之不得
12056,不觉
12057,紧接着
12058,收尾
12059,酋长
12060,纽
12061,银河
12062,加冕
12063,接生
12064,天鹅
12065,点评
12066,门诊
12067,货运
12068,臭虫
12069,暴乱
12070,技师
12071,鸡奸
12072,筷子
12073,算命
12074,菲律宾
12075,石膏
12076,钙
12077,内华达州
12078,解密
12079,皮夹
12080,日光
12081,再现
12082,溶
12083,药膏
12084,血债
12085,调子
12086,杂技
12087,神仙
12088,面纱
12089,纪录片
12090,编程
12091,诚信
12092,偷渡
12093,租约
12094,独身
12095,版权
12096,失火
12097,梁
12098,取暖
12099,饭桶
12100,打字
12101,黑板
12102,七月
12103,幽会
12104,太阳镜
12105,第三者
12106,巡逻车
12107,蒜
12108,手软
12109,资本主义
12110,商议
12111,长辈
12112,好评
12113,缓缓
12114,蠢人
12115,改过
12116,风骚
12117,西面
12118,洞察力
12119,晴朗
12120,贪
12121,东南
12122,反响
12123,顾及
12124,撇开
12125,不景气
12126,茧
12127,若无其事
12128,流言蜚语
12129,进退两难
12130,钠
12131,懒散
12132,大作
12133,动心
12134,忍无可忍
12135,海面
12136,装蒜
12137,文雅
12138,精光
12139,为时已晚
12140,卖掉
12141,双关语
12142,异国
12143,由衷
12144,一帆风顺
12145,向来
12146,取而代之
12147,无奈
12148,尽心尽力
12149,自始至终
12150,届时
12151,著称
12152,路子
12153,来龙去脉
12154,总归
12155,盾
12156,陨石
12157,猫头鹰
12158,幻影
12159,纱
12160,矶
12161,喵
12162,匈牙利
12163,铃铛
12164,封杀
12165,匠
12166,第一夫人
12167,喷射
12168,宝马
12169,伊斯兰
12170,运河
12171,隐身
12172,土著
12173,瓷器
12174,肛门
12175,神明
12176,烘
12177,金矿
12178,靶
12179,曾祖父
12180,天国
12181,导管
12182,公鸡
12183,体制
12184,防弹衣
12185,砖头
12186,谷物
12187,标本
12188,龄
12189,请柬
12190,高尔夫球场
12191,复制品
12192,驯服
12193,体形
12194,学历
12195,包容
12196,赛事
12197,感官
12198,黄酱
12199,古板
12200,飞逝
12201,开幕
12202,造反
12203,水龙头
12204,刷子
12205,林子
12206,常春藤
12207,研制
12208,交友
12209,慈爱
12210,投靠
12211,仨
12212,雄性
12213,诱
12214,租赁
12215,正宗
12216,雨伞
12217,缠绵
12218,顶部
12219,就业
12220,读取
12221,容光焕发
12222,几何
12223,搬运
12224,福气
12225,停靠
12226,更正
12227,战火
12228,聘用
12229,博得
12230,贩
12231,悬案
12232,秃
12233,膀胱
12234,予以
12235,低谷
12236,哀伤
12237,正门
12238,暧昧
12239,大于
12240,引入
12241,可信度
12242,欣喜若狂
12243,装腔作势
12244,痛不欲生
12245,下身
12246,简洁
12247,快餐店
12248,跑题
12249,性能
12250,还给
12251,无忧无虑
12252,经手
12253,没辙
12254,适可而止
12255,成家
12256,酩
12257,白领
12258,家当
12259,讲解
12260,痛打
12261,拒之门外
12262,下不为例
12263,动员
12264,相近
12265,不成
12266,怂恿
12267,涉足
12268,念念不忘
12269,羹
12270,莽撞
12271,下决心
12272,才干
12273,拳王
12274,金币
12275,摩尔
12276,浣熊
12277,蒸汽
12278,地牢
12279,空袭
12280,滋
12281,理发店
12282,努
12283,研究所
12284,巫
12285,音符
12286,木材
12287,牙科
12288,正当防卫
12289,论坛
12290,高利贷
12291,杀虫剂
12292,比萨饼
12293,毒枭
12294,羊羔
12295,裸露
12296,污水
12297,公款
12298,作曲
12299,波浪
12300,材
12301,颁
12302,倒车
12303,钛
12304,逃课
12305,做作
12306,结肠
12307,收押
12308,歪曲
12309,十亿
12310,岛屿
12311,纱布
12312,打响
12313,冒牌货
12314,申诉
12315,乌云
12316,病因
12317,警犬
12318,记事
12319,作主
12320,消费者
12321,警戒线
12322,趣味
12323,间断
12324,认领
12325,捆绑
12326,落伍
12327,酿
12328,服侍
12329,欠债
12330,发信
12331,不理
12332,和睦
12333,打喷嚏
12334,予
12335,隐居
12336,任期
12337,碧眼
12338,触及
12339,实况
12340,开办
12341,打消
12342,减去
12343,面容
12344,倒流
12345,劣质
12346,香槟酒
12347,沉着
12348,下辈子
12349,过关
12350,打分
12351,勇往直前
12352,场子
12353,深切
12354,鲜明
12355,不切实际
12356,杂物
12357,灰心
12358,滋润
12359,心甘情愿
12360,累赘
12361,分组
12362,带劲
12363,悠久
12364,奋战
12365,窥探
12366,诺贝尔
12367,宏伟
12368,霸占
12369,午后
12370,上风
12371,身着
12372,称得上
12373,惨遭
12374,风范
12375,总数
12376,明摆着
12377,寿命
12378,盘算
12379,疯话
12380,执意
12381,不屑
12382,悠闲
12383,估
12384,随口
12385,无非
12386,挤满
12387,家常便饭
12388,熊猫
12389,太空船
12390,上将
12391,婆婆
12392,长老
12393,贝尔
12394,配乐
12395,法警
12396,栗
12397,狙击
12398,硫磺
12399,大臣
12400,馈
12401,邮差
12402,犹
12403,装甲
12404,权益
12405,仁
12406,福克斯
12407,化装
12408,乙
12409,药剂师
12410,噗
12411,迷航
12412,剪子
12413,奥地利
12414,海鸥
12415,雕
12416,卧倒
12417,寄养
12418,鼬
12419,舞姿
12420,铝
12421,变革
12422,禁忌
12423,纸张
12424,历
12425,土壤
12426,珈
12427,染色体
12428,钮
12429,巡游
12430,情歌
12431,肺癌
12432,胶卷
12433,裁员
12434,肉桂
12435,问讯
12436,麻醉药
12437,挪用
12438,缴
12439,传媒
12440,投资人
12441,好不
12442,账号
12443,课题
12444,远足
12445,住户
12446,哥伦布
12447,车顶
12448,过滤器
12449,危
12450,绽放
12451,编织
12452,悲
12453,无理取闹
12454,下沉
12455,卫生纸
12456,排挤
12457,领结
12458,加利福尼亚州
12459,乘车
12460,上游
12461,救治
12462,贯穿
12463,轮班
12464,麦芽
12465,银器
12466,辞掉
12467,斤
12468,缠绕
12469,开船
12470,计数
12471,电压
12472,球星
12473,偶遇
12474,月底
12475,撇下
12476,止步
12477,中饭
12478,敬仰
12479,无价
12480,辞去
12481,纽带
12482,漠不关心
12483,晚班
12484,入住
12485,远古
12486,撅
12487,重担
12488,安逸
12489,独占
12490,勇于
12491,切入
12492,绝境
12493,家事
12494,详
12495,恍惚
12496,心软
12497,富豪
12498,拐弯抹角
12499,失态
12500,造访
12501,声名
12502,情调
12503,流通
12504,各式各样
12505,明朗
12506,引见
12507,要说
12508,一言不发
12509,严重性
12510,一触即发
12511,烟消云散
12512,可比
12513,茜
12514,寇
12515,江
12516,薇
12517,敏
12518,血清
12519,巴格达
12520,搏击
12521,集装箱
12522,发球
12523,承办
12524,圣徒
12525,休斯顿
12526,吠
12527,日内瓦
12528,半岛
12529,韦
12530,唐人街
12531,受孕
12532,踏板
12533,大军
12534,洗衣房
12535,停战
12536,辖区
12537,息
12538,核桃
12539,薰
12540,管工
12541,哇塞
12542,安乐死
12543,痰
12544,囚
12545,灌木
12546,旁观
12547,熟食
12548,演艺
12549,军营
12550,扳手
12551,预警
12552,下颚
12553,蘸
12554,地平线
12555,幼
12556,逐出
12557,懊悔
12558,瓶装
12559,大树
12560,唯有
12561,清洁剂
12562,真空
12563,汉子
12564,鞭
12565,抨击
12566,脊柱
12567,剧作家
12568,物理学
12569,星级
12570,火炉
12571,敲打
12572,前卫
12573,心电图
12574,开朗
12575,伦理
12576,秀发
12577,替代品
12578,光环
12579,走道
12580,惊异
12581,连续剧
12582,地中海
12583,贷
12584,品脱
12585,下垂
12586,渣滓
12587,样式
12588,世俗
12589,开路
12590,躬
12591,水分
12592,一道
12593,呼呼
12594,多重
12595,包抄
12596,合群
12597,末端
12598,有如
12599,花哨
12600,狭窄
12601,变更
12602,打瞌睡
12603,纯正
12604,随之
12605,一个样
12606,颇为
12607,缘由
12608,宽松
12609,细致
12610,事项
12611,摧残
12612,无味
12613,草稿
12614,只管
12615,纳闷
12616,假话
12617,还手
12618,溢
12619,重病
12620,尖端
12621,体积
12622,声名狼藉
12623,褪
12624,显出
12625,兴起
12626,刺耳
12627,单枪匹马
12628,声张
12629,茫然
12630,开刀
12631,滔滔不绝
12632,职守
12633,格雷
12634,劳伦斯
12635,庞
12636,尼克松
12637,击落
12638,橘
12639,战舰
12640,契
12641,答对
12642,广告牌
12643,苏丹
12644,硬化
12645,蜜糖
12646,箫
12647,就职
12648,螺旋
12649,啤
12650,扫描仪
12651,高地
12652,黄瓜
12653,沉没
12654,仙人掌
12655,丙
12656,炼狱
12657,糕点
12658,木匠
12659,祭品
12660,牡蛎
12661,肥料
12662,葡萄园
12663,着魔
12664,纪念碑
12665,救生
12666,俘获
12667,公式
12668,保健
12669,杆菌
12670,卷心菜
12671,调度
12672,匪徒
12673,熊熊
12674,柠檬汁
12675,装载
12676,漫游
12677,名模
12678,侦破
12679,策
12680,兜兜
12681,食物中毒
12682,仇人
12683,西伯利亚
12684,参战
12685,仰望
12686,押送
12687,房主
12688,纳税
12689,存储
12690,应聘
12691,诺贝尔奖
12692,绞
12693,粗野
12694,定金
12695,冲破
12696,凝固
12697,油脂
12698,对称
12699,挤压
12700,辨识
12701,归罪
12702,玫瑰花
12703,曲解
12704,血脉
12705,审核
12706,绘制
12707,交集
12708,孤僻
12709,按部就班
12710,差遣
12711,维系
12712,知己
12713,语调
12714,选定
12715,谋划
12716,打盹
12717,细小
12718,卡路里
12719,高等
12720,必需品
12721,超重
12722,单亲
12723,孤零零
12724,守法
12725,驱动
12726,生成
12727,怜
12728,扶手
12729,合不来
12730,牢骚
12731,不由自主
12732,出风头
12733,因而
12734,不可告人
12735,矩
12736,低潮
12737,长子
12738,混合物
12739,史册
12740,荒诞
12741,入土
12742,追问
12743,不折不扣
12744,摄入
12745,批判
12746,急躁
12747,隔音
12748,眼界
12749,本国
12750,比作
12751,新意
12752,诉说
12753,面熟
12754,随手
12755,散心
12756,怀恨
12757,偏远
12758,惊动
12759,甘愿
12760,帮倒忙
12761,减缓
12762,崇尚
12763,压缩
12764,有心
12765,也罢
12766,痛哭
12767,出其不意
12768,着实
12769,领到
12770,为主
12771,抓获
12772,绝大部分
12773,好意思
12774,搅乱
12775,历经
12776,司令
12777,里昂
12778,哒
12779,武术
12780,霸
12781,班长
12782,内务部
12783,综合征
12784,梭
12785,弓箭
12786,军校
12787,恰
12788,老奶奶
12789,新墨西哥州
12790,轨
12791,谜语
12792,害虫
12793,庭院
12794,制造者
12795,航向
12796,尿床
12797,特赦
12798,齿轮
12799,本月
12800,果仁
12801,刀片
12802,松树
12803,脸孔
12804,狂欢节
12805,二月
12806,奶头
12807,客串
12808,羊毛
12809,霸王
12810,启示录
12811,受难
12812,冲刺
12813,军装
12814,闪现
12815,眩
12816,水壶
12817,物件
12818,滤
12819,调教
12820,撤走
12821,俚语
12822,眼力
12823,暴雨
12824,羁押
12825,酷刑
12826,失职
12827,浇水
12828,锁骨
12829,条理
12830,直径
12831,迫
12832,编写
12833,唾沫
12834,山坡
12835,反向
12836,冲走
12837,溜达
12838,杆子
12839,哭喊
12840,读物
12841,嚣张
12842,孕育
12843,保暖
12844,烤炉
12845,猥琐
12846,黑发
12847,求爱
12848,成见
12849,转运
12850,皮毛
12851,疯癫
12852,身躯
12853,打翻
12854,生殖
12855,禁锢
12856,拘禁
12857,夕阳
12858,迫不得已
12859,缺口
12860,挽
12861,攻势
12862,现成
12863,儿戏
12864,慌乱
12865,身家
12866,性情
12867,可敬
12868,重创
12869,资历
12870,逐步
12871,骨肉
12872,极致
12873,指尖
12874,耐性
12875,显赫
12876,巩固
12877,试想
12878,重振
12879,过问
12880,爆炸性
12881,抵消
12882,善解人意
12883,得寸进尺
12884,假惺惺
12885,禁不住
12886,舷
12887,军情
12888,舵
12889,帆
12890,水牛
12891,君主
12892,葡萄干
12893,文物
12894,梳子
12895,伊甸园
12896,维吉尼亚
12897,气泡
12898,超声波
12899,山脊
12900,救火
12901,叹息
12902,教派
12903,阵地
12904,拖拉机
12905,板子
12906,墨西哥城
12907,节拍
12908,校服
12909,爆炸物
12910,补贴
12911,报价
12912,胡桃
12913,妇科
12914,调解
12915,殖民
12916,红外线
12917,肚皮
12918,蓝天
12919,航天
12920,暑期
12921,我方
12922,新生儿
12923,咀嚼
12924,休战
12925,截止
12926,袖
12927,胎记
12928,字体
12929,透视
12930,翁
12931,引渡
12932,基督教徒
12933,外孙
12934,发病
12935,生物学
12936,转学
12937,猜谜
12938,装潢
12939,阿飞
12940,语法
12941,公益
12942,子孙
12943,紧跟
12944,聚焦
12945,馅
12946,政
12947,手气
12948,电灯泡
12949,划伤
12950,脱脂
12951,严酷
12952,刀刃
12953,花纹
12954,凶狠
12955,手电
12956,饭馆
12957,字迹
12958,寒
12959,构想
12960,敞
12961,界线
12962,翻滚
12963,卖家
12964,右翼
12965,一成不变
12966,缘分
12967,胆固醇
12968,严刑
12969,烫伤
12970,乞讨
12971,熟睡
12972,本州
12973,流失
12974,已然
12975,相通
12976,觊觎
12977,趣事
12978,坦然
12979,懒虫
12980,浅薄
12981,便宜货
12982,书架
12983,穷困
12984,打滚
12985,全国性
12986,嘉奖
12987,教科书
12988,宝座
12989,信不过
12990,多才多艺
12991,路途
12992,进餐
12993,晃荡
12994,专横
12995,丑事
12996,顾忌
12997,一败涂地
12998,成群
12999,耗费
13000,天翻地覆
13001,靠不住
13002,买不起
13003,东山再起
13004,增添
13005,果真
13006,耳闻
13007,捧场
13008,高昂
13009,动手动脚
13010,驴子
13011,皇
13012,惠
13013,跆拳道
13014,迭
13015,前辈
13016,赌局
13017,登山
13018,鲸
13019,疯牛病
13020,低温
13021,内布拉斯加
13022,人类学
13023,矛
13024,起义
13025,巴哈马
13026,学生会
13027,聘
13028,缅因州
13029,幸灾乐祸
13030,擒
13031,业主
13032,爬山
13033,寺庙
13034,斜坡
13035,饶舌
13036,牲畜
13037,缸
13038,上山
13039,婚宴
13040,俄勒冈州
13041,牧羊人
13042,土豆泥
13043,人形
13044,羊肉
13045,丑八怪
13046,相册
13047,各国
13048,电工
13049,接收器
13050,撤诉
13051,传记
13052,交货
13053,供认
13054,车灯
13055,台前
13056,新闻界
13057,满分
13058,求饶
13059,恐怖片
13060,报警器
13061,体液
13062,验血
13063,杏
13064,人品
13065,笑料
13066,骨气
13067,俄亥俄
13068,昔日
13069,点滴
13070,拍打
13071,媚
13072,录用
13073,残害
13074,屏
13075,马尾
13076,分析员
13077,情谊
13078,配料
13079,二流
13080,据点
13081,特价
13082,慰藉
13083,神经科
13084,响声
13085,饥荒
13086,缅怀
13087,履历
13088,下落不明
13089,啊呀
13090,伪善
13091,乳糖
13092,主力
13093,重头
13094,空运
13095,游览
13096,昨日
13097,涉
13098,自由自在
13099,上苍
13100,上手
13101,转手
13102,生路
13103,易如反掌
13104,真实性
13105,抽象
13106,改名
13107,双层
13108,兜售
13109,卷土重来
13110,魄
13111,生命力
13112,噱头
13113,缕
13114,落脚
13115,梳理
13116,反胃
13117,繁衍
13118,说三道四
13119,肩负
13120,皆大欢喜
13121,荒废
13122,阐述
13123,邮寄
13124,整套
13125,表露
13126,前不久
13127,麻利
13128,零售
13129,一劳永逸
13130,焦急
13131,脱胎换骨
13132,当务之急
13133,夷为平地
13134,不必要
13135,闲人
13136,过意不去
13137,取乐
13138,诸多
13139,周全
13140,担惊受怕
13141,料想
13142,先行
13143,出毛病
13144,烟花
13145,掘
13146,雪山
13147,萨克斯
13148,绘
13149,守护神
13150,济
13151,荷马
13152,募集
13153,俯卧撑
13154,眼镜蛇
13155,制药
13156,舒
13157,贫血
13158,磁场
13159,橙子
13160,脚尖
13161,起重机
13162,微粒
13163,卷宗
13164,磁铁
13165,夹子
13166,减价
13167,切片
13168,秃顶
13169,物资
13170,温室
13171,指甲油
13172,从犯
13173,玉米饼
13174,桂冠
13175,秋千
13176,警铃
13177,书写
13178,口腔
13179,高山
13180,停顿
13181,防晒霜
13182,芒果
13183,终日
13184,微量
13185,家长会
13186,滑行
13187,优越
13188,缉
13189,玻璃杯
13190,混入
13191,退款
13192,归档
13193,便秘
13194,自大狂
13195,断电
13196,打鼾
13197,全班
13198,必将
13199,喻
13200,凳
13201,诊
13202,要素
13203,粉笔
13204,主页
13205,拼搏
13206,曙光
13207,快捷
13208,姐夫
13209,韵事
13210,结账
13211,懒鬼
13212,阴郁
13213,好色
13214,空旷
13215,谦卑
13216,外语
13217,因特网
13218,在线
13219,脱逃
13220,地名
13221,辞退
13222,自然界
13223,山区
13224,节制
13225,无神论
13226,提神
13227,憧憬
13228,科罗拉多州
13229,疼爱
13230,谈及
13231,家用
13232,不速之客
13233,气囊
13234,曲折
13235,迟疑
13236,清查
13237,善心
13238,凌驾
13239,中伤
13240,脱口而出
13241,食指
13242,颓废
13243,示意
13244,承
13245,孤注一掷
13246,破绽
13247,光阴
13248,重任
13249,回旋
13250,翅
13251,阴沉
13252,乱叫
13253,稳固
13254,顺畅
13255,同心协力
13256,权衡
13257,划分
13258,门路
13259,稀奇
13260,炎热
13261,错失
13262,为伍
13263,定时炸弹
13264,坎坷
13265,假名
13266,去留
13267,职工
13268,敬业
13269,习以为常
13270,自拔
13271,毅力
13272,冲天
13273,无端
13274,过目
13275,殆尽
13276,坚实
13277,独来独往
13278,归结
13279,异样
13280,再不
13281,天大
13282,口舌
13283,难说
13284,存心
13285,做客
13286,姬
13287,电车
13288,布坎南
13289,叛军
13290,奎
13291,和尚
13292,罗马尼亚
13293,彗星
13294,量子
13295,托儿所
13296,摇摆舞
13297,病菌
13298,邪教
13299,真主
13300,庙
13301,浑蛋
13302,独角兽
13303,肉丸
13304,法拉利
13305,昆
13306,培
13307,集市
13308,台球
13309,毒液
13310,绿卡
13311,涅
13312,篷
13313,避孕药
13314,象棋
13315,氨
13316,投放
13317,锚
13318,山庄
13319,陶瓷
13320,搓
13321,司令部
13322,风扇
13323,乒乓球
13324,剑桥
13325,毛毯
13326,检查员
13327,左轮手枪
13328,大帝
13329,重生
13330,冷藏
13331,锯齿
13332,股市
13333,队服
13334,面板
13335,朗读
13336,满月
13337,临时工
13338,洗碗机
13339,计时器
13340,票房
13341,论点
13342,公用电话
13343,烈士
13344,攸
13345,贪污
13346,龙头
13347,女工
13348,痞子
13349,溶解
13350,萎缩
13351,盈利
13352,肛
13353,小道
13354,扬声器
13355,输液
13356,偷运
13357,肉酱
13358,乡间
13359,包庇
13360,上涨
13361,赃物
13362,畏
13363,新款
13364,漩涡
13365,短缺
13366,电椅
13367,辱
13368,燕尾服
13369,逐
13370,排演
13371,辞呈
13372,枷锁
13373,缩减
13374,狮子狗
13375,槌
13376,失恋
13377,警笛
13378,硬件
13379,思索
13380,格调
13381,绕过
13382,捕猎
13383,菜谱
13384,船舱
13385,毫
13386,泄
13387,嬉戏
13388,暴政
13389,僵局
13390,病痛
13391,二者
13392,掉落
13393,感染力
13394,雄风
13395,深沉
13396,协同
13397,索取
13398,咽下
13399,斩首
13400,优良
13401,方言
13402,要价
13403,不复
13404,柔弱
13405,惨不忍睹
13406,左翼
13407,适宜
13408,英式
13409,泛滥
13410,开设
13411,嘲讽
13412,密集
13413,若干
13414,变数
13415,掩藏
13416,家居
13417,感触
13418,课外
13419,牵制
13420,载入
13421,怪癖
13422,衣架
13423,对质
13424,越发
13425,赏识
13426,愚人
13427,风俗
13428,平平
13429,庆贺
13430,获准
13431,找茬
13432,才智
13433,或多或少
13434,逃之夭夭
13435,放肆
13436,自控
13437,一网打尽
13438,付钱
13439,凉爽
13440,孩提
13441,光泽
13442,少许
13443,飞奔
13444,双向
13445,欣然
13446,深奥
13447,名为
13448,哭诉
13449,拙劣
13450,受命
13451,帷幕
13452,生死攸关
13453,招摇
13454,无计可施
13455,感同身受
13456,走进
13457,舒舒服服
13458,弘
13459,返校
13460,纸杯
13461,马里
13462,帮会
13463,台风
13464,老爷
13465,弥撒
13466,春假
13467,大巴
13468,碱
13469,内华达
13470,婴
13471,逃兵
13472,敦
13473,参选
13474,农
13475,火势
13476,混沌
13477,牲口
13478,数学家
13479,提款机
13480,乡下人
13481,煤
13482,肿块
13483,强化
13484,圣子
13485,呼救
13486,配音
13487,呐喊
13488,国防部长
13489,公诉人
13490,解冻
13491,弹片
13492,守夜
13493,疗养
13494,史前
13495,手无寸铁
13496,自尽
13497,润滑油
13498,锁链
13499,褪色
13500,胯
13501,住宅区
13502,高效
13503,会诊
13504,大本营
13505,风向
13506,癌细胞
13507,伤者
13508,百货
13509,血糖
13510,课本
13511,掳
13512,排气
13513,乍
13514,陈旧
13515,地心
13516,重型
13517,午休
13518,参数
13519,颂歌
13520,殉职
13521,死板
13522,不动产
13523,错怪
13524,麻药
13525,简易
13526,愤
13527,信得过
13528,适
13529,打车
13530,岸上
13531,猜中
13532,哭声
13533,突破口
13534,长寿
13535,国界
13536,翻新
13537,签收
13538,甘心
13539,下回
13540,农村
13541,病倒
13542,大喜
13543,复查
13544,百年
13545,翱翔
13546,输出
13547,监牢
13548,笔直
13549,晃动
13550,败坏
13551,口臭
13552,授
13553,绝症
13554,嘞
13555,废人
13556,扩音器
13557,光光
13558,顽皮
13559,掀
13560,严谨
13561,定时
13562,砸烂
13563,取样
13564,巨头
13565,鲜活
13566,隔绝
13567,悄悄话
13568,转折
13569,领取
13570,消亡
13571,肉眼
13572,附属
13573,拉扯
13574,肆虐
13575,闪光点
13576,查证
13577,舍得
13578,劝告
13579,抢手
13580,联系人
13581,隔阂
13582,连连
13583,脸皮
13584,捂
13585,诗意
13586,企业家
13587,物色
13588,寡
13589,健谈
13590,稀罕
13591,一去不复返
13592,相差
13593,优异
13594,为时过早
13595,夜幕
13596,白手起家
13597,格格不入
13598,本分
13599,提心吊胆
13600,划清
13601,睡醒
13602,获悉
13603,亲密无间
13604,雪上加霜
13605,忘不了
13606,怨言
13607,混为一谈
13608,凯利
13609,木乃伊
13610,琼
13611,行者
13612,彭
13613,犹大
13614,内奸
13615,酿酒
13616,遗书
13617,风筝
13618,煞
13619,大米
13620,祖
13621,酪
13622,凯迪拉克
13623,底片
13624,兆
13625,铁链
13626,筑
13627,色狼
13628,公元前
13629,主题曲
13630,卫队
13631,陆
13632,战车
13633,身分
13634,藏品
13635,吉普车
13636,海藻
13637,圣水
13638,渍
13639,窃贼
13640,复印机
13641,矿泉水
13642,淘
13643,话剧
13644,氮
13645,拖把
13646,且慢
13647,战地
13648,瘪
13649,葡萄牙
13650,视网膜
13651,诚
13652,党派
13653,沼泽地
13654,货船
13655,里程
13656,脊髓
13657,药水
13658,地域
13659,赌钱
13660,稍息
13661,随从
13662,横穿
13663,清爽
13664,灼伤
13665,翻转
13666,乐手
13667,小号
13668,山地
13669,输送
13670,天鹅绒
13671,攀登
13672,礼拜五
13673,弹夹
13674,音节
13675,库存
13676,衣帽间
13677,接线
13678,安插
13679,谦逊
13680,天意
13681,盥洗室
13682,新式
13683,润滑剂
13684,回首
13685,展望
13686,景观
13687,零下
13688,脱臼
13689,违章
13690,摁
13691,康涅狄格州
13692,浓密
13693,娘家
13694,转台
13695,桌面
13696,买通
13697,包装纸
13698,伸直
13699,发霉
13700,主谋
13701,受骗
13702,革
13703,失足
13704,精湛
13705,朝向
13706,聪慧
13707,口角
13708,架势
13709,眼圈
13710,战时
13711,杀手锏
13712,喘息
13713,嘭
13714,击退
13715,铁石心肠
13716,惨败
13717,打量
13718,奥秘
13719,拉拢
13720,死里逃生
13721,异想天开
13722,绞刑
13723,增多
13724,搜身
13725,对立
13726,回击
13727,自卑
13728,污迹
13729,汹涌
13730,饰品
13731,拓展
13732,猜疑
13733,安放
13734,近况
13735,分清
13736,次要
13737,一厢情愿
13738,颗粒
13739,面貌
13740,归案
13741,长眠
13742,憔悴
13743,焦头烂额
13744,一不小心
13745,顺心
13746,真性
13747,轻巧
13748,往返
13749,透支
13750,飞扬
13751,梳洗
13752,空荡荡
13753,莫过于
13754,嘴脸
13755,领教
13756,先后
13757,要犯
13758,号称
13759,提倡
13760,共存
13761,鸳鸯
13762,告一段落
13763,气馁
13764,周旋
13765,无价之宝
13766,年复一年
13767,迷惘
13768,怀有
13769,这么着
13770,大海捞针
13771,不易
13772,哈利
13773,阿曼
13774,射门
13775,矿工
13776,男爵
13777,魅
13778,领事馆
13779,茨
13780,推进器
13781,嘉
13782,寝室
13783,亭
13784,圆圈
13785,烟斗
13786,机车
13787,奥运
13788,珍宝
13789,坍塌
13790,自来水
13791,障碍物
13792,袍子
13793,站点
13794,非人
13795,黑钱
13796,竞技场
13797,圣路易斯
13798,印章
13799,对阵
13800,奖牌
13801,发明家
13802,撤消
13803,酯
13804,输血
13805,花店
13806,土司
13807,宏
13808,索赔
13809,眼珠
13810,晴
13811,复出
13812,慢走
13813,漱口
13814,休学
13815,王室
13816,拍手
13817,机关枪
13818,潜水艇
13819,十一月
13820,见面会
13821,加固
13822,睡袋
13823,转世
13824,菠菜
13825,应征
13826,对岸
13827,茫茫
13828,射手
13829,母鸡
13830,智者
13831,传呼
13832,甜食
13833,箭头
13834,灭火器
13835,供货
13836,助教
13837,凝聚
13838,岳母
13839,昏迷不醒
13840,整修
13841,技术员
13842,前夕
13843,共谋
13844,长处
13845,石块
13846,配件
13847,雪球
13848,愚昧
13849,预演
13850,先驱
13851,不宜
13852,嚎
13853,新闻记者
13854,失利
13855,寿星
13856,打转
13857,阶梯
13858,生灵
13859,蠢材
13860,渔船
13861,惨叫
13862,受理
13863,崖
13864,门户
13865,冰镇
13866,好斗
13867,马戏
13868,退步
13869,保险丝
13870,路面
13871,插座
13872,修整
13873,碾碎
13874,呆板
13875,悔
13876,满心
13877,比率
13878,概括
13879,妥善
13880,出游
13881,黑马
13882,车型
13883,转入
13884,欣喜
13885,上述
13886,失禁
13887,国籍
13888,交汇
13889,周密
13890,莫须有
13891,凶恶
13892,赏脸
13893,小样
13894,焦躁
13895,益处
13896,估价
13897,不予
13898,哭哭啼啼
13899,银子
13900,高官
13901,偏好
13902,全方位
13903,外快
13904,依法
13905,前途无量
13906,好客
13907,挥动
13908,铁证
13909,回绝
13910,手足无措
13911,某地
13912,两侧
13913,拉倒
13914,横行
13915,口才
13916,污
13917,天涯海角
13918,小学生
13919,空空
13920,遮遮掩掩
13921,汗毛
13922,轻声
13923,坐立不安
13924,自己人
13925,大忙人
13926,圆滑
13927,空无一人
13928,深知
13929,淌
13930,事关
13931,毫不留情
13932,暗处
13933,善后
13934,三流
13935,拟
13936,忘怀
13937,魔爪
13938,参与者
13939,化解
13940,莫名
13941,入门
13942,偕
13943,壮大
13944,坚持不懈
13945,前者
13946,大为
13947,充裕
13948,辛辛苦苦
13949,痛心
13950,听信
13951,把头
13952,巴里
13953,马赛
13954,赛程
13955,理发师
13956,徒弟
13957,游乐园
13958,银河系
13959,毛毛
13960,色鬼
13961,飞碟
13962,剽窃
13963,胰岛素
13964,白粉
13965,咯咯
13966,农庄
13967,铁丝网
13968,记事本
13969,国务卿
13970,象牙
13971,社会主义
13972,株
13973,天桥
13974,国歌
13975,屌
13976,鸦片
13977,大路
13978,控制台
13979,抗体
13980,组长
13981,阿尔法
13982,拍子
13983,冲撞
13984,庄家
13985,班车
13986,北极熊
13987,插管
13988,补助
13989,减压
13990,淫秽
13991,恶性
13992,机油
13993,堪萨斯州
13994,三角形
13995,互助
13996,黄泉
13997,咖
13998,私情
13999,低能
14000,田野
14001,木棍
14002,检举
14003,松绑
14004,闺
14005,耐力
14006,娇小
14007,合法化
14008,落空
14009,关键词
14010,爱斯基摩
14011,赔偿金
14012,境
14013,赴汤蹈火
14014,吊带
14015,抠
14016,假货
14017,歼灭
14018,半空
14019,披肩
14020,俄勒冈
14021,近路
14022,来复枪
14023,严禁
14024,培育
14025,势利
14026,套路
14027,显示器
14028,怡
14029,谷底
14030,嫁人
14031,唠
14032,捱
14033,迈进
14034,境遇
14035,指标
14036,旧货
14037,小巧
14038,宾夕法尼亚州
14039,凉鞋
14040,大吵大闹
14041,火堆
14042,欺
14043,撕破
14044,高烧
14045,狂躁
14046,搁置
14047,苦力
14048,战无不胜
14049,火气
14050,照射
14051,醉汉
14052,热恋
14053,高价
14054,赴约
14055,人缘
14056,身世
14057,统计学
14058,益
14059,疏
14060,枯萎
14061,累积
14062,自暴自弃
14063,毙命
14064,互换
14065,索要
14066,寻开心
14067,急剧
14068,后遗症
14069,葬身
14070,门槛
14071,华而不实
14072,疲
14073,汗衫
14074,绝种
14075,承蒙
14076,探寻
14077,父母亲
14078,讲理
14079,鼓动
14080,拳脚
14081,范畴
14082,解码
14083,改良
14084,强健
14085,垂涎
14086,休养
14087,坏东西
14088,善待
14089,牵强
14090,奚落
14091,发愁
14092,自掘坟墓
14093,简陋
14094,突如其来
14095,专属
14096,自食其果
14097,得益
14098,荒凉
14099,现行
14100,原有
14101,活蹦乱跳
14102,里程碑
14103,纳入
14104,无法无天
14105,墙角
14106,反倒
14107,宋
14108,本杰明
14109,侬
14110,冈
14111,曹
14112,贺
14113,教士
14114,堤
14115,神殿
14116,战俘
14117,纵火犯
14118,津
14119,察
14120,铁匠
14121,二氧化碳
14122,约克
14123,姥姥
14124,升空
14125,痘
14126,拉丁美洲
14127,字谜
14128,趾
14129,占卜
14130,停机
14131,船坞
14132,玩忽职守
14133,工头
14134,返航
14135,坊
14136,结冰
14137,肚脐
14138,天体
14139,叽
14140,外交官
14141,退伍军人
14142,邻家
14143,丝带
14144,接口
14145,列队
14146,塑像
14147,热浪
14148,阻断
14149,代谢
14150,汽车站
14151,阵线
14152,走红
14153,遗
14154,腹肌
14155,西藏
14156,轧
14157,委屈
14158,浴巾
14159,圈圈
14160,觉醒
14161,咒骂
14162,相撞
14163,押金
14164,想像力
14165,形容词
14166,请帖
14167,红外
14168,银幕
14169,造物主
14170,公元
14171,表彰
14172,密歇根州
14173,飞舞
14174,墙纸
14175,响亮
14176,漂白
14177,期中
14178,分校
14179,横扫
14180,袒护
14181,探究
14182,交付
14183,精选
14184,离别
14185,小道消息
14186,通情达理
14187,夺回
14188,警示
14189,窥视
14190,缴税
14191,组队
14192,哀求
14193,器具
14194,雌雄
14195,扶持
14196,养老
14197,出息
14198,狡诈
14199,陪葬
14200,肠胃
14201,赦
14202,挪动
14203,美化
14204,打草惊蛇
14205,小腿
14206,亮光
14207,完人
14208,冲击力
14209,惜
14210,劳累
14211,风雨
14212,难吃
14213,挺进
14214,专职
14215,不轨
14216,下层
14217,流利
14218,下跪
14219,矛头
14220,前期
14221,豁出去
14222,勤劳
14223,年老
14224,窍
14225,环顾
14226,主菜
14227,躯
14228,作废
14229,精巧
14230,寻欢作乐
14231,端庄
14232,迁
14233,置信
14234,粗心
14235,像话
14236,深层
14237,女星
14238,今晨
14239,青睐
14240,得手
14241,后盾
14242,可谓
14243,矮小
14244,日后
14245,白热化
14246,发呆
14247,工作量
14248,拼凑
14249,免于
14250,横跨
14251,致使
14252,如释重负
14253,借机
14254,情势
14255,大雅
14256,获益
14257,切实
14258,绕圈子
14259,广大
14260,传遍
14261,戴尔
14262,贤
14263,士官
14264,寺
14265,变种
14266,夥
14267,萨尔瓦多
14268,别针
14269,斑马
14270,锋
14271,太阳系
14272,瓷砖
14273,方程式
14274,唱票
14275,城墙
14276,脑瘤
14277,骡子
14278,套间
14279,蹄
14280,夏娃
14281,凌
14282,车间
14283,斧
14284,代课
14285,皮疹
14286,朝圣
14287,西亚
14288,响尾蛇
14289,电锯
14290,终端
14291,宇宙飞船
14292,焰火
14293,毛皮
14294,掂
14295,配给
14296,独裁
14297,扑克牌
14298,独白
14299,美发
14300,臣服
14301,处理器
14302,台灯
14303,方块
14304,当铺
14305,军事法庭
14306,鞋跟
14307,羚羊
14308,庄重
14309,车胎
14310,减刑
14311,舞蹈家
14312,轮回
14313,长颈鹿
14314,次序
14315,期刊
14316,呼吸器
14317,符
14318,征召
14319,化学品
14320,回声
14321,发炎
14322,水域
14323,唱机
14324,纯度
14325,马达
14326,田纳西州
14327,库房
14328,运动会
14329,苦衷
14330,创造者
14331,自焚
14332,冲锋枪
14333,逗乐
14334,惑
14335,知足
14336,头子
14337,星空
14338,样板
14339,吃素
14340,预产期
14341,掩
14342,妒嫉
14343,史诗
14344,登上
14345,主场
14346,觅
14347,参见
14348,鸡汤
14349,路标
14350,相会
14351,欢庆
14352,重叠
14353,延缓
14354,租用
14355,生菜
14356,肘
14357,出勤
14358,克星
14359,喂奶
14360,绊脚石
14361,实战
14362,惶恐
14363,划破
14364,摸索
14365,着凉
14366,守候
14367,晴天
14368,下边
14369,同归于尽
14370,半边
14371,回敬
14372,混战
14373,奸情
14374,隐喻
14375,面的
14376,经销商
14377,优质
14378,下厨
14379,发笑
14380,昏睡
14381,低语
14382,模子
14383,随和
14384,上万
14385,身不由己
14386,胡编
14387,四起
14388,后会有期
14389,餐饮
14390,紧凑
14391,撒野
14392,看做
14393,杀伤力
14394,闲事
14395,臂膀
14396,虚度
14397,嗓门
14398,当头
14399,欠款
14400,标注
14401,升华
14402,作怪
14403,良机
14404,唯独
14405,此前
14406,灼
14407,灵巧
14408,介于
14409,大都
14410,可恨
14411,狼狈
14412,惨痛
14413,抹黑
14414,清澈
14415,缄默
14416,能干
14417,安分
14418,止痛
14419,无误
14420,心满意足
14421,露馅
14422,难处
14423,威风
14424,必经
14425,堪称
14426,深远
14427,泥潭
14428,高下
14429,高估
14430,偏向
14431,这就是说
14432,出产
14433,人意
14434,贾
14435,骑警
14436,救生员
14437,联谊会
14438,超度
14439,柬埔寨
14440,账本
14441,日元
14442,钥
14443,嘉年华
14444,马德里
14445,智利
14446,天主
14447,政变
14448,同位素
14449,姊妹
14450,仙境
14451,克利夫兰
14452,禁欲
14453,鱼缸
14454,迪拜
14455,轰炸机
14456,避孕
14457,戏法
14458,戒律
14459,宝物
14460,凯旋
14461,前锋
14462,半决赛
14463,兵力
14464,文盲
14465,囚室
14466,号角
14467,寓所
14468,茄
14469,照明
14470,猎狗
14471,床位
14472,运算
14473,连任
14474,旁听
14475,彪
14476,孪生
14477,炭
14478,死路
14479,祝酒词
14480,离子
14481,脚底
14482,鱼类
14483,终点站
14484,率领
14485,辫
14486,抒情
14487,滚动
14488,保时捷
14489,宫廷
14490,发声
14491,大部
14492,大风
14493,盛会
14494,佛蒙特州
14495,保险杠
14496,假想
14497,整合
14498,申明
14499,正午
14500,海峡
14501,议
14502,学分
14503,牧羊犬
14504,老化
14505,钻戒
14506,缝隙
14507,马里兰州
14508,盛开
14509,靠岸
14510,交接
14511,燕麦
14512,剧毒
14513,缺失
14514,经济学
14515,降温
14516,足球赛
14517,果实
14518,庸俗
14519,低价
14520,脚跟
14521,过家家
14522,松弛
14523,版面
14524,逃税
14525,不详
14526,鬼怪
14527,烙印
14528,知名度
14529,心平气和
14530,名望
14531,兼顾
14532,蝴蝶结
14533,零用钱
14534,售货员
14535,险恶
14536,可口可乐
14537,烹调
14538,至高无上
14539,私语
14540,酬金
14541,融为一体
14542,孽
14543,呵护
14544,血泊
14545,协议书
14546,照旧
14547,看不惯
14548,调换
14549,投掷
14550,封存
14551,发问
14552,优待
14553,半价
14554,惯用
14555,道谢
14556,侵袭
14557,道义
14558,起名
14559,串通
14560,暴怒
14561,罚金
14562,伊斯兰教
14563,迁就
14564,评语
14565,布局
14566,果断
14567,要事
14568,不像话
14569,生物学家
14570,倾注
14571,主见
14572,提成
14573,皮肉
14574,心神不宁
14575,存档
14576,扫射
14577,无恙
14578,飞速
14579,百货公司
14580,落泪
14581,患病
14582,医术
14583,空想
14584,图谋
14585,自打
14586,独居
14587,附件
14588,婆婆妈妈
14589,反弹
14590,血淋淋
14591,性子
14592,羁绊
14593,插队
14594,大幅
14595,座机
14596,读出
14597,刺眼
14598,就范
14599,迸发
14600,孤军奋战
14601,狭小
14602,逐个
14603,遇上
14604,针锋相对
14605,蠢蠢欲动
14606,围住
14607,一举
14608,成全
14609,感兴趣
14610,染指
14611,美艳
14612,瘦小
14613,离异
14614,区区
14615,改邪归正
14616,世故
14617,细腻
14618,狭隘
14619,外在
14620,瞎猜
14621,整装待发
14622,到时
14623,听候
14624,力克
14625,氪
14626,师父
14627,领主
14628,少爷
14629,古人
14630,肯塔基
14631,高校
14632,飞弹
14633,贝多芬
14634,掩体
14635,游侠
14636,切尔西
14637,旋风
14638,竹
14639,浆果
14640,箍
14641,动感
14642,罗曼史
14643,新潮
14644,指环
14645,废品
14646,微波
14647,针灸
14648,海港
14649,诫
14650,务
14651,威尔士
14652,长生不老
14653,溃疡
14654,烟头
14655,免税
14656,花粉
14657,秃鹰
14658,蛆
14659,华府
14660,密苏里州
14661,菊花
14662,屏障
14663,百叶窗
14664,取款
14665,主厨
14666,噻
14667,大豆
14668,肝炎
14669,排水
14670,金丝雀
14671,小贩
14672,旅行社
14673,鞭打
14674,扣除
14675,衣领
14676,退场
14677,腹泻
14678,托盘
14679,舒缓
14680,接应
14681,伙食
14682,白眼
14683,谜底
14684,科研
14685,熔
14686,颧骨
14687,肯塔基州
14688,磁性
14689,围攻
14690,蜡笔
14691,大雪
14692,跳水
14693,专卖店
14694,南美洲
14695,冲锋
14696,富贵
14697,耳塞
14698,殿堂
14699,固体
14700,价码
14701,车费
14702,致辞
14703,遣送
14704,倒影
14705,翻修
14706,妙不可言
14707,赏心悦目
14708,章节
14709,动词
14710,元凶
14711,见证人
14712,象征性
14713,祸害
14714,辗转
14715,自命不凡
14716,提炼
14717,失意
14718,间歇
14719,规格
14720,指教
14721,诚心
14722,嵌入
14723,凄凉
14724,刑罚
14725,过得去
14726,张贴
14727,看不起
14728,作弄
14729,无缘
14730,后视镜
14731,就任
14732,真格
14733,拱手
14734,自信心
14735,破坏性
14736,近在咫尺
14737,迷雾
14738,恶习
14739,开窍
14740,天涯
14741,革新
14742,桥段
14743,早班
14744,破费
14745,厮混
14746,颁布
14747,眼花
14748,撩
14749,简要
14750,惨死
14751,男装
14752,开演
14753,视察
14754,大体上
14755,等同
14756,原点
14757,有加
14758,年少
14759,热度
14760,往昔
14761,伺机
14762,分神
14763,冗长
14764,祥和
14765,死气沉沉
14766,原文
14767,辱骂
14768,默认
14769,鼓吹
14770,销声匿迹
14771,紧要关头
14772,亲耳
14773,三长两短
14774,绞尽脑汁
14775,冒失
14776,媲美
14777,利落
14778,鸡毛蒜皮
14779,灰暗
14780,昏昏欲睡
14781,多情
14782,养成
14783,背地里
14784,大功告成
14785,生疏
14786,西天
14787,贝克
14788,学员
14789,妃
14790,绝地
14791,捷克
14792,谕
14793,嘟
14794,部族
14795,俺
14796,打拳
14797,冰川
14798,程式
14799,赝品
14800,翠
14801,维纳斯
14802,驾驶舱
14803,坞
14804,伍
14805,骗术
14806,立体
14807,穆
14808,蝎子
14809,理事会
14810,催化剂
14811,袋鼠
14812,小淘气
14813,划痕
14814,河马
14815,装甲车
14816,逃学
14817,雌
14818,公诉
14819,遗迹
14820,家政
14821,幕僚
14822,特许
14823,配角
14824,炼
14825,二等
14826,板凳
14827,耳语
14828,开发商
14829,杖
14830,打字机
14831,墓穴
14832,全民
14833,山丘
14834,疾
14835,讲台
14836,五金店
14837,记者会
14838,排泄物
14839,棋盘
14840,前列腺
14841,寄生
14842,屠宰场
14843,供水
14844,脓
14845,应酬
14846,明尼苏达州
14847,升迁
14848,停机坪
14849,近亲
14850,女强人
14851,后勤
14852,启事
14853,电网
14854,迷途
14855,当之无愧
14856,演艺圈
14857,上岸
14858,截取
14859,饲料
14860,神力
14861,破门
14862,手提
14863,尖酸
14864,麦当娜
14865,仇家
14866,高血压
14867,名册
14868,快艇
14869,紫外线
14870,苟
14871,签到
14872,势头
14873,加深
14874,分派
14875,渝
14876,放声
14877,徒手
14878,落水
14879,价值连城
14880,路灯
14881,工艺
14882,叛
14883,拐弯
14884,开局
14885,重操旧业
14886,领子
14887,死伤
14888,分红
14889,牌号
14890,梳头
14891,抵触
14892,基石
14893,刀枪不入
14894,翩翩起舞
14895,收成
14896,嘈杂
14897,生活费
14898,冰凉
14899,畅饮
14900,计谋
14901,正统
14902,转头
14903,土生土长
14904,免遭
14905,垂危
14906,爽快
14907,独生子
14908,感伤
14909,热切
14910,卧床
14911,抗衡
14912,抢眼
14913,幅度
14914,所有者
14915,多变
14916,大祸
14917,消散
14918,配套
14919,狂暴
14920,款项
14921,头条
14922,整顿
14923,死亡率
14924,倍感
14925,庆功
14926,在握
14927,抢夺
14928,挨家挨户
14929,末尾
14930,死鬼
14931,翻天覆地
14932,毛孔
14933,渗
14934,树敌
14935,热腾腾
14936,前功尽弃
14937,手心
14938,报废
14939,佼佼者
14940,痛处
14941,水深火热
14942,木制
14943,疲惫不堪
14944,功效
14945,眉目
14946,琐碎
14947,滥杀
14948,回响
14949,动荡
14950,孤立无援
14951,赔钱
14952,电灯
14953,一刹那
14954,河岸
14955,简而言之
14956,费解
14957,主办
14958,毒手
14959,牢笼
14960,充沛
14961,可人
14962,打成一片
14963,正道
14964,做伴
14965,默哀
14966,失散
14967,张望
14968,高人一等
14969,事与愿违
14970,输给
14971,人称
14972,漂泊
14973,露脸
14974,如鱼得水
14975,难保
14976,为期
14977,孟菲斯
14978,琪
14979,玛雅
14980,耶路撒冷
14981,大提琴
14982,孟买
14983,猿
14984,富兰克林
14985,斐济
14986,风车
14987,飞艇
14988,布雷
14989,汝
14990,犹他州
14991,呣
14992,苏黎世
14993,冰雪
14994,天然气
14995,拉丁舞
14996,考古学家
14997,红宝石
14998,包皮
14999,世界杯
15000,开炮
15001,佛祖
15002,软禁
15003,隐形眼镜
15004,疟疾
15005,拉美
15006,兄长
15007,神庙
15008,喷气机
15009,肉汁
15010,脐带
15011,歌剧院
15012,地主
15013,伐木
15014,核能
15015,婴儿车
15016,栗子
15017,魔头
15018,明尼苏达
15019,复兴
15020,证言
15021,原件
15022,剖腹产
15023,迁徙
15024,摘除
15025,传教
15026,交手
15027,胚胎
15028,胰腺
15029,远征
15030,喷气
15031,雨衣
15032,水球
15033,马里兰
15034,表皮
15035,娼妓
15036,送礼
15037,饺子
15038,受精
15039,荧光
15040,螺丝刀
15041,毛毛虫
15042,特效
15043,茶叶
15044,赐福
15045,鱼饵
15046,烛台
15047,譬如
15048,喷气式
15049,宣
15050,神童
15051,朦胧
15052,亚马逊
15053,敲击
15054,床铺
15055,无花果
15056,荆棘
15057,狂怒
15058,传真机
15059,创口
15060,教诲
15061,阴部
15062,世家
15063,纤
15064,字母表
15065,继任
15066,腺
15067,敬酒
15068,账目
15069,面包屑
15070,台面
15071,标价
15072,何故
15073,时限
15074,简化
15075,爆裂
15076,阉割
15077,反思
15078,门厅
15079,初始
15080,人工呼吸
15081,飞机票
15082,评选
15083,号召
15084,心上人
15085,续集
15086,褐
15087,足球场
15088,决断
15089,前院
15090,装配
15091,千里迢迢
15092,作伴
15093,参照
15094,乐曲
15095,隐姓埋名
15096,奢侈品
15097,脱手
15098,燃起
15099,头昏
15100,心室
15101,葫芦
15102,迎战
15103,腐
15104,张嘴
15105,无边
15106,许久
15107,总和
15108,寻思
15109,披露
15110,谋害
15111,回味
15112,配置
15113,样样
15114,漱
15115,堆满
15116,滚滚
15117,开怀
15118,侵占
15119,一笔勾销
15120,隐患
15121,路费
15122,急转弯
15123,避暑
15124,大名鼎鼎
15125,欠缺
15126,亚军
15127,外传
15128,好心人
15129,后人
15130,无拘无束
15131,知会
15132,凄惨
15133,不算
15134,隐情
15135,欢愉
15136,妙计
15137,嘀咕
15138,乳臭未干
15139,吃亏
15140,大都市
15141,走失
15142,惯犯
15143,接连
15144,显灵
15145,缺氧
15146,铸成
15147,开走
15148,甩卖
15149,乱麻
15150,赞誉
15151,呼声
15152,接送
15153,增进
15154,水泡
15155,赃
15156,相称
15157,意料之中
15158,商谈
15159,少不了
15160,洗刷
15161,可憎
15162,可嘉
15163,败露
15164,长途跋涉
15165,创业
15166,难听
15167,面目全非
15168,脑壳
15169,据为己有
15170,武断
15171,擦肩而过
15172,背道而驰
15173,明智之举
15174,老牌
15175,吴
15176,百合
15177,安吉
15178,蒙古
15179,犀牛
15180,新西兰
15181,悉尼
15182,印第安纳
15183,梵蒂冈
15184,罕
15185,堂弟
15186,宜
15187,行军
15188,人寿保险
15189,牙签
15190,队形
15191,萤火虫
15192,吉它
15193,脊
15194,锈
15195,熔化
15196,副官
15197,蒙面
15198,缪
15199,胸骨
15200,孵化
15201,夹心
15202,咚
15203,财政部
15204,口头禅
15205,文艺复兴
15206,斯德哥尔摩
15207,灌肠
15208,蝇
15209,蒙大拿
15210,中枢
15211,机舱
15212,雪人
15213,缝纫
15214,单一
15215,地基
15216,凿
15217,橄榄油
15218,爬行
15219,廊
15220,入眠
15221,收容
15222,吊床
15223,转账
15224,遇刺
15225,长凳
15226,芳香
15227,贫
15228,放水
15229,宛如
15230,退货
15231,专题
15232,活性
15233,产权
15234,转让
15235,队列
15236,扯谎
15237,苛
15238,静电
15239,抗辩
15240,驱散
15241,唤
15242,政党
15243,轮船
15244,鱼肉
15245,抚
15246,委
15247,北上
15248,打鼓
15249,作画
15250,水沟
15251,利害
15252,咖啡豆
15253,最后通牒
15254,统
15255,剩菜
15256,嚎叫
15257,浪荡
15258,伪
15259,哺乳动物
15260,腮
15261,药方
15262,单程
15263,警钟
15264,食物链
15265,贞操
15266,针孔
15267,捣毁
15268,排泄
15269,压低
15270,无精打采
15271,麻袋
15272,蓬松
15273,在编
15274,香皂
15275,称霸
15276,解说
15277,倒卖
15278,封口
15279,捂住
15280,省钱
15281,阻力
15282,而今
15283,工程学
15284,迈向
15285,反光
15286,癖好
15287,低沉
15288,再造
15289,脑细胞
15290,浓烟
15291,把守
15292,传染性
15293,机械师
15294,夜空
15295,松懈
15296,恳请
15297,按键
15298,求情
15299,民意
15300,犀
15301,谢幕
15302,事端
15303,申报
15304,外带
15305,一声不吭
15306,流落
15307,平面图
15308,拍戏
15309,新陈代谢
15310,吃力
15311,连贯
15312,唱反调
15313,无限期
15314,无期徒刑
15315,数十亿
15316,未了
15317,闯祸
15318,不凡
15319,酒量
15320,现代化
15321,不计其数
15322,阴阳
15323,堆积
15324,滚烫
15325,盛行
15326,善恶
15327,昏暗
15328,相投
15329,散落
15330,日渐
15331,学问
15332,过剩
15333,可贵
15334,普普通通
15335,小气鬼
15336,开拓
15337,柴火
15338,两手空空
15339,拖后腿
15340,伤脑筋
15341,大肚子
15342,端正
15343,坐骑
15344,站稳
15345,导火索
15346,恼人
15347,难倒
15348,坚不可摧
15349,临头
15350,不见得
15351,后事
15352,暂且
15353,火光
15354,少有
15355,督
15356,於
15357,元老
15358,阿波罗
15359,刀锋
15360,法兰克
15361,盐湖城
15362,吟
15363,圣殿
15364,黄蜂
15365,阑尾
15366,温哥华
15367,国标舞
15368,鬼子
15369,奥马哈
15370,冰棍
15371,霹雳舞
15372,海地
15373,资讯
15374,阔
15375,辅导员
15376,白蚁
15377,宝剑
15378,黑猩猩
15379,菊
15380,誓词
15381,使馆
15382,巡查
15383,奥兰多
15384,船尾
15385,参谋长
15386,预言家
15387,贞洁
15388,马驹
15389,作文
15390,达尔文
15391,航空局
15392,民权
15393,白雪公主
15394,绣
15395,新加坡
15396,必备
15397,拉肚子
15398,椎骨
15399,妊娠
15400,云层
15401,打印机
15402,冒牌
15403,监察
15404,嫂子
15405,声带
15406,飚
15407,船头
15408,收割
15409,典当
15410,北欧
15411,喷漆
15412,淘汰赛
15413,可知
15414,放风
15415,全息
15416,停滞
15417,多伦多
15418,氟
15419,回忆录
15420,手语
15421,亢奋
15422,背诵
15423,防毒面具
15424,消防车
15425,摇摆不定
15426,真菌
15427,瞌睡
15428,时区
15429,法力
15430,旧约
15431,舞技
15432,保守派
15433,探险家
15434,公寓楼
15435,田径
15436,噪声
15437,保护性
15438,插图
15439,解体
15440,发条
15441,中学生
15442,年青
15443,卸货
15444,咖啡壶
15445,怪诞
15446,忠贞
15447,邮戳
15448,希尔顿
15449,自由主义
15450,盗取
15451,干旱
15452,团圆
15453,战绩
15454,投机
15455,扎营
15456,匪夷所思
15457,爷们
15458,下体
15459,再会
15460,雄心
15461,医疗费
15462,远门
15463,倒立
15464,钟情
15465,逝世
15466,修养
15467,游民
15468,移居
15469,开明
15470,抬举
15471,帘子
15472,刨
15473,直率
15474,抹杀
15475,病魔
15476,砸碎
15477,默默无闻
15478,喧闹
15479,调配
15480,遣返
15481,何等
15482,西南部
15483,磨练
15484,素食者
15485,亏欠
15486,演练
15487,注销
15488,真皮
15489,其一
15490,轻信
15491,勾结
15492,怒吼
15493,加紧
15494,健美
15495,较劲
15496,落幕
15497,臂弯
15498,断开
15499,湿润
15500,纸板
15501,买进
15502,虚荣
15503,倔
15504,惹祸
15505,杂乱
15506,公事公办
15507,露宿
15508,夸大其词
15509,狂妄
15510,唾弃
15511,音效
15512,大清早
15513,断气
15514,后脑
15515,柏拉图
15516,躯干
15517,帆布
15518,摇钱树
15519,通融
15520,刺中
15521,俯瞰
15522,破晓
15523,排查
15524,奢
15525,握有
15526,意向
15527,发情
15528,俗话说
15529,来劲
15530,空隙
15531,致命伤
15532,凸
15533,自发
15534,冤家
15535,害臊
15536,天色
15537,羊群
15538,不闻不问
15539,倾家荡产
15540,驱赶
15541,表述
15542,真切
15543,份量
15544,听天由命
15545,胚
15546,破镜重圆
15547,认命
15548,对照
15549,诱导
15550,一蹶不振
15551,必不可少
15552,聪明才智
15553,火候
15554,荒芜
15555,居家
15556,个旧
15557,狼藉
15558,大相径庭
15559,美的
15560,内讧
15561,垮台
15562,操之过急
15563,车身
15564,出生入死
15565,机不可失
15566,害处
15567,赞叹
15568,趁早
15569,引人入胜
15570,度日
15571,飘飘然
15572,阴暗面
15573,本行
15574,见效
15575,人之常情
15576,转来转去
15577,高见
15578,寂
15579,肖
15580,中转站
15581,总督
15582,教官
15583,忒
15584,伦巴
15585,柔道
15586,哈瓦那
15587,符咒
15588,司令官
15589,浩
15590,俊
15591,赛道
15592,艇
15593,狗崽子
15594,晶体
15595,电影节
15596,连体
15597,掠
15598,纳西
15599,咕噜
15600,礼拜堂
15601,鹌鹑
15602,专员
15603,叙利亚
15604,声波
15605,域
15606,枫
15607,球门
15608,挑战者
15609,请愿书
15610,总经理
15611,芽
15612,木桩
15613,开采
15614,孔雀
15615,机组
15616,帝王
15617,蟋蟀
15618,乘务员
15619,阀门
15620,代数
15621,截肢
15622,水箱
15623,运动服
15624,村落
15625,起子
15626,充电器
15627,布朗克斯
15628,排球
15629,拱
15630,套套
15631,兵营
15632,割草机
15633,郁金香
15634,李子
15635,剧目
15636,断头台
15637,风速
15638,电汇
15639,魔王
15640,睡美人
15641,母乳
15642,坏死
15643,血浆
15644,回程
15645,更年期
15646,云彩
15647,受贿
15648,音像
15649,战败
15650,张力
15651,瓣
15652,千金
15653,以西
15654,大款
15655,译
15656,脱毛
15657,饲养
15658,监制
15659,行礼
15660,烈焰
15661,催眠术
15662,腥
15663,楷模
15664,喷嚏
15665,殉
15666,议题
15667,方针
15668,圣诞卡
15669,大腕
15670,应答
15671,格式
15672,冰柜
15673,杂草
15674,击溃
15675,缺德
15676,佛教
15677,雪佛兰
15678,抽血
15679,祭祀
15680,奋
15681,照应
15682,妇产科
15683,压榨
15684,身孕
15685,毛线
15686,接班人
15687,英明
15688,尽责
15689,热点
15690,石器
15691,观测
15692,真挚
15693,佩戴
15694,纠葛
15695,鳏夫
15696,专线
15697,均匀
15698,硅
15699,征用
15700,邮政
15701,投票权
15702,本钱
15703,时节
15704,算术
15705,消气
15706,炮火
15707,冷嘲热讽
15708,步调
15709,嫖
15710,施行
15711,游船
15712,妹夫
15713,晕船
15714,昏厥
15715,媳妇
15716,一瞬
15717,乘船
15718,矣
15719,穷光蛋
15720,救死扶伤
15721,对视
15722,梳妆台
15723,消退
15724,私有
15725,哭鼻子
15726,发售
15727,独到
15728,脑电波
15729,悬挂
15730,坚韧
15731,长假
15732,爽约
15733,工作日
15734,神速
15735,求援
15736,迂回
15737,饥
15738,无望
15739,咄咄逼人
15740,防盗
15741,刚巧
15742,初学者
15743,栖身
15744,别致
15745,转型
15746,飞驰
15747,叫唤
15748,吹毛求疵
15749,三级
15750,破伤风
15751,罪责
15752,观望
15753,怯场
15754,觉悟
15755,花销
15756,篓子
15757,愈来愈
15758,解剖学
15759,流向
15760,靠得住
15761,轻度
15762,摇摇欲坠
15763,钢筋
15764,火上浇油
15765,催促
15766,自有
15767,尽忠
15768,独生女
15769,逞强
15770,航程
15771,点缀
15772,超负荷
15773,忠心耿耿
15774,沉寂
15775,人情味
15776,恨之入骨
15777,累累
15778,一丝不苟
15779,筹办
15780,硕大
15781,大批
15782,蜷缩
15783,灵通
15784,有条不紊
15785,自娱
15786,有的是
15787,直立
15788,到访
15789,造假
15790,关门大吉
15791,费神
15792,鬼门关
15793,慰问
15794,更上一层楼
15795,误入歧途
15796,用以
15797,要不是
15798,主旨
15799,灰飞烟灭
15800,拳手
15801,波比
15802,方舟
15803,钻头
15804,珊
15805,屠
15806,悟
15807,慕尼黑
15808,泡泡糖
15809,潜水员
15810,牛顿
15811,板球
15812,法老
15813,解毒剂
15814,僧侣
15815,拉面
15816,嗬
15817,不列颠
15818,油田
15819,变量
15820,土匪
15821,泰坦尼克号
15822,播音员
15823,法兰西
15824,煤矿
15825,台湾
15826,甲虫
15827,特务
15828,石棉
15829,睡袍
15830,投标
15831,沙袋
15832,驼背
15833,检查站
15834,水坝
15835,枪决
15836,燃油
15837,孰
15838,硫酸
15839,水族馆
15840,音乐节
15841,雌性
15842,决胜
15843,蜗牛
15844,执业
15845,哀
15846,拂
15847,获奖者
15848,画作
15849,叮咚
15850,积分
15851,胶布
15852,钢管
15853,铁锹
15854,椰
15855,定时器
15856,越野
15857,弹球
15858,研究员
15859,入围
15860,申请书
15861,荧幕
15862,渎职
15863,国庆
15864,电气
15865,盲点
15866,巨款
15867,窝囊
15868,楼房
15869,丰收
15870,腰包
15871,损毁
15872,榜首
15873,汽
15874,小女
15875,焦糖
15876,全家福
15877,肉汤
15878,液态
15879,供电
15880,白酒
15881,沥青
15882,慎
15883,股权
15884,升官
15885,肉馅
15886,投胎
15887,右面
15888,分工
15889,躺椅
15890,草丛
15891,网址
15892,岔
15893,支持率
15894,宴席
15895,滞留
15896,胆识
15897,遥遥领先
15898,拨通
15899,中指
15900,畅通
15901,问路
15902,危难
15903,记仇
15904,左右手
15905,山峰
15906,分店
15907,迪士尼
15908,估算
15909,愚
15910,一刀两断
15911,作恶
15912,枯竭
15913,掏空
15914,父爱
15915,功绩
15916,民用
15917,弗吉尼亚州
15918,越权
15919,烂泥
15920,狠心
15921,自相矛盾
15922,内科
15923,肉麻
15924,裂口
15925,定型
15926,闲谈
15927,代理商
15928,窥
15929,女方
15930,派别
15931,得克萨斯
15932,小节
15933,降级
15934,进货
15935,刁难
15936,崇敬
15937,高额
15938,和气
15939,容量
15940,恶名
15941,废铁
15942,纸片
15943,拘谨
15944,负荷
15945,媒介
15946,总机
15947,马虎
15948,罗网
15949,半自动
15950,铤而走险
15951,旧情
15952,科目
15953,高薪
15954,冷落
15955,分割
15956,落网
15957,正如
15958,低劣
15959,叹为观止
15960,出逃
15961,变样
15962,负债
15963,精良
15964,无人
15965,嘱咐
15966,有望
15967,格言
15968,颂
15969,多姿多彩
15970,断送
15971,内陆
15972,撰写
15973,满天飞
15974,浸泡
15975,发源地
15976,心仪
15977,毒打
15978,反复无常
15979,改用
15980,不可或缺
15981,迟缓
15982,承载
15983,省事
15984,代表作
15985,威信
15986,节骨眼
15987,酬
15988,瘫
15989,众矢之的
15990,内伤
15991,大度
15992,贴切
15993,占便宜
15994,埋头
15995,沦为
15996,家产
15997,吃不消
15998,一言难尽
15999,贸然
16000,陷于
16001,没落
16002,窘境
16003,俯视
16004,趾甲
16005,若非
16006,微乎其微
16007,所剩无几
16008,宽慰
16009,惨烈
16010,想当然
16011,装点
16012,合眼
16013,家喻户晓
16014,交织
16015,梅林
16016,纪
16017,被告人
16018,勋爵
16019,萨达姆
16020,镇长
16021,里尔
16022,南极
16023,下任
16024,断层
16025,光年
16026,狐
16027,钚
16028,布里斯托
16029,狂犬病
16030,亡灵
16031,栅
16032,核电站
16033,王妃
16034,考古
16035,水库
16036,密苏里
16037,信号灯
16038,嚯
16039,保单
16040,流亡
16041,蛤
16042,碉堡
16043,曲奇
16044,乳腺癌
16045,麻雀
16046,冠军赛
16047,甲状腺
16048,垃圾车
16049,烧酒
16050,山下
16051,独奏
16052,君王
16053,体能
16054,干草
16055,弹弓
16056,客机
16057,有限公司
16058,刚果
16059,技工
16060,搬运工
16061,颞
16062,阿拉伯语
16063,收发
16064,硫
16065,首映
16066,肉类
16067,滑动
16068,黎巴嫩
16069,群山
16070,洞口
16071,祝酒
16072,卫生部
16073,带队
16074,合谋
16075,内政
16076,养父
16077,焊接
16078,嫖客
16079,公会
16080,迫降
16081,哨子
16082,傍
16083,帘
16084,惠顾
16085,杠
16086,政界
16087,阵容
16088,吹风机
16089,领奖
16090,校准
16091,国际象棋
16092,考上
16093,麋鹿
16094,小调
16095,查封
16096,交响乐
16097,牵引
16098,海啸
16099,黄鼠狼
16100,桌布
16101,南北
16102,责难
16103,新英格兰
16104,钟表
16105,网路
16106,战事
16107,供养
16108,知心
16109,除名
16110,仿真
16111,倒转
16112,化学家
16113,跳楼
16114,货架
16115,愚笨
16116,韧带
16117,兴许
16118,遣
16119,仇视
16120,俯冲
16121,繁星
16122,摄氏度
16123,搁浅
16124,打结
16125,主权
16126,音讯
16127,抽取
16128,爬虫
16129,特例
16130,专一
16131,清算
16132,血汗
16133,剔
16134,无偿
16135,质询
16136,穿行
16137,参谋
16138,制剂
16139,染发
16140,拒捕
16141,加压
16142,材质
16143,担子
16144,恩爱
16145,手纸
16146,舒展
16147,失掉
16148,违禁
16149,致歉
16150,花束
16151,缚
16152,眯
16153,燥
16154,流入
16155,濒死
16156,誓死
16157,来世
16158,回溯
16159,守旧
16160,百科全书
16161,赠品
16162,乱世
16163,行情
16164,修长
16165,交易所
16166,歧途
16167,穿孔
16168,犀利
16169,前沿
16170,唾
16171,叫嚷
16172,致谢
16173,静音
16174,标明
16175,俗套
16176,掠过
16177,引荐
16178,找事
16179,力士
16180,戒严
16181,食道
16182,说闲话
16183,排序
16184,擦亮
16185,歌颂
16186,在理
16187,预支
16188,胳膊肘
16189,饭桌
16190,表象
16191,撒手不管
16192,和平共处
16193,回头路
16194,苍天
16195,透彻
16196,壮举
16197,定局
16198,无地自容
16199,迷离
16200,冷清
16201,腐化
16202,出生地
16203,对得起
16204,安家
16205,虎视眈眈
16206,废纸
16207,丢人现眼
16208,枉
16209,败诉
16210,狡辩
16211,所向披靡
16212,洋溢
16213,分身
16214,炙手可热
16215,随机应变
16216,受尽
16217,停泊
16218,掀翻
16219,敲诈勒索
16220,记忆犹新
16221,扫除
16222,骇人听闻
16223,周折
16224,臭烘烘
16225,生吞活剥
16226,彰
16227,赤手空拳
16228,挨个
16229,不好惹
16230,暗淡
16231,快照
16232,开辟
16233,不遗余力
16234,不辞而别
16235,近在眼前
16236,马马虎虎
16237,推卸
16238,板上钉钉
16239,坐落
16240,走散
16241,久留
16242,确立
16243,老一套
16244,要冲
16245,归属感
16246,白纸黑字
16247,盛名
16248,两回事
16249,连夜
16250,不足为奇
16251,相依为命
16252,手忙脚乱
16253,散架
16254,狼吞虎咽
16255,式样
16256,尼日利亚
16257,蒙特利尔
16258,球鞋
16259,肯特
16260,浦
16261,巴比伦
16262,委内瑞拉
16263,辅
16264,熔岩
16265,清真寺
16266,浪潮
16267,奥克兰
16268,曼谷
16269,骑手
16270,少尉
16271,指南针
16272,迫击炮
16273,桨
16274,开罗
16275,兵团
16276,沉船
16277,翰
16278,竹子
16279,雷电
16280,悔过
16281,造物
16282,冲击波
16283,虾米
16284,玄
16285,涂料
16286,接种
16287,礼拜六
16288,溜冰场
16289,核子
16290,鳍
16291,首发
16292,开曼群岛
16293,幻灯片
16294,首映式
16295,交互
16296,打捞
16297,马鞍
16298,道士
16299,汪汪
16300,阴间
16301,壁画
16302,观摩
16303,大笑
16304,瞅
16305,老板娘
16306,尾灯
16307,飞蛾
16308,知更鸟
16309,收银机
16310,感冒药
16311,吱
16312,胡椒粉
16313,马来西亚
16314,潮汐
16315,做礼拜
16316,销
16317,究
16318,婚事
16319,触角
16320,亩
16321,借光
16322,老年痴呆症
16323,莴苣
16324,老爷爷
16325,盐酸
16326,风水
16327,攻打
16328,侍
16329,水晶球
16330,棚子
16331,须要
16332,卡布奇诺
16333,卫生棉
16334,继子
16335,厌食症
16336,启航
16337,圣保罗
16338,曲调
16339,投保
16340,烘烤
16341,董事长
16342,搅拌机
16343,风波
16344,亚裔
16345,援救
16346,女警
16347,垄断
16348,同化
16349,大写
16350,康涅狄格
16351,盟
16352,宠儿
16353,清净
16354,会晤
16355,品行
16356,安眠
16357,社会学
16358,老好人
16359,主动脉
16360,和声
16361,痔疮
16362,长矛
16363,尾部
16364,朗诵
16365,翻脸
16366,街坊
16367,自给自足
16368,恩典
16369,东南亚
16370,攻克
16371,鲜艳
16372,镊子
16373,实弹
16374,抑
16375,负伤
16376,何去何从
16377,行善
16378,化学武器
16379,光学
16380,卧房
16381,沙场
16382,偏袒
16383,饭厅
16384,片中
16385,弹射
16386,步法
16387,平地
16388,舒坦
16389,皮质
16390,道听途说
16391,百货商店
16392,捕食
16393,韵律
16394,肉食
16395,捶
16396,放宽
16397,险些
16398,无中生有
16399,竿
16400,学科
16401,水底
16402,淡忘
16403,吐露
16404,解围
16405,殴
16406,贴近
16407,东南部
16408,爪牙
16409,万事通
16410,铺床
16411,别名
16412,拿手好戏
16413,通气
16414,特种
16415,鼻梁
16416,屹立
16417,交界
16418,交替
16419,畅所欲言
16420,收支
16421,崽
16422,摞
16423,城区
16424,来访者
16425,体育运动
16426,纷争
16427,睬
16428,主动权
16429,自力更生
16430,定夺
16431,先发制人
16432,垂死挣扎
16433,视作
16434,口感
16435,考量
16436,制订
16437,新颖
16438,朽
16439,无益
16440,成婚
16441,珍视
16442,测定
16443,资本家
16444,蹿
16445,依次
16446,踏实
16447,屈辱
16448,以南
16449,蚂蚱
16450,恶报
16451,挡箭牌
16452,深厚
16453,直通
16454,标示
16455,蹈
16456,简介
16457,心安理得
16458,死于非命
16459,唧
16460,始作俑者
16461,安生
16462,框架
16463,时时
16464,轻盈
16465,盛情
16466,我行我素
16467,湿漉漉
16468,穷追不舍
16469,草草
16470,在职
16471,一点点
16472,调试
16473,闪失
16474,吃药
16475,弱势
16476,入座
16477,精细
16478,寄信
16479,逃窜
16480,天造地设
16481,埋没
16482,在所难免
16483,阴魂
16484,情有独钟
16485,详尽
16486,起劲
16487,涌入
16488,翻版
16489,偏差
16490,小品
16491,海狸
16492,向日葵
16493,玻
16494,野猪
16495,汀
16496,大主教
16497,民兵
16498,辛辛那提
16499,反应堆
16500,殿
16501,斐
16502,秃子
16503,危地马拉
16504,酱油
16505,伯克利
16506,雀
16507,结巴
16508,地表
16509,忽
16510,沉沦
16511,果园
16512,卵巢
16513,防空
16514,剧团
16515,海尔
16516,乐谱
16517,剑术
16518,特快
16519,试卷
16520,冬眠
16521,告示
16522,共和
16523,清水
16524,刹
16525,发夹
16526,弹劾
16527,晓
16528,守门员
16529,征兵
16530,申
16531,狐狸精
16532,微积分
16533,遗骸
16534,耐克
16535,卫冕
16536,几时
16537,钻孔
16538,婴孩
16539,致词
16540,窗台
16541,讲课
16542,杂念
16543,内务
16544,打法
16545,定点
16546,排水管
16547,锯子
16548,领空
16549,继承权
16550,什锦
16551,出纳
16552,股价
16553,淘金
16554,咽喉
16555,树脂
16556,北纬
16557,亚麻
16558,漂白剂
16559,分机
16560,洁净
16561,秤
16562,遗传学
16563,省略
16564,门牙
16565,邻近
16566,横向
16567,除臭剂
16568,应验
16569,冒险家
16570,步子
16571,迁移
16572,纸币
16573,圆桌
16574,驾驶证
16575,两面派
16576,法术
16577,链条
16578,定格
16579,摄氏
16580,打呼噜
16581,血块
16582,比划
16583,豆奶
16584,下跌
16585,捉拿
16586,看守所
16587,炙
16588,惨案
16589,分期付款
16590,晕车
16591,公私
16592,羊皮
16593,被单
16594,好好先生
16595,页面
16596,潮水
16597,浆糊
16598,统领
16599,苦涩
16600,霸道
16601,存入
16602,买房
16603,露一手
16604,带刺
16605,子弟
16606,侵
16607,教课
16608,告状
16609,悔改
16610,颤动
16611,身形
16612,既定
16613,撤掉
16614,屠宰
16615,凋谢
16616,游泳衣
16617,绿洲
16618,一意孤行
16619,眼色
16620,花絮
16621,围捕
16622,构
16623,三思而后行
16624,时事
16625,不休
16626,烙
16627,手背
16628,皈依
16629,绿茶
16630,酒窖
16631,适时
16632,经由
16633,暴跳如雷
16634,沿途
16635,相安无事
16636,躯壳
16637,绝技
16638,香气
16639,传回
16640,杂货
16641,爱恋
16642,搬动
16643,驱除
16644,葬送
16645,腼腆
16646,虑
16647,受挫
16648,留宿
16649,票价
16650,轻浮
16651,久远
16652,男厕
16653,立足
16654,朴素
16655,自鸣得意
16656,无意识
16657,资质
16658,大小便
16659,法制
16660,全套
16661,黏糊
16662,多样化
16663,直白
16664,悬而未决
16665,你死我活
16666,满载
16667,上心
16668,投射
16669,病理学
16670,前所未见
16671,乌合之众
16672,待人
16673,彬彬有礼
16674,进而
16675,亲情
16676,打磨
16677,独吞
16678,守信
16679,拜倒
16680,酒味
16681,谁知
16682,下意识
16683,拼死
16684,口吻
16685,黯淡
16686,超前
16687,烦扰
16688,超时
16689,出岔子
16690,层层
16691,个把
16692,逐一
16693,招领
16694,笨重
16695,经不起
16696,进退
16697,后路
16698,注明
16699,自私自利
16700,尽职尽责
16701,芬芳
16702,各类
16703,愈发
16704,电波
16705,阴霾
16706,观察力
16707,病入膏肓
16708,闹腾
16709,绝无仅有
16710,一本正经
16711,横冲直撞
16712,迫在眉睫
16713,预留
16714,相比之下
16715,成品
16716,一心一意
16717,复述
16718,秽
16719,多于
16720,尘世
16721,源源不断
16722,招来
16723,沾沾自喜
16724,混杂
16725,启迪
16726,难懂
16727,攻占
16728,蒙骗
16729,自制力
16730,晚年
16731,每况愈下
16732,风尚
16733,克格勃
16734,杰米
16735,爷
16736,快步
16737,手杖
16738,手雷
16739,云霄
16740,游击队
16741,病原体
16742,刺刀
16743,慕
16744,甘油
16745,叹气
16746,闭路电视
16747,庇
16748,蔓
16749,燕
16750,淋病
16751,晤
16752,逾越
16753,滑翔
16754,入会
16755,战壕
16756,进球
16757,褶皱
16758,蜘蛛网
16759,潘多拉
16760,祭坛
16761,磨坊
16762,推土机
16763,脾脏
16764,侍应
16765,大法官
16766,寺院
16767,火葬
16768,砂
16769,探监
16770,镜像
16771,心动
16772,绘图
16773,红牛
16774,海域
16775,一等
16776,百分点
16777,闸门
16778,好汉
16779,钢琴家
16780,阿肯色州
16781,桥牌
16782,光束
16783,蚀
16784,妹子
16785,冷笑
16786,天神
16787,汤匙
16788,纯种
16789,兵役
16790,正餐
16791,化石
16792,升天
16793,使用者
16794,胎盘
16795,抽奖
16796,电线杆
16797,远行
16798,口琴
16799,轶事
16800,三维
16801,智囊团
16802,下马
16803,计算器
16804,治理
16805,结算
16806,专制
16807,电筒
16808,大白
16809,满员
16810,浴池
16811,段子
16812,褶
16813,底盘
16814,铁塔
16815,序
16816,远东
16817,索马里
16818,斗鸡
16819,山芋
16820,卖身
16821,跌落
16822,凝结
16823,四方
16824,溶液
16825,公民权
16826,过境
16827,捕杀
16828,碎石
16829,兑
16830,缝制
16831,直肠
16832,清风
16833,血性
16834,离岸
16835,战区
16836,影射
16837,打杂
16838,光照
16839,平头
16840,调频
16841,河畔
16842,北非
16843,均衡
16844,餐巾纸
16845,落下
16846,牛皮
16847,交锋
16848,检索
16849,栖
16850,汇聚
16851,左面
16852,分区
16853,深山
16854,短语
16855,心想事成
16856,变色
16857,掌舵
16858,禀
16859,残缺
16860,尸首
16861,染色
16862,沙丁鱼
16863,相逢
16864,通电
16865,相仿
16866,钢板
16867,孤岛
16868,销魂
16869,辩护人
16870,海明威
16871,出处
16872,尖刻
16873,上马
16874,残渣
16875,工匠
16876,举措
16877,热气
16878,餐会
16879,兴高采烈
16880,怪味
16881,渔
16882,擦拭
16883,骨瘦如柴
16884,论据
16885,维生
16886,坚挺
16887,海景
16888,擦洗
16889,生龙活虎
16890,绝招
16891,而后
16892,同龄人
16893,十全十美
16894,沿岸
16895,有序
16896,靠拢
16897,余额
16898,抚平
16899,廉耻
16900,掏腰包
16901,搪塞
16902,大杂烩
16903,肆无忌惮
16904,零售商
16905,较真
16906,虚荣心
16907,商学院
16908,平坦
16909,先下手为强
16910,请示
16911,掀开
16912,微微
16913,香甜
16914,夸夸其谈
16915,原定
16916,深邃
16917,和睦相处
16918,词典
16919,试剂
16920,超标
16921,声调
16922,情欲
16923,迄今
16924,另当别论
16925,急救箱
16926,市内
16927,心境
16928,市面
16929,贵姓
16930,怨气
16931,四面八方
16932,平整
16933,松散
16934,末期
16935,脚踏实地
16936,摇动
16937,衰弱
16938,随即
16939,见谅
16940,避风
16941,奋起
16942,学识
16943,马脚
16944,不锈钢
16945,相干
16946,新房
16947,狂风
16948,剧痛
16949,憾
16950,陆续
16951,波及
16952,算盘
16953,以北
16954,飙升
16955,老路
16956,毫不费力
16957,游玩
16958,何止
16959,占上风
16960,饮品
16961,登门
16962,缴械
16963,出人命
16964,威士忌酒
16965,鞘
16966,有劲
16967,有助
16968,年底
16969,写照
16970,出发点
16971,爱惜
16972,无所适从
16973,强求
16974,入迷
16975,繁华
16976,招致
16977,过多
16978,加进
16979,口口声声
16980,下海
16981,变故
16982,反反复复
16983,慢动作
16984,荒郊
16985,无异
16986,随叫随到
16987,寄予
16988,不相上下
16989,元首
16990,社长
16991,耶酥
16992,猎鹰
16993,航道
16994,晶
16995,啵
16996,巾
16997,炭疽
16998,密尔沃基
16999,麻疹
17000,霉菌
17001,町
17002,尘埃
17003,乌贼
17004,渥
17005,追悼会
17006,记录片
17007,声乐
17008,逆境
17009,特异功能
17010,牧
17011,义卖
17012,批评家
17013,忧愁
17014,宣传册
17015,大红
17016,渡船
17017,凤
17018,亚当斯
17019,雅典
17020,画布
17021,维和
17022,手柄
17023,援军
17024,布鲁塞尔
17025,做菜
17026,统帅
17027,餐车
17028,火箭筒
17029,侧门
17030,刷新
17031,编队
17032,微生物
17033,救生衣
17034,美容院
17035,游击
17036,劳作
17037,电话会议
17038,矩阵
17039,商会
17040,策划人
17041,乔迁
17042,邻
17043,讨论会
17044,崎岖
17045,官邸
17046,柴油
17047,肠道
17048,水边
17049,画报
17050,忌妒
17051,海拔
17052,饮水
17053,音乐厅
17054,早熟
17055,茶会
17056,轻蔑
17057,触电
17058,兽性
17059,交叉口
17060,美术馆
17061,传道
17062,非官方
17063,执政
17064,发胖
17065,尼古丁
17066,小河
17067,处分
17068,摩天大楼
17069,敞篷车
17070,上限
17071,夹板
17072,抹布
17073,公分
17074,摇篮曲
17075,糕饼
17076,尿样
17077,留守
17078,瞎眼
17079,巅
17080,忌日
17081,卫生巾
17082,眼中钉
17083,诺曼底
17084,涕
17085,光谱
17086,病变
17087,肉身
17088,创下
17089,属下
17090,心房
17091,备案
17092,倾心
17093,长者
17094,相间
17095,丰富多彩
17096,闺房
17097,一目了然
17098,孤寂
17099,可喜
17100,昭
17101,洲际
17102,钱币
17103,奔放
17104,诱骗
17105,先天性
17106,世代
17107,标牌
17108,升温
17109,进出口
17110,支票簿
17111,额度
17112,疹子
17113,遮盖
17114,缉拿
17115,星辰
17116,跟头
17117,华盛顿州
17118,商界
17119,共用
17120,订阅
17121,美籍
17122,成型
17123,年薪
17124,大道理
17125,拖欠
17126,脱险
17127,攥
17128,气派
17129,影视
17130,饮用水
17131,影碟
17132,困苦
17133,热力
17134,火药味
17135,脑力
17136,表兄弟
17137,旧式
17138,委任
17139,外观
17140,吊灯
17141,飞溅
17142,草案
17143,拜读
17144,宽广
17145,一口气
17146,辩驳
17147,足智多谋
17148,耳目一新
17149,家室
17150,夺目
17151,一视同仁
17152,过门
17153,便于
17154,泻药
17155,答谢
17156,窝心
17157,小打小闹
17158,热带雨林
17159,马背
17160,膀子
17161,以至
17162,单程票
17163,铺天盖地
17164,雄伟
17165,洗劫一空
17166,手感
17167,亲朋好友
17168,光彩夺目
17169,随行
17170,神采奕奕
17171,急症
17172,无所不在
17173,贪得无厌
17174,落井下石
17175,背离
17176,得失
17177,后尘
17178,端倪
17179,咎由自取
17180,加害
17181,老东西
17182,寸步不离
17183,贪吃
17184,数以百计
17185,打岔
17186,遍地
17187,诡计多端
17188,受阻
17189,走后门
17190,名曲
17191,恶果
17192,夸耀
17193,平复
17194,平日
17195,碎裂
17196,内行
17197,翻来覆去
17198,蒙混过关
17199,改行
17200,饱满
17201,隐约
17202,景点
17203,做手脚
17204,惩
17205,繁重
17206,转眼
17207,设身处地
17208,蜂拥而至
17209,不得而知
17210,空心
17211,折中
17212,起色
17213,拘泥
17214,任凭
17215,波涛
17216,实质性
17217,不由
17218,不及
17219,遍及
17220,免不了
17221,平滑
17222,专攻
17223,跨国
17224,耍嘴皮子
17225,异乡
17226,苟延残喘
17227,埃文
17228,苔
17229,柯达
17230,舰长
17231,阿尔巴尼亚
17232,裘
17233,特洛伊
17234,詹森
17235,怀表
17236,雷鸣
17237,卓
17238,鼹鼠
17239,咔
17240,乌托邦
17241,姨
17242,触手
17243,艾滋
17244,阀
17245,乔治亚
17246,本部
17247,长城
17248,貂
17249,一氧化碳
17250,泉水
17251,臣
17252,贝斯
17253,说客
17254,沃尔玛
17255,冰岛
17256,老爷子
17257,翡翠
17258,炸鱼
17259,乃是
17260,都柏林
17261,镜片
17262,总署
17263,甘蓝
17264,锐利
17265,疝气
17266,爱神
17267,排放
17268,瞭
17269,十二月
17270,竞价
17271,最高法院
17272,函
17273,骨盆
17274,铸
17275,审计
17276,仓鼠
17277,加速器
17278,族群
17279,订书机
17280,阶
17281,沙丘
17282,叽叽喳喳
17283,马甲
17284,大山
17285,腋窝
17286,蕃茄
17287,磷
17288,通知书
17289,转送
17290,口述
17291,艺名
17292,展览会
17293,展品
17294,刑讯
17295,截断
17296,涨潮
17297,落叶
17298,镁
17299,修缮
17300,待定
17301,销售额
17302,通货膨胀
17303,死罪
17304,锐
17305,放电
17306,行车
17307,惟一
17308,军衔
17309,木工
17310,高低
17311,斑斑
17312,奸杀
17313,湿度
17314,放哨
17315,神学
17316,夜校
17317,独木舟
17318,学士
17319,声纳
17320,时下
17321,小妹
17322,指针
17323,服兵役
17324,某某
17325,尺度
17326,分隔
17327,阳痿
17328,习
17329,母爱
17330,彷徨
17331,保险单
17332,清高
17333,震荡
17334,栏目
17335,畏缩
17336,咕哝
17337,窈窕
17338,软骨
17339,料子
17340,奴隶制
17341,风力
17342,倔强
17343,为重
17344,扫描器
17345,心虚
17346,焦虑不安
17347,文职
17348,隐私权
17349,举重
17350,神经性
17351,豹子
17352,干涸
17353,灵车
17354,孵
17355,护目镜
17356,亲信
17357,落日
17358,车速
17359,中餐馆
17360,洁癖
17361,物业
17362,真实感
17363,镭
17364,提请
17365,激战
17366,长袖
17367,斟
17368,探头
17369,令人发指
17370,引擎盖
17371,表里
17372,丛
17373,发芽
17374,崩塌
17375,编制
17376,搭话
17377,夜生活
17378,骨牌
17379,麻风病
17380,警棍
17381,长跑
17382,跋涉
17383,伤寒
17384,送行
17385,退还
17386,交错
17387,啮
17388,送别
17389,曾几何时
17390,依偎
17391,厘
17392,疙瘩
17393,行话
17394,搀和
17395,礼拜一
17396,设防
17397,沉默寡言
17398,透漏
17399,嫌弃
17400,汇集
17401,骤
17402,尼龙
17403,修辞
17404,自问
17405,诬蔑
17406,血肿
17407,纯金
17408,倘若
17409,赤脚
17410,大放异彩
17411,性高潮
17412,何以
17413,棺
17414,筛
17415,送达
17416,同龄
17417,杂音
17418,西北部
17419,逃往
17420,特立独行
17421,邮购
17422,零碎
17423,义气
17424,领略
17425,认字
17426,母语
17427,火车票
17428,前段
17429,心肌
17430,通俗
17431,天籁
17432,恪守
17433,绿帽子
17434,长存
17435,虎口
17436,评头论足
17437,睹
17438,噩耗
17439,职业病
17440,痛失
17441,稳重
17442,分化
17443,条文
17444,尽心
17445,大体
17446,识相
17447,女性化
17448,撒手
17449,囚徒
17450,油腻
17451,骗取
17452,超群
17453,小白
17454,便携式
17455,草拟
17456,恶行
17457,润滑
17458,诉诸
17459,误差
17460,装货
17461,叫嚣
17462,俗语
17463,刺骨
17464,口风
17465,溢出
17466,设计者
17467,况
17468,息息相关
17469,戏码
17470,实物
17471,牛角
17472,急促
17473,随地
17474,俯身
17475,炒作
17476,一律
17477,阳刚
17478,良药
17479,断言
17480,活宝
17481,白旗
17482,小辫子
17483,普照
17484,问世
17485,死去活来
17486,加剧
17487,重提
17488,博学
17489,刑法
17490,酿成
17491,省去
17492,无意间
17493,死对头
17494,说起
17495,代名词
17496,简单化
17497,懊恼
17498,自讨苦吃
17499,攀升
17500,自食其力
17501,致富
17502,描
17503,随处
17504,捷足先登
17505,悉
17506,雏
17507,眼花缭乱
17508,千方百计
17509,钻研
17510,苟同
17511,眉头
17512,大喊
17513,纰漏
17514,屈从
17515,先机
17516,心疼
17517,人满为患
17518,不屑一顾
17519,高枕无忧
17520,甩手
17521,绰绰有余
17522,多此一举
17523,保险费
17524,不堪一击
17525,令人钦佩
17526,盖尔
17527,贞
17528,交际舞
17529,干细胞
17530,披风
17531,雨林
17532,埃塞俄比亚
17533,釜山
17534,三角洲
17535,跛
17536,乾
17537,索尼
17538,领事
17539,美洲狮
17540,机灵鬼
17541,高原
17542,难民营
17543,肯尼亚
17544,多佛
17545,铸造
17546,救生艇
17547,啄
17548,巴勒斯坦
17549,赃款
17550,泥浆
17551,舟
17552,地质
17553,友爱
17554,越野车
17555,播音
17556,颅骨
17557,菲尼克斯
17558,死囚
17559,头饰
17560,贫民
17561,水桶
17562,闸
17563,无线电话
17564,连衣裙
17565,模块
17566,机身
17567,铁丝
17568,禅
17569,染料
17570,星云
17571,分行
17572,独唱
17573,扫把
17574,高考
17575,弹跳
17576,口齿
17577,格林威治
17578,托管
17579,太阳神
17580,猛击
17581,老处女
17582,脑电图
17583,落选
17584,眼睑
17585,新墨西哥
17586,满堂
17587,白细胞
17588,总局
17589,限速
17590,踝
17591,候诊室
17592,农作物
17593,电极
17594,转盘
17595,天王
17596,修理厂
17597,执教
17598,熨斗
17599,陷落
17600,花边
17601,焉
17602,苹
17603,春光
17604,方向感
17605,捉奸
17606,博爱
17607,穿刺
17608,饰物
17609,祈福
17610,获释
17611,大力士
17612,柔情
17613,日记本
17614,泣
17615,精妙
17616,光盘
17617,乐土
17618,破获
17619,抚恤金
17620,老乡
17621,缓冲
17622,亮晶晶
17623,胫骨
17624,金星
17625,自学
17626,绒毛
17627,变通
17628,劳斯莱斯
17629,索引
17630,石榴
17631,本田
17632,疣
17633,自然灾害
17634,消音器
17635,侍奉
17636,奸细
17637,电量
17638,递送
17639,门房
17640,杠杆
17641,公约
17642,招揽
17643,篇章
17644,飘逸
17645,易碎
17646,个中
17647,汇款
17648,第一手
17649,战况
17650,爆出
17651,优柔寡断
17652,因子
17653,铁皮
17654,不一
17655,砌
17656,归位
17657,主顾
17658,底牌
17659,貂皮
17660,锁匠
17661,历史学家
17662,搽
17663,万恶
17664,得胜
17665,渊源
17666,传承
17667,百分之
17668,企
17669,补丁
17670,折服
17671,露骨
17672,袖口
17673,面颊
17674,回转
17675,低血糖
17676,网球场
17677,调遣
17678,平板
17679,品德
17680,火坑
17681,劳动力
17682,青梅竹马
17683,调研
17684,学年
17685,澎湃
17686,固
17687,瘦弱
17688,打得火热
17689,镇痛
17690,莅临
17691,悦耳
17692,好似
17693,亲昵
17694,变卦
17695,软化
17696,火辣辣
17697,难产
17698,举足轻重
17699,衬托
17700,开眼
17701,剪报
17702,窘迫
17703,儿歌
17704,仁爱
17705,带动
17706,商业化
17707,自知之明
17708,停业
17709,坐冷板凳
17710,脑瓜
17711,辛劳
17712,重物
17713,恼怒
17714,依恋
17715,令人满意
17716,先天
17717,驶入
17718,波折
17719,自得其乐
17720,炽热
17721,不尽
17722,摘要
17723,卑贱
17724,奔走
17725,定向
17726,独子
17727,十分之一
17728,安全性
17729,天长地久
17730,革命性
17731,脸面
17732,汲取
17733,争气
17734,威严
17735,倒胃口
17736,高声
17737,接过
17738,停滞不前
17739,静坐
17740,正大光明
17741,据称
17742,蛊惑
17743,轻伤
17744,萌芽
17745,发福
17746,方形
17747,出乱子
17748,体质
17749,其间
17750,市郊
17751,独有
17752,手足
17753,锦上添花
17754,风潮
17755,剃须刀
17756,全员
17757,上进
17758,平淡无奇
17759,狠毒
17760,嘴角
17761,这么样
17762,妒
17763,天花
17764,起家
17765,废掉
17766,勘察
17767,顶点
17768,跻身
17769,紧要
17770,展露
17771,泡影
17772,闻所未闻
17773,无言
17774,推移
17775,一行
17776,检点
17777,孤身
17778,穷苦
17779,迎刃而解
17780,症结
17781,深究
17782,赶跑
17783,脱节
17784,掩人耳目
17785,联结
17786,杞人忧天
17787,好在
17788,如期
17789,荧屏
17790,众目睽睽
17791,把持
17792,各方
17793,荒
17794,家畜
17795,原著
17796,方方面面
17797,天理
17798,忍气吞声
17799,江山
17800,悉心
17801,体态
17802,年华
17803,听筒
17804,捣鬼
17805,西装革履
17806,眼角
17807,守株待兔
17808,赏光
17809,溺爱
17810,着重
17811,费事
17812,上月
17813,游刃有余
17814,名贵
17815,担负
17816,严守
17817,抵赖
17818,漠视
17819,出警
17820,增色
17821,教条
17822,临别
17823,轻描淡写
17824,心狠手辣
17825,洞悉
17826,展翅
17827,人名
17828,支点
17829,门徒
17830,蚁
17831,鱼雷
17832,詹
17833,焊
17834,利兹
17835,天皇
17836,喀
17837,穴居
17838,宙斯
17839,高呼
17840,大阪
17841,母亲节
17842,斯大林
17843,桑巴
17844,兰西
17845,芭比
17846,头领
17847,财团
17848,法郎
17849,波斯尼亚
17850,口技
17851,红心
17852,木星
17853,咩
17854,恶鬼
17855,十字军
17856,教友
17857,理财
17858,雨季
17859,结扎
17860,保加利亚
17861,囊肿
17862,宿主
17863,狒狒
17864,京都
17865,亨
17866,献血
17867,船体
17868,扒手
17869,纳什维尔
17870,里约热内卢
17871,蠕虫
17872,獾
17873,比试
17874,樱花
17875,巫医
17876,蛤蟆
17877,罗宾汉
17878,炫目
17879,西洋
17880,升降机
17881,塔台
17882,谴
17883,钾
17884,尼加拉瓜
17885,生产线
17886,德文
17887,桔
17888,反对票
17889,泰山
17890,白鲸
17891,音域
17892,刊
17893,小马
17894,滑轮
17895,方程
17896,甘草
17897,先辈
17898,机体
17899,荒岛
17900,斯文
17901,嫁妆
17902,涡轮
17903,热气球
17904,领班
17905,用量
17906,货舱
17907,呜呜
17908,法兰绒
17909,橱
17910,侍从
17911,产前
17912,雀跃
17913,天平
17914,淫乱
17915,收紧
17916,奶妈
17917,转换器
17918,粉身碎骨
17919,通风管
17920,时针
17921,誓约
17922,枪炮
17923,熟识
17924,囧
17925,血栓
17926,格拉斯哥
17927,窝藏
17928,理科
17929,诊疗
17930,补习
17931,地段
17932,的哥
17933,茶壶
17934,攻破
17935,电信
17936,横幅
17937,天命
17938,隔膜
17939,峰值
17940,淤泥
17941,琥珀
17942,同班
17943,织物
17944,液压
17945,信贷
17946,放大镜
17947,软管
17948,数值
17949,瘪三
17950,口罩
17951,附着
17952,乐章
17953,冲澡
17954,拢
17955,停工
17956,籽
17957,亡命
17958,箴言
17959,申请人
17960,腹腔
17961,咖啡屋
17962,血洗
17963,自治
17964,适者生存
17965,守门
17966,雄鹰
17967,止痛片
17968,传家宝
17969,违约
17970,长袜
17971,辑
17972,扼死
17973,委派
17974,下山
17975,吊唁
17976,色素
17977,佛教徒
17978,暮
17979,替死鬼
17980,绝活
17981,上岗
17982,珠穆朗玛峰
17983,原罪
17984,阴囊
17985,抄袭
17986,热源
17987,溶化
17988,佛罗伦萨
17989,散文
17990,肢
17991,荡秋千
17992,失声
17993,缺水
17994,油水
17995,变戏法
17996,进驻
17997,弊
17998,背信弃义
17999,杵
18000,路线图
18001,身段
18002,进修
18003,姑且
18004,票据
18005,戒心
18006,苦果
18007,误杀
18008,常驻
18009,碳酸
18010,起航
18011,更衣
18012,这般
18013,星条旗
18014,晦气
18015,曾祖母
18016,沦陷
18017,推行
18018,仇敌
18019,止境
18020,操守
18021,矜持
18022,胸有成竹
18023,傻气
18024,俏皮话
18025,羁
18026,外泄
18027,留存
18028,中层
18029,目瞪口呆
18030,寓意
18031,换气
18032,老爷车
18033,对白
18034,栖息地
18035,诱捕
18036,势均力敌
18037,行装
18038,评定
18039,本来面目
18040,旧案
18041,仪表盘
18042,训斥
18043,构建
18044,愈演愈烈
18045,成份
18046,糖衣
18047,法学
18048,收缴
18049,同年
18050,悦
18051,土包子
18052,随处可见
18053,投奔
18054,赖以
18055,稀薄
18056,问号
18057,娘子
18058,可行性
18059,若是
18060,趾高气扬
18061,马来
18062,散会
18063,踏足
18064,淋漓尽致
18065,医嘱
18066,驰骋
18067,拆穿
18068,两性
18069,调转
18070,饭局
18071,如出一辙
18072,无穷无尽
18073,残存
18074,午觉
18075,二手车
18076,费尽心机
18077,单个
18078,盎然
18079,调侃
18080,灵验
18081,盯梢
18082,一了百了
18083,间隙
18084,猫腻
18085,扎根
18086,早年
18087,推崇
18088,日前
18089,巴结
18090,高等教育
18091,刊物
18092,动脑筋
18093,无依无靠
18094,代代相传
18095,督促
18096,好恶
18097,注目
18098,眼见为实
18099,不俗
18100,只怕
18101,不同凡响
18102,遏制
18103,闲暇
18104,闲扯
18105,吞没
18106,此类
18107,心力
18108,看得出
18109,值得一提
18110,改建
18111,扩
18112,据此
18113,开水
18114,绝世
18115,特邀
18116,商业区
18117,长进
18118,新近
18119,酸痛
18120,无声无息
18121,润色
18122,嗝
18123,默许
18124,操办
18125,功力
18126,毫毛
18127,由来
18128,相继
18129,剔除
18130,评为
18131,问心无愧
18132,献殷勤
18133,凌乱
18134,幼小
18135,跃跃欲试
18136,疗效
18137,不和
18138,诙谐
18139,字样
18140,和好
18141,窟窿
18142,跑遍
18143,亡羊补牢
18144,一并
18145,老毛病
18146,如影随形
18147,见外
18148,妳
18149,葡萄牙语
18150,汪
18151,逃亡者
18152,御
18153,科克
18154,人工智能
18155,猛禽
18156,鹤
18157,查尔斯顿
18158,矿井
18159,廷
18160,和服
18161,爵
18162,车臣
18163,拜伦
18164,北约
18165,中村
18166,爱滋病
18167,萧
18168,峰会
18169,稻草人
18170,管线
18171,卷轴
18172,剌
18173,蛛
18174,胶囊
18175,猛兽
18176,吮
18177,首演
18178,横梁
18179,石板
18180,跳绳
18181,艮
18182,问卷
18183,令尊
18184,大不列颠
18185,纪念馆
18186,卫士
18187,皮箱
18188,嘀
18189,守望
18190,螺旋桨
18191,公公
18192,拨款
18193,鼓声
18194,圣餐
18195,铀
18196,出界
18197,赛马场
18198,马术
18199,先令
18200,套子
18201,紫藤
18202,告白
18203,一齐
18204,记分
18205,锌
18206,仲裁
18207,雷区
18208,壁球
18209,工作站
18210,水银
18211,不知所云
18212,路易斯安那州
18213,窦
18214,甲基
18215,河谷
18216,名著
18217,过载
18218,文献
18219,互惠
18220,阿托品
18221,老虎机
18222,橡木
18223,小狗
18224,羟
18225,罗马帝国
18226,杂交
18227,蝌蚪
18228,耸
18229,下游
18230,站岗
18231,不规则
18232,例假
18233,长线
18234,纬度
18235,异教
18236,孝顺
18237,堕
18238,鞠
18239,份额
18240,深思
18241,弹力
18242,和弦
18243,误伤
18244,表层
18245,破除
18246,衰落
18247,青霉素
18248,哗
18249,玉米粉
18250,风浪
18251,警备
18252,官僚主义
18253,淡水
18254,教员
18255,扭打
18256,走调
18257,美利坚
18258,罗得岛
18259,徐
18260,众议院
18261,硝
18262,勒令
18263,黑桃
18264,驳
18265,酚
18266,校方
18267,回扣
18268,一生一世
18269,噎住
18270,药瓶
18271,全球性
18272,开赛
18273,顶撞
18274,税款
18275,非暴力
18276,相好
18277,蜕变
18278,儿媳妇
18279,矫
18280,油价
18281,产量
18282,驻足
18283,炎症
18284,顺手牵羊
18285,疮
18286,甜酒
18287,梦乡
18288,啧啧
18289,通讯录
18290,经文
18291,挺身
18292,种植园
18293,悼词
18294,衣冠楚楚
18295,特种兵
18296,率先
18297,过目不忘
18298,产卵
18299,腹股沟
18300,打枪
18301,动乱
18302,选择性
18303,限定
18304,备战
18305,动力学
18306,合一
18307,柔顺
18308,调和
18309,脾
18310,厂商
18311,桥头
18312,秃鹫
18313,能人
18314,奇幻
18315,污辱
18316,点点滴滴
18317,纵情
18318,涨价
18319,命根子
18320,猪圈
18321,瓷
18322,前臂
18323,擤
18324,造福
18325,合体
18326,债主
18327,调停
18328,调制
18329,参半
18330,米老鼠
18331,躲闪
18332,类别
18333,总额
18334,蓝领
18335,巨变
18336,鱼竿
18337,母校
18338,领路
18339,狂饮
18340,冷汗
18341,其后
18342,拄
18343,进行曲
18344,狐朋狗友
18345,收录
18346,哭闹
18347,名列
18348,摩纳哥
18349,副业
18350,局子
18351,清凉
18352,隆隆
18353,暗藏
18354,直译
18355,反话
18356,灾祸
18357,砰砰
18358,涩
18359,人际
18360,患难
18361,目不转睛
18362,厮杀
18363,床头
18364,掉以轻心
18365,瘸腿
18366,翻云覆雨
18367,立体声
18368,象话
18369,下坡
18370,不翼而飞
18371,顺理成章
18372,事业有成
18373,大计
18374,粗略
18375,不了了之
18376,蕴含
18377,诱发
18378,转而
18379,筋骨
18380,心得
18381,简约
18382,守信用
18383,信口开河
18384,天底下
18385,居民区
18386,援兵
18387,掖
18388,提款
18389,租借
18390,责骂
18391,纤细
18392,作假
18393,摊子
18394,固执己见
18395,克莱斯勒
18396,涉案
18397,生性
18398,背影
18399,完整性
18400,疏通
18401,归根结底
18402,顺藤摸瓜
18403,且不说
18404,天职
18405,坚定不移
18406,气急败坏
18407,打点
18408,不言而喻
18409,走下坡路
18410,沉痛
18411,理顺
18412,信口
18413,水到渠成
18414,起跑线
18415,狂妄自大
18416,舒畅
18417,归类
18418,神气
18419,思想家
18420,自傲
18421,张口
18422,没趣
18423,紧握
18424,长途电话
18425,尘埃落定
18426,美感
18427,娴熟
18428,理清
18429,着落
18430,临走
18431,一针见血
18432,利器
18433,怒气冲冲
18434,列举
18435,私利
18436,驾轻就熟
18437,下肢
18438,重度
18439,万事大吉
18440,轰轰烈烈
18441,稀奇古怪
18442,分文
18443,上下班
18444,衣食
18445,两难
18446,出道
18447,遂
18448,导向
18449,胆战心惊
18450,严严实实
18451,劣
18452,一眼
18453,更胜一筹
18454,景仰
18455,活像
18456,飞龙
18457,陀螺
18458,南希
18459,哲
18460,玻利维亚
18461,牌局
18462,塔利班
18463,公开赛
18464,活塞
18465,法典
18466,甲烷
18467,太空人
18468,母体
18469,狗熊
18470,大坝
18471,发廊
18472,幼虫
18473,布达佩斯
18474,蛤蜊
18475,运球
18476,羽
18477,荒地
18478,火种
18479,提包
18480,穆罕默德
18481,芒
18482,防腐
18483,巴塞罗那
18484,面包车
18485,盟军
18486,经济舱
18487,游轮
18488,发电厂
18489,黑鹰
18490,起跑
18491,土拨鼠
18492,曼彻斯特
18493,机翼
18494,淋巴
18495,品酒
18496,超声
18497,肺结核
18498,堂妹
18499,二重唱
18500,布宜诺斯艾利斯
18501,冤
18502,盗墓
18503,午餐会
18504,研
18505,长笛
18506,笛子
18507,公敌
18508,水疗
18509,港湾
18510,侦察兵
18511,丘吉尔
18512,小牛
18513,总司令
18514,阻击
18515,兵器
18516,雀斑
18517,影印
18518,汽笛
18519,长裤
18520,膝盖骨
18521,利率
18522,嘘声
18523,流量
18524,侄儿
18525,畅
18526,尼罗河
18527,面团
18528,贝雷帽
18529,总动员
18530,月台
18531,回路
18532,行骗
18533,洛克菲勒
18534,农舍
18535,小卖部
18536,办公楼
18537,热能
18538,草皮
18539,网格
18540,海员
18541,奶嘴
18542,人事部
18543,就诊
18544,产房
18545,祖宗
18546,煲
18547,赤字
18548,体恤
18549,独角戏
18550,冷饮
18551,精简
18552,眼科
18553,搬迁
18554,花香
18555,胜仗
18556,旧日
18557,盆栽
18558,搔
18559,狂喜
18560,恶霸
18561,锥
18562,燃烧弹
18563,装卸
18564,柔美
18565,味觉
18566,表现力
18567,鼻腔
18568,多样性
18569,暗喻
18570,胸肌
18571,考核
18572,蝶
18573,发扬
18574,高峰期
18575,灌溉
18576,盆子
18577,风笛
18578,按揭
18579,灯火
18580,语言学
18581,紫红色
18582,烟鬼
18583,皮层
18584,肥大
18585,阻隔
18586,芳心
18587,凝望
18588,成千
18589,水坑
18590,父辈
18591,太阳穴
18592,民歌
18593,望风
18594,吝啬鬼
18595,书法
18596,条件反射
18597,生鱼片
18598,野草
18599,组织者
18600,错位
18601,软组织
18602,爆竹
18603,嘟囔
18604,寒酸
18605,踮
18606,寒舍
18607,图形
18608,拚
18609,侵略者
18610,上色
18611,陌
18612,跳蚤市场
18613,午宴
18614,意中人
18615,差强人意
18616,承包人
18617,册子
18618,厂家
18619,水枪
18620,单打
18621,大宗
18622,店面
18623,胸怀
18624,野战
18625,情网
18626,腊
18627,志同道合
18628,吋
18629,大动脉
18630,松口
18631,找钱
18632,干枯
18633,良性
18634,功率
18635,欲擒故纵
18636,手舞足蹈
18637,头盖骨
18638,顺势
18639,见地
18640,真假
18641,进取
18642,玩世不恭
18643,船运
18644,朝气
18645,惟
18646,换钱
18647,全球化
18648,疹
18649,白雪
18650,阴森
18651,报表
18652,退让
18653,各处
18654,庸医
18655,摒弃
18656,自吹自擂
18657,快门
18658,通畅
18659,征战
18660,雷声
18661,操劳
18662,病号
18663,枯
18664,白吃
18665,加盟
18666,就地
18667,麝香
18668,轻佻
18669,昼夜
18670,迎面
18671,拜见
18672,宽限
18673,心里有数
18674,杜撰
18675,倡导
18676,速率
18677,颐
18678,特指
18679,阅历
18680,充血
18681,实事
18682,和蔼可亲
18683,哗众取宠
18684,缎带
18685,鹤立鸡群
18686,寡人
18687,盛事
18688,厚重
18689,魁梧
18690,花心
18691,眼眶
18692,胡作非为
18693,吹捧
18694,相待
18695,奸诈
18696,领情
18697,脱发
18698,个案
18699,死命
18700,打退堂鼓
18701,下风
18702,问道
18703,分毫
18704,真心实意
18705,一贫如洗
18706,重磅
18707,斥责
18708,售票
18709,粗心大意
18710,只得
18711,助长
18712,跳槽
18713,变卖
18714,市值
18715,喧嚣
18716,苦海
18717,正值
18718,覆辙
18719,赞不绝口
18720,勤快
18721,自告奋勇
18722,积聚
18723,如此这般
18724,到头
18725,想入非非
18726,用武之地
18727,身临其境
18728,撮
18729,旷
18730,另行
18731,防身
18732,一个劲
18733,过来人
18734,成心
18735,赶尽杀绝
18736,投缘
18737,易于
18738,亏待
18739,断断续续
18740,见怪
18741,混日子
18742,发迹
18743,门闩
18744,固然
18745,编成
18746,百般
18747,酷爱
18748,得心应手
18749,重整旗鼓
18750,老生常谈
18751,哲理
18752,助兴
18753,微薄
18754,直话
18755,同流合污
18756,未雨绸缪
18757,高深
18758,随遇而安
18759,索性
18760,满脸
18761,茉莉
18762,粉碎机
18763,克里斯托弗
18764,野牛
18765,汞
18766,水獭
18767,芬兰
18768,运钞车
18769,霍乱
18770,空间站
18771,魔杖
18772,坂
18773,莲花
18774,薛
18775,广岛
18776,海德
18777,岭
18778,除夕
18779,珊瑚
18780,大队
18781,帧
18782,众议员
18783,修行
18784,废料
18785,塔楼
18786,钟楼
18787,利比亚
18788,热潮
18789,观战
18790,外孙女
18791,越共
18792,匡
18793,驼鹿
18794,脓包
18795,贵国
18796,通晓
18797,竖琴
18798,军舰
18799,战犯
18800,停息
18801,叔
18802,氦
18803,缆绳
18804,喷发
18805,公演
18806,休眠
18807,扬帆
18808,脑膜炎
18809,公文
18810,篮球场
18811,梵
18812,庄
18813,侍女
18814,赞成票
18815,美洲豹
18816,途经
18817,草包
18818,苦痛
18819,山路
18820,探子
18821,安哥拉
18822,树桩
18823,劳动节
18824,公尺
18825,鹿角
18826,舰船
18827,篮筐
18828,荣光
18829,模板
18830,刘海
18831,奇才
18832,铜板
18833,陶器
18834,臣民
18835,浴衣
18836,鱼叉
18837,收发室
18838,灯笼
18839,剖析
18840,混血儿
18841,适度
18842,登机口
18843,证明书
18844,癞蛤蟆
18845,蛀
18846,一世
18847,瓮
18848,比目鱼
18849,蜂窝
18850,连锁反应
18851,内存
18852,迅
18853,面值
18854,女童
18855,锦
18856,珍珠港
18857,溺
18858,讲师
18859,麻醉师
18860,春卷
18861,受体
18862,阿玛尼
18863,硅胶
18864,零点
18865,普拉提
18866,颊
18867,树干
18868,节点
18869,滑雪板
18870,贵妇
18871,游乐
18872,土著人
18873,舀
18874,水泵
18875,人流
18876,检察
18877,税金
18878,清教徒
18879,养子
18880,天文
18881,前兆
18882,黑麦
18883,痢疾
18884,泻
18885,嗖
18886,起价
18887,弧线
18888,利刃
18889,稳操胜券
18890,腹痛
18891,死敌
18892,寒暄
18893,雨天
18894,庆祝会
18895,剩饭
18896,觅食
18897,专卖
18898,新闻网
18899,社会保险
18900,示意图
18901,得奖
18902,程序员
18903,角膜
18904,噬
18905,航母
18906,撕毁
18907,水压
18908,接任
18909,乡亲
18910,粪坑
18911,招认
18912,非正常
18913,恼
18914,解职
18915,联网
18916,不济
18917,空谈
18918,心肝宝贝
18919,掉队
18920,蝗虫
18921,开导
18922,物归原主
18923,班房
18924,惊叫
18925,赞颂
18926,反攻
18927,镶嵌
18928,隐匿
18929,欺凌
18930,皱眉头
18931,喊声
18932,奇兵
18933,求职
18934,传导
18935,巴巴
18936,看头
18937,真伪
18938,外线
18939,手风琴
18940,腋下
18941,点播
18942,下蛋
18943,阿谀奉承
18944,辟
18945,名画
18946,诗集
18947,大难临头
18948,形体
18949,旁人
18950,烟灰
18951,清淡
18952,议事
18953,印度教
18954,实据
18955,自然科学
18956,奶瓶
18957,五分之一
18958,杀敌
18959,杀生
18960,沙地
18961,痛击
18962,假造
18963,推举
18964,跑龙套
18965,拂晓
18966,使坏
18967,爱莫能助
18968,轻型
18969,依附
18970,质感
18971,自重
18972,车流
18973,焚毁
18974,鲈鱼
18975,出航
18976,相亲相爱
18977,尽善尽美
18978,仁兄
18979,势不可挡
18980,造谣
18981,柔韧
18982,检阅
18983,精品
18984,奇遇
18985,稽
18986,早产
18987,老早
18988,面包片
18989,外层
18990,枪膛
18991,让位
18992,多彩
18993,佳肴
18994,讶异
18995,生日卡
18996,降价
18997,渔民
18998,滋生
18999,门面
19000,分析家
19001,小于
19002,唬人
19003,校正
19004,诧异
19005,宏大
19006,放在眼里
19007,出嫁
19008,突起
19009,衣冠
19010,荷包
19011,宽度
19012,衣衫
19013,堂堂
19014,贬
19015,铁窗
19016,蚕食
19017,通红
19018,冲劲
19019,机敏
19020,消防栓
19021,现钱
19022,隐晦
19023,掌心
19024,榴弹
19025,忌讳
19026,俗称
19027,只身
19028,灼热
19029,急性子
19030,话费
19031,所到之处
19032,成仁
19033,容身
19034,四面
19035,含蓄
19036,偏激
19037,征途
19038,风平浪静
19039,近似
19040,洞察
19041,跌跌撞撞
19042,稀少
19043,贪欲
19044,心血来潮
19045,空话
19046,不住
19047,有利可图
19048,小心眼
19049,乌烟瘴气
19050,动情
19051,涵盖
19052,分销
19053,自夸
19054,雄辩
19055,改换
19056,公物
19057,揣测
19058,一文不名
19059,陡
19060,阐明
19061,现存
19062,大街小巷
19063,蹒跚
19064,新建
19065,悄无声息
19066,讥讽
19067,富含
19068,眼红
19069,财源
19070,停歇
19071,涌现
19072,复数
19073,镀
19074,老本
19075,容颜
19076,生人
19077,短命
19078,老糊涂
19079,水温
19080,富饶
19081,导火线
19082,只字不提
19083,空余
19084,引路
19085,空空如也
19086,发落
19087,束手就擒
19088,冠冕堂皇
19089,博取
19090,英年早逝
19091,何妨
19092,司空见惯
19093,总得
19094,赚取
19095,历历在目
19096,把酒
19097,刀口
19098,惊天动地
19099,细说
19100,连通
19101,买账
19102,兴旺
19103,懂行
19104,通力合作
19105,升值
19106,接二连三
19107,听讲
19108,探查
19109,竭
19110,千辛万苦
19111,不在话下
19112,阿姆斯特朗
19113,谭
19114,卢比
19115,油井
19116,水母
19117,橡
19118,黛安娜
19119,韩元
19120,讬
19121,德里
19122,亚美尼亚
19123,沙特阿拉伯
19124,银币
19125,水痘
19126,利物浦
19127,吊桥
19128,驼
19129,爱丁堡
19130,贝鲁特
19131,流星雨
19132,罚球
19133,钢丝
19134,旗杆
19135,螳螂
19136,镰刀
19137,国立
19138,童子
19139,塞尔维亚
19140,鸽
19141,党员
19142,禁酒
19143,叛逃
19144,筐
19145,惺
19146,欣
19147,蜂鸟
19148,礼帽
19149,海象
19150,甜菜
19151,矢
19152,哥斯达黎加
19153,二手货
19154,嘎嘎
19155,画展
19156,烟枪
19157,接力
19158,法兰克福
19159,文本
19160,犹他
19161,起爆
19162,郑
19163,墓园
19164,政治犯
19165,那不勒斯
19166,专科
19167,火场
19168,清酒
19169,议院
19170,古物
19171,药检
19172,芹菜
19173,聆
19174,后撤
19175,大肠
19176,毒瘤
19177,爬升
19178,风琴
19179,瘦子
19180,巴伐利亚
19181,政见
19182,产假
19183,坐垫
19184,和谈
19185,黑心
19186,诵读
19187,所长
19188,鳗鱼
19189,太极
19190,波恩
19191,春梦
19192,腾空
19193,定理
19194,深海
19195,球拍
19196,欢欣鼓舞
19197,蓟
19198,蒙大拿州
19199,系主任
19200,鄙人
19201,遮蔽
19202,创世
19203,卷子
19204,切尔诺贝利
19205,自习
19206,巨无霸
19207,采矿
19208,通关
19209,升降
19210,壁纸
19211,下岗
19212,国庆节
19213,高举
19214,肽
19215,交警
19216,老太
19217,谬论
19218,印尼
19219,污染物
19220,保鲜
19221,温度计
19222,红绿灯
19223,饮用
19224,打雷
19225,裤衩
19226,癫
19227,红颜
19228,操作员
19229,强奸罪
19230,追加
19231,减半
19232,期望值
19233,遗址
19234,隐士
19235,抓拍
19236,刀具
19237,逆向
19238,播种
19239,善举
19240,脐
19241,保护神
19242,理赔
19243,培训班
19244,伤残
19245,无政府主义
19246,不胜
19247,从军
19248,文案
19249,俏皮
19250,呼吸道
19251,砖块
19252,皱眉
19253,桃色
19254,名利场
19255,伴舞
19256,艾森豪威尔
19257,保证金
19258,互利
19259,哨兵
19260,隙
19261,军火库
19262,感化
19263,凶悍
19264,珍品
19265,占线
19266,封锁线
19267,类比
19268,力求
19269,常青藤
19270,一月份
19271,油嘴
19272,湖泊
19273,醒酒
19274,车夫
19275,车箱
19276,匍匐
19277,机子
19278,特约
19279,清闲
19280,公仆
19281,力不从心
19282,毋
19283,工作台
19284,公用
19285,世外桃源
19286,赘
19287,边线
19288,试用期
19289,栽培
19290,颈椎
19291,神出鬼没
19292,梗
19293,会费
19294,宽衣
19295,色调
19296,质地
19297,重头戏
19298,十万火急
19299,偿命
19300,累垮
19301,出资
19302,栖息
19303,肺病
19304,敌视
19305,求证
19306,标致
19307,佐料
19308,绣花
19309,所向无敌
19310,分界线
19311,同床共枕
19312,光碟
19313,不善
19314,粗壮
19315,两端
19316,苦工
19317,迷你裙
19318,动工
19319,蹦蹦跳跳
19320,确定性
19321,变迁
19322,开外
19323,澡堂
19324,路段
19325,胆大
19326,界定
19327,花盆
19328,日间
19329,渊博
19330,翻越
19331,化作
19332,喃喃
19333,被窝
19334,罪大恶极
19335,相左
19336,就医
19337,制约
19338,情面
19339,计策
19340,蜷
19341,大纲
19342,濒危
19343,帮子
19344,留名
19345,往年
19346,中暑
19347,铬
19348,忧心忡忡
19349,朴实
19350,中计
19351,豪门
19352,查问
19353,树皮
19354,校外
19355,飞吻
19356,前奏
19357,斩草除根
19358,遨游
19359,常态
19360,斗嘴
19361,不定
19362,回荡
19363,退却
19364,顿时
19365,祖传
19366,刀叉
19367,末路
19368,财力
19369,呼啸
19370,薪金
19371,变色龙
19372,差一点
19373,征程
19374,求人
19375,害群之马
19376,闺女
19377,涌出
19378,单向
19379,岸然
19380,母老虎
19381,耸人听闻
19382,百威
19383,钻牛角尖
19384,百倍
19385,仰仗
19386,概要
19387,汗流浃背
19388,旧账
19389,福祉
19390,物力
19391,和盘托出
19392,腿脚
19393,高材生
19394,头彩
19395,昂首阔步
19396,驻守
19397,云集
19398,凋零
19399,家常
19400,付现
19401,全天
19402,基调
19403,条条框框
19404,脚后跟
19405,单薄
19406,出洋相
19407,庞然大物
19408,壮丽
19409,负债累累
19410,身败名裂
19411,棉布
19412,口碑
19413,招架
19414,无毒
19415,畏罪
19416,形形色色
19417,借鉴
19418,如履薄冰
19419,慢吞吞
19420,渲染
19421,翻阅
19422,水性
19423,男性化
19424,围观
19425,序幕
19426,热茶
19427,怯懦
19428,过客
19429,耳边风
19430,茁壮
19431,生硬
19432,效仿
19433,过眼云烟
19434,发昏
19435,煽动性
19436,发酵
19437,风吹草动
19438,马不停蹄
19439,面色
19440,匀称
19441,囤积
19442,乐于助人
19443,良师益友
19444,天花乱坠
19445,下功夫
19446,细语
19447,代表性
19448,沾边
19449,悲剧性
19450,反之
19451,典雅
19452,年年
19453,举例
19454,高楼
19455,吵嚷
19456,殊荣
19457,单方面
19458,知识分子
19459,估量
19460,文艺
19461,麾下
19462,露西
19463,邓
19464,洪
19465,圭
19466,河豚
19467,劫机
19468,水蛭
19469,世贸
19470,摩萨德
19471,纳尔逊
19472,呯
19473,窟
19474,蛙
19475,蛇头
19476,锣
19477,砍刀
19478,哉
19479,矿石
19480,丙烷
19481,礁石
19482,海星
19483,礁
19484,冰雕
19485,比索
19486,配饰
19487,亚瑟王
19488,空难
19489,盗版
19490,旁白
19491,猪油
19492,波音
19493,奥迪
19494,休斯敦
19495,卒
19496,蟒蛇
19497,试管
19498,美洲虎
19499,小径
19500,示威者
19501,手巾
19502,暹
19503,天文学家
19504,婉转
19505,鲶鱼
19506,宝库
19507,雪崩
19508,斯皮尔伯格
19509,绝食
19510,呼噜
19511,鼎
19512,精炼
19513,半球
19514,点数
19515,丸子
19516,税务局
19517,抡
19518,退庭
19519,雾气
19520,负重
19521,月夜
19522,弯道
19523,考卷
19524,睡椅
19525,变压器
19526,网吧
19527,普通话
19528,训话
19529,出列
19530,山头
19531,大马士革
19532,旷野
19533,象形文字
19534,撰稿人
19535,元音
19536,烘焙
19537,伶俐
19538,百科
19539,槲寄生
19540,少年犯
19541,勘测
19542,追悼
19543,泽西
19544,助攻
19545,缩水
19546,忌
19547,立方
19548,华沙
19549,枫树
19550,阿斯匹林
19551,钢琴师
19552,原油
19553,韵
19554,控股
19555,茶杯
19556,要饭
19557,引燃
19558,子公司
19559,电钻
19560,排水沟
19561,松木
19562,纯情
19563,香波
19564,国境
19565,堂兄弟
19566,作乐
19567,主治医师
19568,空投
19569,分级
19570,波尔多
19571,下凡
19572,解毒
19573,轻快
19574,幽谷
19575,卡其
19576,定价
19577,当家
19578,脂肪酸
19579,专人
19580,摩登
19581,侵权
19582,赴宴
19583,童贞
19584,百事可乐
19585,春药
19586,伸长
19587,婚外恋
19588,超载
19589,耳垂
19590,货品
19591,放飞
19592,音色
19593,名利
19594,阻截
19595,爱子
19596,乳罩
19597,眼见
19598,调用
19599,长裙
19600,盛典
19601,直系亲属
19602,临界
19603,有机体
19604,酌
19605,空子
19606,耍赖
19607,永无止境
19608,奇观
19609,冰袋
19610,挽留
19611,丧礼
19612,安分守己
19613,抖动
19614,诉苦
19615,器皿
19616,色情狂
19617,杀伤
19618,夜宵
19619,瞟
19620,反派
19621,勘查
19622,锋芒
19623,环形
19624,出任
19625,丝绒
19626,公证
19627,痛饮
19628,溶剂
19629,促
19630,年迈
19631,暴发户
19632,白云
19633,圣贤
19634,趋
19635,漫天
19636,听之任之
19637,魄力
19638,换位
19639,肯德基
19640,洗涤
19641,重整
19642,劳改
19643,血战
19644,铺路
19645,铺设
19646,杂事
19647,冉冉
19648,仿制
19649,刨根问底
19650,三部曲
19651,喉结
19652,和约
19653,涵义
19654,小舅子
19655,原封不动
19656,不人道
19657,飞天
19658,东侧
19659,培养皿
19660,野花
19661,矮胖
19662,排行
19663,价位
19664,奇袭
19665,稀释
19666,鞭策
19667,戒除
19668,够用
19669,数字化
19670,再者
19671,意境
19672,降解
19673,牟利
19674,驶离
19675,愤恨
19676,操纵杆
19677,品头论足
19678,按兵不动
19679,诗句
19680,管理人
19681,义无反顾
19682,粗犷
19683,不堪设想
19684,渗出
19685,一落千丈
19686,急转直下
19687,美容师
19688,泼冷水
19689,浮肿
19690,放行
19691,放眼
19692,千篇一律
19693,音质
19694,自律
19695,百慕大
19696,生死存亡
19697,抚养费
19698,报失
19699,改期
19700,当日
19701,境外
19702,清早
19703,松软
19704,红线
19705,习惯性
19706,逆流
19707,五金
19708,新纪元
19709,串门
19710,人间地狱
19711,温习
19712,功成名就
19713,哄骗
19714,慈祥
19715,逞能
19716,按理说
19717,书信
19718,咽气
19719,徒刑
19720,下期
19721,波段
19722,历来
19723,暂缓
19724,留步
19725,托辞
19726,卿卿我我
19727,俯
19728,真人真事
19729,可取
19730,截至
19731,情敌
19732,发起人
19733,不出所料
19734,记恨
19735,分寸
19736,大呼小叫
19737,动容
19738,尖子
19739,惹是生非
19740,判罪
19741,令人振奋
19742,严实
19743,附上
19744,友人
19745,血色
19746,同仁
19747,硬朗
19748,起落
19749,看不顺眼
19750,蛮横
19751,急匆匆
19752,连带
19753,栩栩如生
19754,末梢
19755,北卡罗来纳州
19756,公海
19757,体统
19758,威望
19759,狂乱
19760,无上
19761,新词
19762,高招
19763,茶点
19764,找碴
19765,无色
19766,要得
19767,推算
19768,一连
19769,撑腰
19770,征询
19771,时至今日
19772,大全
19773,猛地
19774,发家
19775,歌唱家
19776,下放
19777,手掌心
19778,波澜
19779,惊惶
19780,与其
19781,撒气
19782,模棱两可
19783,变本加厉
19784,流连
19785,劲头
19786,恭敬
19787,踏进
19788,小摊
19789,服输
19790,糊里糊涂
19791,攫取
19792,从宽
19793,拖拖拉拉
19794,出外
19795,喧哗
19796,网开一面
19797,木已成舟
19798,大红大紫
19799,心计
19800,蕴藏
19801,别称
19802,明目张胆
19803,典故
19804,平生
19805,摇身一变
19806,惭
19807,充其量
19808,偷生
19809,上回
19810,污蔑
19811,凑热闹
19812,讽
19813,原位
19814,游离
19815,就事论事
19816,作梗
19817,恰如其分
19818,数不胜数
19819,代劳
19820,能手
19821,平步青云
19822,挑三拣四
19823,同屋
19824,繁琐
19825,相等
19826,杜威
19827,韦伯
19828,咕
19829,岩浆
19830,猛虎
19831,金门
19832,刘
19833,首长
19834,叁
19835,克罗地亚
19836,姊
19837,交谊舞
19838,苍
19839,苏格拉底
19840,豺狼
19841,水星
19842,圆盘
19843,并购
19844,孢子
19845,收费站
19846,冯
19847,梆
19848,波罗
19849,鸵鸟
19850,老大哥
19851,使徒
19852,五角星
19853,宪兵
19854,阿尔及利亚
19855,水兵
19856,学长
19857,重婚
19858,镍
19859,鸟笼
19860,讲演
19861,假肢
19862,嘶
19863,磁盘
19864,小行星
19865,冰河
19866,伊斯坦布尔
19867,悬浮
19868,马夫
19869,仙子
19870,毒剂
19871,僧
19872,巨石
19873,恒星
19874,台球桌
19875,西点
19876,旦
19877,少数民族
19878,约旦
19879,怀俄明州
19880,鳕鱼
19881,磁力
19882,关口
19883,工艺品
19884,雌激素
19885,转发
19886,红利
19887,道光
19888,猿人
19889,南斯拉夫
19890,激流
19891,辗
19892,僧人
19893,初选
19894,神经系统
19895,外地人
19896,注释
19897,诊室
19898,天文台
19899,论证
19900,转院
19901,杂烩
19902,蓝宝石
19903,叫好
19904,磨牙
19905,碘
19906,人参
19907,紧急状态
19908,机库
19909,火炮
19910,军医
19911,花环
19912,出诊
19913,出纳员
19914,祛
19915,独行侠
19916,航天飞机
19917,片面
19918,骏马
19919,血案
19920,堂姐
19921,陈列
19922,晋
19923,巴赫
19924,警服
19925,花匠
19926,心心相印
19927,新约
19928,零度
19929,弦乐
19930,太监
19931,威斯康星州
19932,宽阔
19933,惯性
19934,阻滞
19935,椭圆
19936,离合器
19937,趋向
19938,进化论
19939,原稿
19940,礼拜三
19941,滑梯
19942,战备
19943,病理
19944,夷
19945,倾盆大雨
19946,鞭炮
19947,第一流
19948,下坠
19949,章程
19950,苹果酱
19951,时辰
19952,印花
19953,法网
19954,夺权
19955,柿子
19956,全票
19957,耸肩
19958,系数
19959,喷洒
19960,管弦乐队
19961,有形
19962,西非
19963,巨响
19964,彩带
19965,泥泞
19966,登记表
19967,谍
19968,学前班
19969,时来运转
19970,私营
19971,抛售
19972,名门
19973,前端
19974,航运
19975,剥离
19976,闭合
19977,各人
19978,接合
19979,火速
19980,富于
19981,热水器
19982,本届
19983,悸动
19984,增高
19985,噪
19986,练习场
19987,踏步
19988,践
19989,次日
19990,奴仆
19991,诈骗罪
19992,遁
19993,吸吮
19994,返程
19995,鞍
19996,撼动
19997,石灰
19998,平易近人
19999,社会名流
20000,午睡
20001,报信
20002,卯
20003,焖
20004,吉祥
20005,恐怖症
20006,缰绳
20007,平房
20008,丈
20009,障眼法
20010,火线
20011,催泪弹
20012,从政
20013,复本
20014,光棍
20015,多媒体
20016,检修
20017,漏气
20018,倒戈
20019,助听器
20020,错车
20021,过敏性
20022,迁怒
20023,祷
20024,产科
20025,周详
20026,奏乐
20027,养母
20028,死死
20029,嚣
20030,酒钱
20031,防腐剂
20032,苦差
20033,志趣
20034,粉饰
20035,飘荡
20036,毁容
20037,乐观主义
20038,评断
20039,课间
20040,丧心病狂
20041,示众
20042,一鸣惊人
20043,印第安纳州
20044,实心
20045,失传
20046,海风
20047,归西
20048,中美洲
20049,争议性
20050,无期
20051,小精灵
20052,休会
20053,越轨
20054,同病相怜
20055,学说
20056,修订
20057,丝袜
20058,经商
20059,解析
20060,好端端
20061,奴才
20062,旧时
20063,小憩
20064,崭露头角
20065,抵抗力
20066,战战兢兢
20067,祭奠
20068,低收入
20069,名校
20070,面料
20071,客栈
20072,采样
20073,毁约
20074,警醒
20075,浩瀚
20076,照管
20077,坦诚相见
20078,海岛
20079,夹杂
20080,冒名顶替
20081,便装
20082,印度人
20083,笔下
20084,初犯
20085,世面
20086,思量
20087,异物
20088,一钱不值
20089,龟头
20090,错综复杂
20091,借宿
20092,纺织
20093,罪状
20094,眼袋
20095,就寝
20096,相传
20097,好胜
20098,近照
20099,贯彻
20100,看家
20101,儆
20102,亮丽
20103,并排
20104,痴心妄想
20105,讨债
20106,发配
20107,马后炮
20108,惊魂
20109,内外
20110,尘封
20111,韵味
20112,谈吐
20113,情场
20114,追忆
20115,无关痛痒
20116,遵
20117,木质
20118,语句
20119,痛感
20120,阴冷
20121,潜台词
20122,目中无人
20123,无可厚非
20124,斤斤计较
20125,启蒙
20126,劝阻
20127,别离
20128,夜猫子
20129,一尘不染
20130,归根到底
20131,拟定
20132,平白
20133,受益匪浅
20134,合用
20135,说不过去
20136,了事
20137,逾
20138,合计
20139,高高兴兴
20140,蝉联
20141,棍棒
20142,隐性
20143,衰败
20144,肺腑
20145,沿海
20146,禁烟
20147,禅宗
20148,操练
20149,客套话
20150,派驻
20151,告退
20152,借贷
20153,意味深长
20154,适得其反
20155,复位
20156,政坛
20157,得克萨斯州
20158,爱侣
20159,话别
20160,化为乌有
20161,熊掌
20162,胃酸
20163,膝下
20164,套话
20165,熟能生巧
20166,下列
20167,神清气爽
20168,非盈利
20169,用人
20170,谈到
20171,居高临下
20172,段落
20173,售卖
20174,旨在
20175,戳穿
20176,招摇过市
20177,接踵而来
20178,里里外外
20179,前边
20180,名号
20181,撞倒
20182,喜讯
20183,情有可原
20184,所见所闻
20185,清仓
20186,数一数二
20187,如坐针毡
20188,暗暗
20189,迟迟
20190,贬值
20191,拿出
20192,原处
20193,猖獗
20194,乃至
20195,相距
20196,预祝
20197,天壤之别
20198,省心
20199,坛子
20200,英国人
20201,大失所望
20202,高调
20203,讲求
20204,雄心勃勃
20205,精锐
20206,相交
20207,淤血
20208,执政官
20209,腓
20210,西门
20211,便当
20212,平壤
20213,黎
20214,天马
20215,选区
20216,油轮
20217,假钞
20218,夜莺
20219,马龙
20220,蟾蜍
20221,伯母
20222,团长
20223,阿伦
20224,李小龙
20225,守灵
20226,撤军
20227,敢死队
20228,异端
20229,油布
20230,灵性
20231,锅炉
20232,荷兰语
20233,电磁场
20234,布法罗
20235,侍卫
20236,伯父
20237,乓
20238,缆
20239,连队
20240,花椰菜
20241,扁桃体
20242,侃
20243,紫罗兰
20244,颤栗
20245,裱
20246,套索
20247,跳棋
20248,电解质
20249,冰雹
20250,不孕
20251,慧
20252,酒窝
20253,陵
20254,生物武器
20255,灾害
20256,英军
20257,请愿
20258,易拉罐
20259,蜇
20260,出征
20261,螺栓
20262,迅猛
20263,虱
20264,方便面
20265,欧盟
20266,初始化
20267,丁香
20268,核反应堆
20269,散热器
20270,时刻表
20271,助产
20272,船身
20273,传呼机
20274,帝国主义
20275,领航员
20276,产后
20277,速冻
20278,氮气
20279,衔
20280,柏油
20281,雄狮
20282,下级
20283,菩萨
20284,原野
20285,火枪
20286,裁判员
20287,泥沼
20288,牧羊
20289,劈叉
20290,臭氧层
20291,潭
20292,报摊
20293,止咳
20294,土星
20295,獠牙
20296,军阀
20297,盖章
20298,芦笋
20299,触觉
20300,发散
20301,刁
20302,集训
20303,放生
20304,砂锅
20305,湿地
20306,苦闷
20307,名次
20308,心腹
20309,花岗岩
20310,和美
20311,奈何
20312,审批
20313,璀璨
20314,滨
20315,塞子
20316,尼姑
20317,死角
20318,纪实
20319,生理学
20320,阎王
20321,端口
20322,吞食
20323,烈性
20324,唆
20325,押运
20326,通灵
20327,体味
20328,单行道
20329,总长
20330,发毛
20331,尖峰
20332,树根
20333,西方人
20334,羽翼
20335,装订
20336,卖座
20337,对立面
20338,煤油
20339,失聪
20340,互补
20341,西欧
20342,衬裤
20343,五星级
20344,异地
20345,搡
20346,超脱
20347,鸟巢
20348,活物
20349,院校
20350,霓虹灯
20351,祝酒辞
20352,书刊
20353,消声器
20354,愤慨
20355,聚首
20356,斜眼
20357,茎
20358,总公司
20359,铺子
20360,云端
20361,放血
20362,误判
20363,药用
20364,公设
20365,路况
20366,虚惊
20367,安全帽
20368,隐退
20369,底座
20370,暗自
20371,火器
20372,南端
20373,示弱
20374,红茶
20375,柚子
20376,牙龈
20377,案卷
20378,浪花
20379,辙
20380,糙
20381,成衣
20382,见报
20383,扶梯
20384,法文
20385,要闻
20386,消毒剂
20387,跳板
20388,男儿
20389,休整
20390,凝聚力
20391,录影
20392,烫发
20393,定性
20394,退票
20395,标新立异
20396,半截
20397,酿造
20398,公职
20399,哲人
20400,灯柱
20401,赞许
20402,心肌梗塞
20403,飘扬
20404,壮烈
20405,决意
20406,冻伤
20407,热乎
20408,吮吸
20409,生肉
20410,苗头
20411,百分比
20412,咬紧牙关
20413,将领
20414,诊治
20415,根基
20416,留学
20417,陆上
20418,流派
20419,缺损
20420,发晕
20421,欢聚一堂
20422,开天窗
20423,灌注
20424,相当于
20425,转行
20426,茶话会
20427,前年
20428,契合
20429,繁文缛节
20430,鱼网
20431,俗话
20432,牙缝
20433,半夜三更
20434,下毒手
20435,便盆
20436,搀
20437,失约
20438,蠕动
20439,致癌
20440,订金
20441,闹别扭
20442,无业
20443,保质期
20444,洗胃
20445,对不住
20446,梢
20447,百货店
20448,法宝
20449,废气
20450,黯然失色
20451,选用
20452,沙哑
20453,怒不可遏
20454,钟点
20455,寓言
20456,花草
20457,不欢而散
20458,镇住
20459,谦恭
20460,压垮
20461,肉欲
20462,医科
20463,折回
20464,留念
20465,执导
20466,速递
20467,日用品
20468,幕布
20469,佩带
20470,走访
20471,野兔
20472,入乡随俗
20473,号子
20474,差使
20475,稳定性
20476,供认不讳
20477,可有可无
20478,闲置
20479,省得
20480,市价
20481,风风雨雨
20482,各色
20483,谎称
20484,志向
20485,报税
20486,粘乎乎
20487,城郊
20488,危机四伏
20489,画笔
20490,屡试不爽
20491,何苦
20492,五星
20493,孑然
20494,逆行
20495,蒙受
20496,读报
20497,一转眼
20498,仰卧起坐
20499,电话机
20500,事理
20501,承包
20502,主犯
20503,鲜美
20504,密闭
20505,鼾声
20506,威猛
20507,挂钩
20508,善变
20509,异彩
20510,活计
20511,温床
20512,了不得
20513,胡诌
20514,有机物
20515,良多
20516,扭转乾坤
20517,杀人不眨眼
20518,企盼
20519,荒无人烟
20520,惊心动魄
20521,幸事
20522,汇总
20523,血汗钱
20524,循环系统
20525,漏洞百出
20526,不齿
20527,地势
20528,下发
20529,并存
20530,离间
20531,消瘦
20532,国际性
20533,来生
20534,趣闻
20535,不懈
20536,不息
20537,两肋插刀
20538,小巫见大巫
20539,多多少少
20540,坚称
20541,文笔
20542,初稿
20543,千钧一发
20544,诗篇
20545,煞风景
20546,回老家
20547,较为
20548,为首
20549,涂抹
20550,千疮百孔
20551,尖利
20552,严惩
20553,体无完肤
20554,反之亦然
20555,改口
20556,形单影只
20557,刻画
20558,男女老少
20559,闷热
20560,思乡
20561,国家级
20562,无可奈何
20563,全城
20564,全年
20565,坚毅
20566,刻骨铭心
20567,倾吐
20568,失措
20569,反过来说
20570,蒸蒸日上
20571,度日如年
20572,呼风唤雨
20573,手拉手
20574,抛头露面
20575,理想化
20576,阵风
20577,费时
20578,精神焕发
20579,四散
20580,光是
20581,有始有终
20582,新兴
20583,富足
20584,人像
20585,崎
20586,芮
20587,议长
20588,赛段
20589,科林斯
20590,佑
20591,渡轮
20592,漂移
20593,缅甸
20594,暗礁
20595,叭
20596,自燃
20597,乒乓
20598,巨龙
20599,康奈尔
20600,滑铁卢
20601,夜以继日
20602,漫画家
20603,图腾
20604,火烈鸟
20605,妾
20606,存折
20607,敖德萨
20608,城门
20609,浩劫
20610,远航
20611,保护区
20612,红衣主教
20613,陵墓
20614,皇族
20615,蹄子
20616,麻将
20617,浓汤
20618,雅利安
20619,神学院
20620,肌腱
20621,猎豹
20622,恭
20623,光源
20624,诉状
20625,拱门
20626,卡夫
20627,铁道
20628,影集
20629,栓塞
20630,无性
20631,赠与
20632,联播
20633,乙醇
20634,荒漠
20635,枫叶
20636,档案馆
20637,魁
20638,饭盒
20639,高加索
20640,号外
20641,传送带
20642,摔交
20643,反问
20644,松果
20645,老挝
20646,哥本哈根
20647,啧
20648,还款
20649,游历
20650,西贡
20651,溜冰鞋
20652,王宫
20653,小野
20654,炮兵
20655,弟子
20656,电影票
20657,青铜
20658,新教徒
20659,败血症
20660,蝎
20661,赤道
20662,人鱼
20663,排卵
20664,漏斗
20665,留级
20666,脚本
20667,前厅
20668,售票处
20669,突围
20670,报刊
20671,造船
20672,夹层
20673,羊奶
20674,高能
20675,采石场
20676,寒冬
20677,渔具
20678,麦克阿瑟
20679,渎
20680,将士
20681,装运
20682,浪漫主义
20683,摄取
20684,角斗
20685,降职
20686,达赖喇嘛
20687,审议
20688,沙坑
20689,里斯本
20690,胳臂
20691,露点
20692,蛆虫
20693,人猿
20694,转轮
20695,班主任
20696,宾果
20697,铁人
20698,现形
20699,惟有
20700,旗舰
20701,花丛
20702,配额
20703,灵气
20704,好战
20705,座谈会
20706,棱角
20707,烈日
20708,伯伯
20709,船队
20710,特级
20711,罗曼蒂克
20712,抽动
20713,兼容
20714,何人
20715,千克
20716,羞涩
20717,拭
20718,大灰狼
20719,谈情说爱
20720,重音
20721,开瓶器
20722,有期徒刑
20723,炮轰
20724,从业
20725,除以
20726,玉米面
20727,岔路
20728,金银
20729,草场
20730,自爱
20731,绿豆
20732,软绵绵
20733,厚脸皮
20734,讥笑
20735,当当
20736,震慑
20737,失衡
20738,绝缘
20739,澡盆
20740,北卡罗来纳
20741,几何学
20742,鲜奶
20743,充公
20744,桃花运
20745,茶几
20746,纵横
20747,论断
20748,伸缩
20749,折衷
20750,减税
20751,不治之症
20752,安非他明
20753,质谱仪
20754,早报
20755,馈赠
20756,凹陷
20757,独创
20758,遥感
20759,计数器
20760,禁食
20761,长篇
20762,千言万语
20763,清纯
20764,摆架子
20765,坛
20766,横财
20767,短篇小说
20768,起程
20769,菱形
20770,作物
20771,紧贴
20772,有备无患
20773,就餐
20774,傧相
20775,忘我
20776,供暖
20777,胸中
20778,纨绔子弟
20779,臆想
20780,野地
20781,室温
20782,刑具
20783,来意
20784,机警
20785,搭建
20786,咸肉
20787,和龙
20788,随大流
20789,短袖
20790,臃肿
20791,转租
20792,均等
20793,宾州
20794,皮肤病
20795,呆滞
20796,畔
20797,葡萄糖
20798,裤腿
20799,终场
20800,政治学
20801,夭折
20802,护城河
20803,忧心
20804,虚情假意
20805,积水
20806,公升
20807,脖
20808,双人床
20809,品格
20810,高唱
20811,雷雨
20812,犯病
20813,少儿
20814,插话
20815,人性化
20816,规程
20817,乐天派
20818,小腹
20819,多时
20820,注解
20821,捣鼓
20822,指正
20823,贺礼
20824,不劳而获
20825,权宜之计
20826,背井离乡
20827,门牌
20828,大汗淋漓
20829,尤为
20830,殷勤
20831,契机
20832,看齐
20833,真言
20834,优厚
20835,亡命之徒
20836,翻番
20837,固有
20838,低迷
20839,喜事
20840,人世间
20841,社会主义者
20842,踌躇
20843,雕琢
20844,雨点
20845,脊骨
20846,雪白
20847,吱声
20848,力挽狂澜
20849,奥妙
20850,除草
20851,姘头
20852,肩胛骨
20853,电刑
20854,太阳眼镜
20855,原貌
20856,打下手
20857,嘴硬
20858,有情人
20859,红火
20860,味蕾
20861,现况
20862,东家
20863,激昂
20864,威吓
20865,懵
20866,喷头
20867,挑拨
20868,拨开
20869,听课
20870,作法
20871,邮编
20872,理事
20873,越境
20874,苛求
20875,翻船
20876,接班
20877,高龄
20878,水电
20879,人海
20880,面面俱到
20881,家常菜
20882,欢声笑语
20883,斟酌
20884,截然
20885,重金
20886,仅次于
20887,先兆
20888,中旬
20889,任教
20890,喜马拉雅山
20891,牢靠
20892,闹情绪
20893,顺口
20894,计量
20895,引线
20896,一门心思
20897,战斗力
20898,可亲
20899,亮闪闪
20900,看热闹
20901,殊死
20902,受辱
20903,膳食
20904,上班族
20905,出师
20906,拈
20907,自寻烦恼
20908,得意洋洋
20909,匮乏
20910,处世
20911,包票
20912,失之交臂
20913,一般说来
20914,转嫁
20915,肩头
20916,客套
20917,出版物
20918,贵人
20919,舒心
20920,匹敌
20921,烟瘾
20922,饥肠辘辘
20923,瓦砾
20924,田园
20925,懒汉
20926,助人为乐
20927,绚丽
20928,玄机
20929,缔造
20930,解闷
20931,敢情
20932,探病
20933,蒸气
20934,发麻
20935,散漫
20936,土崩瓦解
20937,讲明
20938,捣碎
20939,授意
20940,议论纷纷
20941,谢绝
20942,拐骗
20943,身穿
20944,甚至于
20945,可想而知
20946,最少
20947,猛攻
20948,后世
20949,荡然无存
20950,粗鄙
20951,古铜色
20952,片时
20953,同义词
20954,执掌
20955,迫于
20956,引以为荣
20957,印证
20958,论调
20959,泄愤
20960,诱使
20961,前无古人
20962,浓厚
20963,丑话
20964,功亏一篑
20965,食宿
20966,他用
20967,逍遥自在
20968,抢占
20969,出台
20970,奉行
20971,今非昔比
20972,住家
20973,生机勃勃
20974,不着边际
20975,急迫
20976,化险为夷
20977,隐隐
20978,广袤
20979,绝交
20980,直流
20981,出谋划策
20982,同舟共济
20983,浅色
20984,写下
20985,敌手
20986,积攒
20987,搜刮
20988,十有八九
20989,播送
20990,预热
20991,堂堂正正
20992,水花
20993,锒铛入狱
20994,缄
20995,心血管
20996,奇数
20997,鼻青脸肿
20998,腐臭
20999,打折扣
21000,花蕾
21001,继而
21002,巴库
21003,宇
21004,冥王星
21005,村长
21006,江户
21007,茵
21008,敌机
21009,卢旺达
21010,冰棒
21011,阁
21012,浮标
21013,札
21014,缆车
21015,石棺
21016,卢布
21017,米格
21018,色泽
21019,筹资
21020,加纳
21021,茴香
21022,相约
21023,石碑
21024,伯利恒
21025,骸骨
21026,家禽
21027,批发商
21028,樱
21029,盖世太保
21030,蚯蚓
21031,前世
21032,音速
21033,孟
21034,沙尘暴
21035,后空翻
21036,天文学
21037,辩称
21038,驰
21039,仿制品
21040,悄然
21041,蜂巢
21042,康乃馨
21043,预选
21044,鲤鱼
21045,特拉维夫
21046,大奖赛
21047,巡航
21048,哑剧
21049,石化
21050,蒙娜丽莎
21051,野鸡
21052,勋
21053,哥斯拉
21054,预防针
21055,清道夫
21056,地下水
21057,啄木鸟
21058,锂
21059,圆顶
21060,探针
21061,巡洋舰
21062,症候
21063,核弹头
21064,手绢
21065,嘀嗒
21066,画册
21067,奶粉
21068,公馆
21069,决裂
21070,阵痛
21071,填表
21072,检疫
21073,卢浮宫
21074,嗣
21075,榔头
21076,隼
21077,海马
21078,化工
21079,麻布
21080,击毁
21081,发货
21082,聚合
21083,货源
21084,补习班
21085,吞咽
21086,衬垫
21087,社论
21088,别克
21089,米开朗基罗
21090,马达加斯加
21091,黄铜
21092,婚期
21093,减退
21094,枪弹
21095,西部片
21096,鱼钩
21097,元气
21098,缩影
21099,水位
21100,陈列室
21101,联姻
21102,爱国主义
21103,湮灭
21104,污垢
21105,连结
21106,军需
21107,冷门
21108,氢气
21109,腰椎
21110,爱爱
21111,中邪
21112,校规
21113,周转
21114,流行病
21115,空降
21116,书页
21117,袖珍
21118,抵押品
21119,分公司
21120,情缘
21121,金条
21122,耐受
21123,例会
21124,林区
21125,英伦
21126,研究院
21127,液化
21128,粉刺
21129,波长
21130,流苏
21131,对冲
21132,值勤
21133,组件
21134,幼儿
21135,双眸
21136,关卡
21137,电影界
21138,驻地
21139,中式
21140,居住地
21141,团员
21142,胖乎乎
21143,财经
21144,假证
21145,旷课
21146,纽伦堡
21147,郊游
21148,谢礼
21149,土人
21150,火苗
21151,狙
21152,中亚
21153,芯
21154,泰晤士报
21155,复健
21156,种群
21157,象限
21158,轻便
21159,诱因
21160,修路
21161,尖头
21162,雨滴
21163,高压电
21164,游牧
21165,咸鱼
21166,变节
21167,皮肤科
21168,伟哥
21169,炉火
21170,同心
21171,佣
21172,切记
21173,寄存
21174,异味
21175,絮叨
21176,撒哈拉
21177,黝黑
21178,紧逼
21179,甜瓜
21180,多元化
21181,单细胞
21182,良方
21183,借出
21184,先入为主
21185,双人舞
21186,搭救
21187,课程表
21188,地洞
21189,中性
21190,熟透
21191,加急
21192,渣子
21193,优等
21194,来客
21195,喜庆
21196,沉静
21197,新罕布什尔州
21198,倚
21199,苦楚
21200,习性
21201,独力
21202,严寒
21203,近视
21204,目光短浅
21205,殃及
21206,扁平
21207,电冰箱
21208,激增
21209,主子
21210,皮球
21211,代表队
21212,电信号
21213,联络官
21214,战乱
21215,共产党员
21216,针眼
21217,庇佑
21218,奇闻
21219,伏法
21220,派头
21221,满不在乎
21222,亏损
21223,扎实
21224,饺
21225,公平交易
21226,房费
21227,次品
21228,摸清
21229,投影
21230,指名
21231,蓄谋
21232,折射
21233,凸显
21234,先头
21235,发冷
21236,地处
21237,地头
21238,下月
21239,卷起
21240,力争
21241,校内
21242,情境
21243,开小差
21244,伐
21245,触怒
21246,撬棍
21247,书记
21248,鱼片
21249,多米尼加
21250,鬼把戏
21251,出力
21252,熟视无睹
21253,大显身手
21254,噼
21255,自满
21256,岔开
21257,法人
21258,耕耘
21259,鳞
21260,凡士林
21261,启齿
21262,朝思暮想
21263,凑近
21264,采摘
21265,头破血流
21266,农田
21267,便服
21268,合算
21269,热忱
21270,穷凶极恶
21271,负疚
21272,饱和
21273,红脸
21274,慵懒
21275,核辐射
21276,免疫力
21277,惨无人道
21278,黑白分明
21279,衬里
21280,感叹
21281,隔夜
21282,邮包
21283,允
21284,酸性
21285,偏心
21286,胡同
21287,早退
21288,水印
21289,借款
21290,拓宽
21291,水滴
21292,节假日
21293,满眼
21294,来者不拒
21295,外侧
21296,略微
21297,夙愿
21298,驾临
21299,门外汉
21300,妨害
21301,赶超
21302,显示屏
21303,焕发
21304,一把手
21305,耍滑
21306,重用
21307,纵观
21308,遮挡
21309,馊
21310,能说会道
21311,泡茶
21312,会考
21313,报告会
21314,双眼
21315,自诩
21316,拥堵
21317,钱夹
21318,象牙塔
21319,衣裳
21320,衣装
21321,才气
21322,见怪不怪
21323,搜索引擎
21324,顶头上司
21325,天价
21326,乐善好施
21327,天敌
21328,闲言碎语
21329,自圆其说
21330,满腹
21331,荤
21332,上口
21333,静候
21334,述说
21335,读音
21336,热诚
21337,造诣
21338,不屈不挠
21339,课余
21340,架设
21341,木桶
21342,尊崇
21343,战局
21344,天际
21345,国有
21346,无所作为
21347,根深蒂固
21348,深重
21349,相邻
21350,及早
21351,直言不讳
21352,花式
21353,存亡
21354,弧度
21355,性器官
21356,橄榄枝
21357,扬名
21358,相助
21359,张罗
21360,辞世
21361,外力
21362,势必
21363,书签
21364,颐指气使
21365,充耳不闻
21366,主线
21367,既往不咎
21368,勾心斗角
21369,年轻有为
21370,要领
21371,一小撮
21372,两全其美
21373,印子
21374,生老病死
21375,稀烂
21376,扭头
21377,私心
21378,看轻
21379,浑浑噩噩
21380,码子
21381,非同小可
21382,特大号
21383,灵活性
21384,堆积如山
21385,节俭
21386,家谱
21387,是以
21388,风靡
21389,心病
21390,别有用心
21391,干瘪
21392,娘胎
21393,剔牙
21394,退烧
21395,作茧自缚
21396,笔挺
21397,馆子
21398,洁白
21399,无人问津
21400,墨守成规
21401,小两口
21402,无奇不有
21403,事无巨细
21404,瞬息万变
21405,欢呼雀跃
21406,兴隆
21407,允诺
21408,曝
21409,切身
21410,实惠
21411,有损
21412,月刊
21413,不毛之地
21414,吃香
21415,旗号
21416,体罚
21417,抱有
21418,黔驴技穷
21419,隐含
21420,剐
21421,检讨
21422,开足马力
21423,慷慨解囊
21424,泪流满面
21425,浮华
21426,针线
21427,物尽其用
21428,水能
21429,心照不宣
21430,光景
21431,翻腾
21432,强权
21433,西侧
21434,满城风雨
21435,滑落
21436,厚望
21437,沾染
21438,无微不至
21439,过场
21440,哈萨克斯坦
21441,猎户座
21442,澳
21443,贡
21444,沙特
21445,防空洞
21446,咔嚓
21447,夏洛克
21448,亚伯
21449,安德烈
21450,迦
21451,暗影
21452,罗盘
21453,宇航局
21454,维拉
21455,嘢
21456,宪章
21457,田鼠
21458,咝
21459,外祖母
21460,孝
21461,备注
21462,科威特
21463,中继站
21464,连环画
21465,墩
21466,干冰
21467,居留
21468,圣胡安
21469,炼油厂
21470,起诉书
21471,火山口
21472,作坊
21473,表演赛
21474,查房
21475,蕊
21476,长廊
21477,伴唱
21478,射箭
21479,阴谋家
21480,疫情
21481,友军
21482,诞
21483,投弹
21484,总编
21485,开拓者
21486,海神
21487,液氮
21488,斋
21489,茅屋
21490,乌兹别克斯坦
21491,特异
21492,云雀
21493,浪头
21494,户口
21495,时而
21496,教廷
21497,吡
21498,外交部
21499,地质学家
21500,观察员
21501,铂
21502,机械化
21503,女贞
21504,耕
21505,奇人
21506,摧
21507,魔方
21508,座标
21509,特派员
21510,蒲公英
21511,欸
21512,生物体
21513,选举权
21514,特使
21515,写真
21516,徵
21517,化工厂
21518,伯明翰
21519,登机牌
21520,代表团
21521,积木
21522,娼妇
21523,洗浴
21524,蒙哥马利
21525,广播网
21526,受洗
21527,联席会议
21528,基辅
21529,笔名
21530,热病
21531,加西亚
21532,鲱鱼
21533,土耳其人
21534,包办
21535,邮筒
21536,碑
21537,满贯
21538,白水
21539,讨伐
21540,托运
21541,岗哨
21542,魂魄
21543,古迹
21544,萎
21545,禽流感
21546,红细胞
21547,会堂
21548,综艺
21549,犯罪学
21550,仁川
21551,木筏
21552,推选
21553,皮卡
21554,塌陷
21555,乔治敦
21556,外甥女
21557,优胜
21558,重读
21559,交响曲
21560,荞麦
21561,蜥
21562,葡萄球菌
21563,鸣笛
21564,迎宾
21565,顿悟
21566,军旅
21567,圆珠笔
21568,乐迷
21569,操作系统
21570,福利院
21571,赋
21572,淀粉
21573,打颤
21574,宣讲
21575,三脚架
21576,大马哈鱼
21577,硕
21578,答辩
21579,轴承
21580,船票
21581,搅动
21582,刮脸
21583,预案
21584,置换
21585,马球
21586,径
21587,扇子
21588,小肠
21589,鼠辈
21590,蜜饯
21591,击剑
21592,干部
21593,引信
21594,渡口
21595,投递
21596,信物
21597,返还
21598,男童
21599,孝子
21600,儿媳
21601,惶惶
21602,破处
21603,光纤
21604,生姜
21605,纹路
21606,营业额
21607,疑云
21608,尼泊尔
21609,哺乳
21610,争夺战
21611,情意
21612,文摘
21613,瓶颈
21614,凶暴
21615,票根
21616,回礼
21617,焦距
21618,苦练
21619,兆赫
21620,摄制
21621,先人
21622,铁板
21623,时过境迁
21624,应战
21625,到点
21626,口吃
21627,臼齿
21628,拆毁
21629,加工厂
21630,起哄
21631,蚱蜢
21632,贝类
21633,凡尔赛
21634,坦桑尼亚
21635,三星
21636,爱达荷州
21637,辅佐
21638,鹅卵石
21639,炒面
21640,观光客
21641,小汽车
21642,加尔各答
21643,补考
21644,蛛网
21645,庙宇
21646,牵线
21647,大麦
21648,弹匣
21649,达标
21650,衣料
21651,右方
21652,静谧
21653,批发
21654,助威
21655,乏
21656,卡萨布兰卡
21657,呜咽
21658,静默
21659,现世
21660,红木
21661,精品店
21662,公报
21663,钮扣
21664,授课
21665,稳妥
21666,作答
21667,盟约
21668,频频
21669,增压
21670,一场空
21671,翻跟头
21672,谢罪
21673,基本功
21674,楔
21675,胜出
21676,党内
21677,发痒
21678,工人阶级
21679,渔网
21680,统治权
21681,离队
21682,消炎
21683,私仇
21684,赶不及
21685,权杖
21686,刑侦
21687,改道
21688,西西里
21689,气垫
21690,编导
21691,棱
21692,闯荡
21693,幼年
21694,转速
21695,栗色
21696,两极
21697,洪都拉斯
21698,保守党
21699,上装
21700,主队
21701,纹理
21702,公诸于世
21703,绝迹
21704,二进制
21705,弗罗里达
21706,倦
21707,主攻
21708,憋气
21709,狗肉
21710,醉心
21711,陡峭
21712,停步
21713,交加
21714,水肿
21715,脊背
21716,知情人
21717,盘查
21718,病危
21719,职能
21720,大张旗鼓
21721,中坚
21722,发令
21723,流弹
21724,上辈子
21725,连续性
21726,时运
21727,王道
21728,念珠
21729,房事
21730,不法
21731,泌
21732,歇业
21733,常年
21734,分叉
21735,鞋垫
21736,亚麻布
21737,硬撑
21738,师生
21739,一气呵成
21740,葡萄汁
21741,落汤鸡
21742,候审
21743,皱巴巴
21744,合力
21745,艰险
21746,全景
21747,登报
21748,新闻稿
21749,歌谣
21750,兼并
21751,凉拌
21752,忐忑不安
21753,猖狂
21754,趸
21755,核准
21756,年月
21757,反败为胜
21758,保护伞
21759,痛风
21760,傻眼
21761,工业区
21762,略知一二
21763,小脚
21764,古城
21765,无可挽回
21766,季节性
21767,透风
21768,蜂拥
21769,挎
21770,多事
21771,瞥见
21772,裁剪
21773,斜视
21774,随波逐流
21775,窗玻璃
21776,缥缈
21777,溃烂
21778,中型
21779,并列
21780,轻狂
21781,离题
21782,解聘
21783,跪倒
21784,佳作
21785,惩治
21786,加料
21787,流转
21788,不畏
21789,房价
21790,奸夫
21791,普拉
21792,合理化
21793,点石成金
21794,根除
21795,过半
21796,壮志
21797,飘浮
21798,飘忽
21799,茂盛
21800,变幻
21801,放任自流
21802,挥洒
21803,前列
21804,乐此不疲
21805,分家
21806,教材
21807,音信
21808,旗鼓相当
21809,奇耻大辱
21810,谎报
21811,严加
21812,自理
21813,三月份
21814,杂乱无章
21815,浸透
21816,安身
21817,墨迹
21818,面庞
21819,当权
21820,华美
21821,责罚
21822,有效期
21823,照搬
21824,看走眼
21825,照例
21826,烧灼
21827,全数
21828,惨绝人寰
21829,调味品
21830,红肿
21831,兴建
21832,称谓
21833,标榜
21834,竹竿
21835,足不出户
21836,缴获
21837,起泡
21838,结伴
21839,老茧
21840,探亲
21841,诸事
21842,入席
21843,西奈
21844,传动
21845,架构
21846,敲定
21847,诬告
21848,倒台
21849,人大
21850,亡魂
21851,髋
21852,鼎盛
21853,次于
21854,皮囊
21855,纵向
21856,性急
21857,设有
21858,长舌妇
21859,下地
21860,现阶段
21861,以东
21862,惊世骇俗
21863,冰天雪地
21864,弱肉强食
21865,猜忌
21866,不周
21867,纵身
21868,复杂性
21869,瓜分
21870,宜人
21871,进取心
21872,母公司
21873,会话
21874,混迹
21875,血库
21876,瞑目
21877,相对而言
21878,沸沸扬扬
21879,邪念
21880,专心致志
21881,万事如意
21882,耐用
21883,统一战线
21884,痛哭流涕
21885,付诸东流
21886,置若罔闻
21887,穷尽
21888,转念
21889,爱不释手
21890,齐备
21891,吭声
21892,任人宰割
21893,至亲
21894,自我陶醉
21895,寝
21896,有机可乘
21897,宾至如归
21898,路旁
21899,闲坐
21900,名不虚传
21901,谈不上
21902,义不容辞
21903,享福
21904,现年
21905,享年
21906,付之一炬
21907,凡响
21908,垂青
21909,废旧
21910,并驾齐驱
21911,急用
21912,公社
21913,一概
21914,行之有效
21915,遐想
21916,规避
21917,乘机
21918,吞吞吐吐
21919,热泪盈眶
21920,东奔西跑
21921,乐坛
21922,功勋
21923,宰割
21924,揩
21925,少妇
21926,拆卸
21927,生怕
21928,淡出
21929,俱全
21930,多米尼克
21931,修士
21932,罗拉
21933,濑
21934,大侠
21935,沼
21936,克朗
21937,多利
21938,辣椒酱
21939,蜻蜓
21940,刺绣
21941,赵
21942,瑞丽
21943,佳丽
21944,元帅
21945,魏
21946,郭
21947,秘书长
21948,矿物
21949,律动
21950,钻探
21951,抽打
21952,正方形
21953,马尼拉
21954,括约肌
21955,爱默生
21956,阳伞
21957,协奏曲
21958,叔父
21959,家父
21960,地皮
21961,气枪
21962,膳
21963,地壳
21964,阴蒂
21965,干事
21966,钻井
21967,甄选
21968,软膏
21969,日耳曼
21970,纵队
21971,双鱼
21972,驱逐舰
21973,隔热
21974,国库
21975,柳树
21976,耀
21977,惩戒
21978,大野
21979,路由器
21980,戟
21981,慈
21982,橇
21983,假死
21984,佛蒙特
21985,中锋
21986,三叶草
21987,刺探
21988,产妇
21989,侦察机
21990,铠甲
21991,摊位
21992,招收
21993,屡
21994,计票
21995,芝
21996,苜蓿
21997,白菜
21998,福星
21999,灶
22000,电讯
22001,达卡
22002,影评
22003,珊瑚礁
22004,考古学
22005,弧
22006,越橘
22007,募
22008,布莱顿
22009,柑橘
22010,雪松
22011,痞
22012,神户
22013,蹲点
22014,奎宁
22015,木料
22016,核武
22017,桅杆
22018,插销
22019,绞盘
22020,印痕
22021,犁
22022,对歌
22023,卖主
22024,义演
22025,军备
22026,蛮荒
22027,篱
22028,挡泥板
22029,花圈
22030,超音速
22031,普鲁士
22032,不问
22033,召见
22034,野火
22035,贱民
22036,抛光
22037,簇
22038,仲夏
22039,裂纹
22040,喙
22041,欧式
22042,大无畏
22043,修道
22044,字形
22045,二把手
22046,双子
22047,平方根
22048,自豪感
22049,画框
22050,飞鸟
22051,皮子
22052,触发器
22053,富商
22054,民意测验
22055,蓬蓬
22056,乐师
22057,馄饨
22058,炮击
22059,毛虫
22060,甲醛
22061,天生丽质
22062,建筑学
22063,上行
22064,季风
22065,订货
22066,火锅
22067,国宝
22068,喽罗
22069,深造
22070,沫
22071,预赛
22072,个数
22073,人犯
22074,白发
22075,冰柱
22076,跨国公司
22077,中转
22078,期货
22079,吟唱
22080,短波
22081,掸
22082,装船
22083,亲家
22084,椎
22085,弟妹
22086,抢购
22087,通讯员
22088,数据流
22089,叫卖
22090,止痛剂
22091,斯里兰卡
22092,掉包
22093,稳健
22094,反动
22095,赌棍
22096,特拉华州
22097,稠
22098,落成
22099,赠予
22100,四重奏
22101,徜徉
22102,移送
22103,胆囊
22104,过年
22105,调节器
22106,拖拉
22107,交易会
22108,匣
22109,炒饭
22110,普拉达
22111,乳酸
22112,私通
22113,抚育
22114,怖
22115,滑翔机
22116,狱卒
22117,酬谢
22118,打字员
22119,集资
22120,荫
22121,变相
22122,锉
22123,数落
22124,萃
22125,经度
22126,纸箱
22127,长号
22128,取水
22129,特此
22130,孝敬
22131,称道
22132,乾坤
22133,意识形态
22134,开释
22135,公干
22136,神经元
22137,年岁
22138,陨落
22139,奶制品
22140,异族
22141,合作者
22142,高热
22143,厂房
22144,鼓点
22145,美轮美奂
22146,血友病
22147,苏维埃
22148,订制
22149,液晶
22150,利弊
22151,轻量级
22152,依稀
22153,独树一帜
22154,廉
22155,大难不死
22156,耍弄
22157,私欲
22158,商船
22159,合法性
22160,着色
22161,甘甜
22162,赖账
22163,稀客
22164,奴隶主
22165,爬行动物
22166,死守
22167,赔付
22168,洽谈
22169,头套
22170,童谣
22171,世界观
22172,迥异
22173,内分泌
22174,包机
22175,仿造
22176,全军覆没
22177,简朴
22178,演艺界
22179,起锚
22180,追星族
22181,饱餐
22182,震怒
22183,交通部
22184,羊皮纸
22185,造化
22186,兴头
22187,经得起
22188,肉豆蔻
22189,人证
22190,菜刀
22191,吆喝
22192,变速器
22193,格局
22194,小青年
22195,超级市场
22196,散伙
22197,螺钉
22198,成文
22199,烛
22200,单据
22201,离经叛道
22202,逗人
22203,计分
22204,快报
22205,近日
22206,后妈
22207,农家
22208,冬瓜
22209,驶往
22210,溪流
22211,无恶不作
22212,冤魂
22213,无线电波
22214,礼拜二
22215,知己知彼
22216,壮胆
22217,副产品
22218,攻陷
22219,一望无际
22220,短程
22221,浴场
22222,手笔
22223,动怒
22224,妙手
22225,情同手足
22226,正传
22227,限期
22228,八分之一
22229,钱袋
22230,断交
22231,青草
22232,初中生
22233,补给品
22234,桃花
22235,惩罚性
22236,天数
22237,作息时间
22238,释然
22239,拼死拼活
22240,剑拔弩张
22241,烟尘
22242,激化
22243,晦涩
22244,心事重重
22245,多种多样
22246,万亿
22247,白血球
22248,木柴
22249,何尝
22250,升入
22251,敌国
22252,肥沃
22253,捕风捉影
22254,潜藏
22255,停放
22256,灰心丧气
22257,高位
22258,交会
22259,童星
22260,榨取
22261,弥留
22262,怨天尤人
22263,猎取
22264,兢兢业业
22265,炮灰
22266,污言秽语
22267,劣迹
22268,外皮
22269,矗立
22270,门框
22271,徽
22272,鬼祟
22273,个人主义
22274,佳酿
22275,气人
22276,复杂化
22277,编入
22278,小指
22279,顶班
22280,关子
22281,咬牙
22282,铺平
22283,与日俱增
22284,雄厚
22285,领导层
22286,忍耐力
22287,获知
22288,弊端
22289,鞠躬尽瘁
22290,分内
22291,冷血动物
22292,研究者
22293,怠慢
22294,异乎寻常
22295,梳妆
22296,溜之大吉
22297,始终如一
22298,疝
22299,善人
22300,嚼舌
22301,聪明伶俐
22302,毛孩子
22303,怀胎
22304,尺骨
22305,酒宴
22306,筛子
22307,刻度
22308,迷迷糊糊
22309,热乎乎
22310,原装
22311,火红
22312,冲刷
22313,投机取巧
22314,红包
22315,自封
22316,三军
22317,特产
22318,镜框
22319,装疯卖傻
22320,上佳
22321,陈规
22322,活灵活现
22323,己见
22324,两败俱伤
22325,拘押
22326,恒久
22327,出言不逊
22328,船主
22329,发酒疯
22330,禁毒
22331,跛子
22332,脸型
22333,鼓捣
22334,尊称
22335,未知数
22336,赌气
22337,没精打采
22338,围困
22339,画图
22340,美学
22341,僵持
22342,絮絮叨叨
22343,总计
22344,压缩机
22345,化妆室
22346,固若金汤
22347,新居
22348,邮递
22349,腐肉
22350,奉劝
22351,成群结队
22352,百发百中
22353,美观
22354,犯不着
22355,大加
22356,大国
22357,凯子
22358,见义勇为
22359,满天
22360,言不由衷
22361,发红
22362,乖巧
22363,产出
22364,顶梁柱
22365,趁热打铁
22366,稍纵即逝
22367,久违
22368,殿后
22369,要务
22370,私交
22371,附和
22372,减低
22373,补过
22374,处心积虑
22375,不等
22376,大败
22377,好动
22378,来年
22379,关切
22380,永无宁日
22381,心神
22382,草木
22383,喏
22384,双脚
22385,长期以来
22386,鸟瞰
22387,碟片
22388,文静
22389,人心惶惶
22390,脚镣
22391,突破点
22392,火冒三丈
22393,取缔
22394,专有
22395,分摊
22396,称心如意
22397,俊俏
22398,皮鞭
22399,红润
22400,重见天日
22401,在下
22402,上乘
22403,岛国
22404,松动
22405,原委
22406,批量
22407,守财奴
22408,应邀
22409,仁至义尽
22410,衍生
22411,有失
22412,惹事生非
22413,课时
22414,磨合
22415,扬言
22416,整数
22417,反作用
22418,捧腹大笑
22419,举例来说
22420,本着
22421,交椅
22422,震耳欲聋
22423,唯恐
22424,约见
22425,碰壁
22426,蓬勃
22427,吵嘴
22428,这样一来
22429,近年来
22430,下马威
22431,持久战
22432,坐享其成
22433,相加
22434,贝拉
22435,雷鸟
22436,索尔
22437,加蓬
22438,妲
22439,比武
22440,伶
22441,幕府
22442,琉
22443,谬
22444,安格斯
22445,鞋匠
22446,乌干达
22447,沙林
22448,线圈
22449,纲
22450,苏俄
22451,谦
22452,满洲
22453,郝
22454,扣篮
22455,铃木
22456,哞
22457,甘蔗
22458,钵
22459,商城
22460,祈
22461,尹
22462,伞兵
22463,毛利
22464,掴
22465,大调
22466,茅
22467,管弦乐
22468,外祖父
22469,蜜桃
22470,青山
22471,吞并
22472,耽
22473,大虾
22474,董
22475,瓢虫
22476,可兰经
22477,愚人节
22478,炮手
22479,联队
22480,朝廷
22481,野种
22482,植物园
22483,鸣枪
22484,冠状动脉
22485,燕子
22486,脑炎
22487,古柯
22488,梅森
22489,御医
22490,耕种
22491,凤尾鱼
22492,肖邦
22493,极地
22494,便捷
22495,磁石
22496,光子
22497,骨灰盒
22498,蟹肉
22499,避风港
22500,发车
22501,山猫
22502,盎
22503,讼
22504,视界
22505,邮轮
22506,甜味
22507,筏子
22508,发电站
22509,荒原
22510,服务台
22511,木屑
22512,抗癌
22513,见习
22514,炼金术
22515,纽瓦克
22516,吔
22517,药草
22518,砒霜
22519,烩
22520,威斯康星
22521,蔚蓝
22522,掮客
22523,盟国
22524,血细胞
22525,腰果
22526,佐治亚
22527,吭
22528,气孔
22529,喷嘴
22530,鬓角
22531,柚
22532,股骨
22533,蛊
22534,红牌
22535,支气管
22536,招生
22537,圆点
22538,小提琴手
22539,煞车
22540,白昼
22541,波尔卡
22542,麦加
22543,撞针
22544,铛
22545,悬殊
22546,烟蒂
22547,藏书
22548,乔治城
22549,年终
22550,雪利酒
22551,针织
22552,插画
22553,纽芬兰
22554,制动
22555,制导
22556,市井
22557,波纹
22558,诺基亚
22559,领唱
22560,仆
22561,妩媚
22562,镣铐
22563,航空母舰
22564,鬓
22565,自由党
22566,音箱
22567,雅致
22568,铁拳
22569,沟渠
22570,提琴
22571,熔炉
22572,颚
22573,起动
22574,晚报
22575,申辩
22576,坏疽
22577,水质
22578,针剂
22579,悠悠
22580,孟加拉
22581,厨具
22582,怪圈
22583,苔藓
22584,氨基
22585,不解
22586,降雨
22587,嗪
22588,地契
22589,祸水
22590,耙子
22591,划艇
22592,交响乐团
22593,绞刑架
22594,秒表
22595,流水线
22596,面额
22597,顽童
22598,斩断
22599,重围
22600,哈密瓜
22601,谍报
22602,青菜
22603,图标
22604,开化
22605,残破
22606,心力衰竭
22607,线性
22608,工作组
22609,农药
22610,捷克斯洛伐克
22611,胶质
22612,沙沙
22613,教育部
22614,养女
22615,大烟
22616,伊利诺伊州
22617,发卡
22618,跺
22619,印迹
22620,野味
22621,礼拜四
22622,汗臭
22623,引向
22624,猝死
22625,旁证
22626,短袜
22627,肉片
22628,销赃
22629,橘子汁
22630,结婚证
22631,剪彩
22632,牡丹
22633,明尼阿波利斯
22634,合十
22635,热心肠
22636,无名指
22637,兵法
22638,融资
22639,顶棚
22640,舌尖
22641,人命关天
22642,含意
22643,告吹
22644,哆嗦
22645,悔悟
22646,撤换
22647,旧书
22648,中和
22649,领口
22650,托词
22651,附属品
22652,质子
22653,年轻力壮
22654,男方
22655,空前绝后
22656,政体
22657,原汁原味
22658,范思哲
22659,演化
22660,风化
22661,修炼
22662,量子力学
22663,科学界
22664,星象
22665,硬木
22666,会展
22667,立定
22668,积雪
22669,晨曦
22670,割舍
22671,专场
22672,工商
22673,鼻音
22674,怕事
22675,搂抱
22676,公映
22677,婊
22678,试点
22679,卓著
22680,踱步
22681,传令
22682,童工
22683,翻案
22684,高架
22685,谩骂
22686,消化系统
22687,插足
22688,结束语
22689,墨西哥湾
22690,平定
22691,服毒
22692,大湖
22693,零星
22694,浏览器
22695,针线活
22696,油泵
22697,下届
22698,脚手架
22699,片头
22700,逆来顺受
22701,背带
22702,多样
22703,八字
22704,诚心诚意
22705,不乏
22706,鼠标
22707,群居
22708,数以万计
22709,失业率
22710,暧昧关系
22711,刑场
22712,当权者
22713,覆灭
22714,祭拜
22715,自由式
22716,揩油
22717,沉稳
22718,创始
22719,心弦
22720,边防
22721,风气
22722,自命
22723,缝纫机
22724,锄头
22725,抽泣
22726,飘落
22727,伯乐
22728,镶边
22729,挂彩
22730,灯罩
22731,用户名
22732,乳胶
22733,倍增
22734,卫生局
22735,起始
22736,对抗赛
22737,女厕
22738,麻木不仁
22739,暴富
22740,侧身
22741,谅
22742,厄瓜多尔
22743,杀菌
22744,本科
22745,腰围
22746,淡淡
22747,偷工减料
22748,教程
22749,妄图
22750,实至名归
22751,讲授
22752,老总
22753,露水
22754,发展中国家
22755,小雨
22756,气魄
22757,其二
22758,权贵
22759,唇舌
22760,引述
22761,使然
22762,射影
22763,框框
22764,纸上谈兵
22765,蛋壳
22766,完满
22767,小夜曲
22768,降格
22769,绕弯子
22770,滔
22771,供职
22772,匀
22773,徒劳无功
22774,不慎
22775,以身作则
22776,速成
22777,原原本本
22778,生闷气
22779,位居
22780,小算盘
22781,委曲求全
22782,稀里糊涂
22783,云朵
22784,钦
22785,戏谑
22786,打滑
22787,凶犯
22788,酷热
22789,表里如一
22790,端坐
22791,像模像样
22792,器重
22793,短促
22794,宽裕
22795,生气勃勃
22796,盛产
22797,各界
22798,独断
22799,羞怯
22800,会客室
22801,荡漾
22802,悖
22803,神通广大
22804,家境
22805,低空
22806,突破性
22807,组成部分
22808,立志
22809,密布
22810,神态
22811,仪态
22812,五官
22813,屡次
22814,吃喝
22815,跷
22816,眺望
22817,底子
22818,上部
22819,冷眼旁观
22820,昨
22821,拉动
22822,河床
22823,旺季
22824,领头羊
22825,刑事犯罪
22826,在即
22827,肝硬化
22828,放荡不羁
22829,自然资源
22830,视若无睹
22831,序号
22832,遍体鳞伤
22833,致哀
22834,心潮澎湃
22835,摇曳
22836,顶用
22837,扩充
22838,镇静药
22839,作客
22840,风云人物
22841,江郎才尽
22842,研习
22843,一经
22844,一往无前
22845,暴涨
22846,洒满
22847,活路
22848,心灰意冷
22849,翻动
22850,社会关系
22851,光洁
22852,糅合
22853,眼冒金星
22854,胳肢窝
22855,危言耸听
22856,亲和力
22857,西施
22858,绵绵
22859,征集
22860,黑幕
22861,旷工
22862,未尝
22863,声势
22864,招待员
22865,后生
22866,白搭
22867,猛打
22868,耳旁风
22869,前车之鉴
22870,祸根
22871,小吃店
22872,耗时
22873,谋求
22874,询
22875,要人
22876,点破
22877,楼道
22878,肉中刺
22879,情怀
22880,毫不迟疑
22881,蛔虫
22882,鲜为人知
22883,现代人
22884,声嘶力竭
22885,宏图
22886,啜泣
22887,定购
22888,哀号
22889,两头
22890,闻名于世
22891,难言之隐
22892,如意算盘
22893,落实
22894,猛然
22895,奔赴
22896,趋于
22897,兴风作浪
22898,正名
22899,磨灭
22900,素不相识
22901,显贵
22902,挑拨离间
22903,唱红脸
22904,凶险
22905,熠熠
22906,够朋友
22907,永垂不朽
22908,模糊不清
22909,冲淡
22910,添油加醋
22911,狗腿子
22912,长途汽车
22913,困窘
22914,馋
22915,版图
22916,信誓旦旦
22917,按期
22918,跌进
22919,载体
22920,爆满
22921,绝情
22922,污浊
22923,机会主义
22924,连理
22925,异口同声
22926,扭扭捏捏
22927,陈腐
22928,失策
22929,上缴
22930,天方夜谭
22931,侵扰
22932,寝食难安
22933,男女平等
22934,行囊
22935,更是
22936,荣获
22937,脏乱
22938,深谙
22939,津津乐道
22940,乞怜
22941,审阅
22942,禁用
22943,有偿
22944,探听
22945,突飞猛进
22946,推辞
22947,顺耳
22948,美名
22949,青春痘
22950,名正言顺
22951,惨淡
22952,过重
22953,冲锋陷阵
22954,礼遇
22955,浮夸
22956,温存
22957,赶得及
22958,硬是
22959,听诊器
22960,生就
22961,分辨率
22962,乐子
22963,短距离
22964,天马行空
22965,令人鼓舞
22966,满腔
22967,淡化
22968,扬长而去
22969,厚实
22970,防治
22971,伯恩
22972,聪
22973,姗
22974,露茜
22975,皇上
22976,埃德
22977,立陶宛
22978,姑
22979,苗
22980,南韩
22981,鳟鱼
22982,博览会
22983,冲绳
22984,祂
22985,砷
22986,准将
22987,蔡
22988,科隆
22989,弥赛亚
22990,独眼龙
22991,尖顶
22992,屄
22993,八哥
22994,麸
22995,艺妓
22996,私了
22997,亲王
22998,巴伦西亚
22999,侣
23000,洛基
23001,史努比
23002,前哨
23003,拿骚
23004,上浮
23005,火石
23006,球体
23007,江原道
23008,剃头
23009,非礼
23010,电磁波
23011,梵高
23012,抗原
23013,超新星
23014,真意
23015,倚靠
23016,榆树
23017,处女膜
23018,海胆
23019,焦油
23020,信差
23021,仕
23022,崇
23023,照相馆
23024,教主
23025,下颌
23026,山村
23027,电闸
23028,禁药
23029,导线
23030,莱特
23031,波哥大
23032,旅社
23033,速记
23034,轻飘飘
23035,岬
23036,处长
23037,超车
23038,塞浦路斯
23039,乳牙
23040,主音
23041,瓦特
23042,反对派
23043,御用
23044,丝巾
23045,感染者
23046,地堡
23047,羚
23048,枪托
23049,车轴
23050,洗衣粉
23051,战袍
23052,剑客
23053,酵母
23054,新德里
23055,牛郎
23056,奶水
23057,闪动
23058,预估
23059,百合花
23060,布谷鸟
23061,合理性
23062,简讯
23063,麻黄碱
23064,山口
23065,浴帽
23066,汽化器
23067,鸠
23068,圣彼得
23069,战马
23070,戊
23071,特派
23072,烟叶
23073,北大
23074,施瓦辛格
23075,花卉
23076,扇贝
23077,火车头
23078,无怨无悔
23079,暖炉
23080,领航
23081,植物油
23082,墨索里尼
23083,侯爵
23084,支气管炎
23085,专车
23086,拓
23087,锡箔
23088,指导员
23089,喷雾器
23090,剪裁
23091,磷酸
23092,扎针
23093,复诊
23094,空格
23095,凿子
23096,合而为一
23097,原子能
23098,密西西比州
23099,轮奸
23100,换算
23101,客车
23102,涟漪
23103,毒虫
23104,两栖
23105,巴厘岛
23106,蒸馏
23107,椒
23108,开户
23109,印象派
23110,鸡毛
23111,州界
23112,停课
23113,大粪
23114,靶场
23115,滋养
23116,舰艇
23117,八度
23118,港务局
23119,步话机
23120,调羹
23121,萤
23122,仿冒
23123,字符
23124,焦耳
23125,生生不息
23126,海战
23127,拼盘
23128,反方
23129,湍流
23130,租户
23131,月色
23132,汇票
23133,火花塞
23134,卢森堡
23135,建国
23136,拉布拉多
23137,卡布其诺
23138,丝线
23139,南半球
23140,薄膜
23141,眼窝
23142,破鞋
23143,朝鲜人
23144,硅谷
23145,远景
23146,白糖
23147,方格
23148,封条
23149,湖畔
23150,舍命
23151,血渍
23152,骑术
23153,出厂
23154,湛蓝
23155,草根
23156,自转
23157,心绞痛
23158,辽阔
23159,湿疹
23160,十四行诗
23161,抢掠
23162,辉
23163,家业
23164,福音书
23165,揪心
23166,全军
23167,阑尾炎
23168,现役
23169,主体
23170,夹击
23171,萨克拉门托
23172,肿大
23173,红十字
23174,水路
23175,藤条
23176,犊
23177,软饮料
23178,再接再厉
23179,抄本
23180,序曲
23181,畅快
23182,空置
23183,功臣
23184,瞪眼
23185,流沙
23186,永存
23187,发难
23188,破口大骂
23189,净土
23190,换人
23191,属性
23192,缰
23193,卡带
23194,周薪
23195,减小
23196,氨水
23197,筋斗
23198,晾干
23199,空想家
23200,回升
23201,大写字母
23202,榆
23203,铺位
23204,脊梁
23205,非议
23206,美食家
23207,言谈
23208,咚咚
23209,落败
23210,销路
23211,低压
23212,通婚
23213,长春
23214,菜肴
23215,录入
23216,湮没
23217,直角
23218,普利茅斯
23219,垫脚石
23220,薪资
23221,震颤
23222,铭牌
23223,建材
23224,摒
23225,积德
23226,监守自盗
23227,女婴
23228,疏漏
23229,全日制
23230,三世
23231,强风
23232,恶性肿瘤
23233,温情
23234,宰杀
23235,频段
23236,选修
23237,还价
23238,制伏
23239,吹奏
23240,厚度
23241,景致
23242,近海
23243,根治
23244,情诗
23245,上相
23246,座谈
23247,保修
23248,树荫
23249,恼羞成怒
23250,佐治亚州
23251,中彩
23252,轮换
23253,白内障
23254,先祖
23255,拇
23256,娇生惯养
23257,两口子
23258,斑纹
23259,豚鼠
23260,号叫
23261,可燃
23262,劳教所
23263,俳句
23264,引号
23265,览
23266,煤炭
23267,髓
23268,孕期
23269,喷涌
23270,肇事者
23271,名列前茅
23272,游街
23273,亲临
23274,喜出望外
23275,心机
23276,脊椎骨
23277,中流砥柱
23278,搭载
23279,腓骨
23280,叹
23281,毛手毛脚
23282,映射
23283,目视
23284,转录
23285,膘
23286,电厂
23287,齐名
23288,呕心沥血
23289,机缘
23290,漫不经心
23291,长女
23292,夜景
23293,跑鞋
23294,现实主义
23295,败笔
23296,低廉
23297,流芳百世
23298,内耳
23299,晕厥
23300,美钞
23301,郁
23302,毁谤
23303,蜿蜒
23304,调剂
23305,强人所难
23306,指挥家
23307,检测器
23308,辛辣
23309,弹回
23310,颂扬
23311,赫兹
23312,杂质
23313,励
23314,植被
23315,温饱
23316,条目
23317,早泄
23318,蛀虫
23319,入不敷出
23320,聚合物
23321,生手
23322,日日
23323,探路
23324,眉心
23325,吹拂
23326,绞架
23327,载货
23328,过冬
23329,赊账
23330,圆柱
23331,拙
23332,效益
23333,大刀
23334,存储器
23335,绩
23336,查点
23337,轻重缓急
23338,大步
23339,身强力壮
23340,商家
23341,不知去向
23342,刺鼻
23343,久久
23344,轻重
23345,有意识
23346,强人
23347,冲昏头脑
23348,断章取义
23349,技术性
23350,勾勒
23351,唯利是图
23352,敝
23353,狂笑
23354,鸿沟
23355,制造厂
23356,减免
23357,联军
23358,温文尔雅
23359,亲历
23360,吸纳
23361,一等奖
23362,犒劳
23363,里带
23364,轰鸣
23365,大幅度
23366,血本
23367,静悄悄
23368,攻读
23369,闲杂
23370,山寨
23371,捞钱
23372,碰碰车
23373,愚钝
23374,零工
23375,返乡
23376,如痴如醉
23377,分赃
23378,短跑
23379,凭证
23380,正法
23381,定案
23382,砧板
23383,换岗
23384,家电
23385,磐石
23386,幼稚园
23387,迎娶
23388,细长
23389,纹丝不动
23390,电光
23391,黄龙
23392,九月份
23393,按压
23394,虚名
23395,应变
23396,准确性
23397,开篇
23398,争分夺秒
23399,举世闻名
23400,恶性循环
23401,革职
23402,蒙混
23403,提价
23404,热气腾腾
23405,耻笑
23406,创作者
23407,标的
23408,基准
23409,实例
23410,五体投地
23411,苞
23412,不言自明
23413,椭圆形
23414,预审
23415,咎
23416,天边
23417,天资
23418,咫尺
23419,词句
23420,写字台
23421,异域
23422,干巴巴
23423,暴光
23424,宅子
23425,欺压
23426,找齐
23427,墙头草
23428,意气风发
23429,黄金时代
23430,胡搅蛮缠
23431,传神
23432,怦怦
23433,抗击
23434,本职
23435,成行
23436,民工
23437,沙土
23438,清香
23439,头晕目眩
23440,颂词
23441,涉险
23442,做鬼
23443,制图
23444,阵势
23445,硬碰硬
23446,砝码
23447,临界点
23448,后坐
23449,零头
23450,死有余辜
23451,消肿
23452,惊扰
23453,烂熟
23454,重武器
23455,硬着头皮
23456,杀一儆百
23457,张牙舞爪
23458,专业性
23459,出尔反尔
23460,稀松
23461,去路
23462,不动声色
23463,实事求是
23464,敖
23465,要强
23466,不以为然
23467,大动干戈
23468,养分
23469,至理名言
23470,进账
23471,做生日
23472,埋头苦干
23473,摸黑
23474,狼狈为奸
23475,养病
23476,小曲
23477,不快
23478,瑟瑟
23479,功不可没
23480,追根
23481,可鄙
23482,脚掌
23483,扣人心弦
23484,缜密
23485,拍板
23486,仗义
23487,骄
23488,奥尔巴尼
23489,一点一滴
23490,霸主
23491,古旧
23492,自语
23493,边远
23494,守备
23495,洋相
23496,动武
23497,俯首称臣
23498,翘首
23499,加速度
23500,层出不穷
23501,前轮
23502,遗志
23503,蓬荜生辉
23504,大吃大喝
23505,东张西望
23506,心酸
23507,宽厚
23508,画室
23509,沧桑
23510,立功
23511,派出所
23512,激将法
23513,有目共睹
23514,耀武扬威
23515,天明
23516,归入
23517,营利
23518,翻箱倒柜
23519,心力交瘁
23520,鼻尖
23521,贼船
23522,免职
23523,丰功伟绩
23524,绝版
23525,胆大包天
23526,发人深省
23527,一锅粥
23528,连绵
23529,干脆利落
23530,了得
23531,峰回路转
23532,恣意
23533,双管齐下
23534,姿色
23535,一筹莫展
23536,犟
23537,裤带
23538,最大化
23539,取舍
23540,卤莽
23541,扩建
23542,盛夏
23543,纺织品
23544,天伦之乐
23545,稳当
23546,求得
23547,赢利
23548,黯然
23549,占地
23550,有方
23551,作息
23552,吃苦头
23553,超现实主义
23554,交差
23555,有约在先
23556,满座
23557,善始善终
23558,言词
23559,居室
23560,烦闷
23561,破败
23562,扇动
23563,雏形
23564,高谈阔论
23565,总收入
23566,争先恐后
23567,成语
23568,紧缺
23569,生命线
23570,蔫
23571,秉
23572,送客
23573,重中之重
23574,防暴
23575,碌碌无为
23576,相中
23577,忙乱
23578,上火
23579,手头紧
23580,阿萨德
23581,伊凡
23582,天狼星
23583,海王星
23584,曼德拉
23585,夏普
23586,兰斯
23587,木兰
23588,昌
23589,鼠疫
23590,特里萨
23591,澳门
23592,罗布
23593,自卫队
23594,庞贝
23595,爱滋
23596,元件
23597,磐
23598,王储
23599,列宁
23600,牠
23601,板块
23602,喀布尔
23603,海狮
23604,拿撒勒
23605,雅典娜
23606,吊车
23607,货柜
23608,猛犸
23609,罂粟
23610,矿物质
23611,大赦
23612,山本
23613,也门
23614,巴拉圭
23615,崴
23616,蛰
23617,勤务
23618,太空舱
23619,剪接
23620,女高音
23621,蚌
23622,卓别林
23623,盔
23624,剖
23625,联谊
23626,心包
23627,牵牛花
23628,斯拉夫
23629,列兵
23630,次级
23631,圣彼得堡
23632,活门
23633,赫鲁晓夫
23634,逗号
23635,遇险
23636,界面
23637,普罗维登斯
23638,奋勇
23639,画外音
23640,唐宁街
23641,羽毛球
23642,弃婴
23643,输精管
23644,渗漏
23645,罗伯茨
23646,黏液
23647,北极光
23648,木瓜
23649,泡沫塑料
23650,陶艺
23651,绕行
23652,打火石
23653,皮艇
23654,模具
23655,沙皇
23656,胰
23657,不拘一格
23658,神经细胞
23659,行李袋
23660,黑影
23661,妖术
23662,妖魔
23663,高射炮
23664,挂毯
23665,管风琴
23666,北极星
23667,水深
23668,缅因
23669,内核
23670,梅花
23671,关东
23672,金龟
23673,武士道
23674,丧葬
23675,服务费
23676,希思罗
23677,天机
23678,壕沟
23679,水仙花
23680,失守
23681,播映
23682,相思
23683,退位
23684,起落架
23685,唏
23686,凌辱
23687,门柱
23688,烙饼
23689,麻花
23690,加农炮
23691,北爱尔兰
23692,遗骨
23693,客场
23694,导入
23695,造血
23696,基线
23697,玛雅人
23698,教规
23699,浇灌
23700,激光器
23701,灵药
23702,大篷车
23703,臆断
23704,赫尔辛基
23705,图解
23706,舅妈
23707,优化
23708,片酬
23709,鲍鱼
23710,狮子座
23711,舐
23712,宾利
23713,马蹄铁
23714,拉平
23715,烟幕
23716,桉树
23717,银牌
23718,国人
23719,助阵
23720,塘
23721,棺木
23722,倒彩
23723,蒙特卡洛
23724,对路
23725,胸围
23726,气象学
23727,公证人
23728,回形针
23729,出生证
23730,麻子
23731,蓄水池
23732,助产士
23733,风衣
23734,和风
23735,专案组
23736,臂章
23737,电机
23738,存根
23739,全州
23740,皮肤癌
23741,旬
23742,锻造
23743,宽心
23744,海事
23745,失重
23746,偷猎
23747,犬齿
23748,行刺
23749,摇椅
23750,聚居地
23751,浮动
23752,新大陆
23753,成因
23754,尿道
23755,暗箭
23756,脑膜
23757,推杆
23758,妮子
23759,安拉
23760,螺
23761,发报
23762,降压
23763,范例
23764,燃气
23765,换乘
23766,使节
23767,措
23768,青光眼
23769,载歌载舞
23770,肾结石
23771,狂吠
23772,平底锅
23773,审判庭
23774,篮板球
23775,汁液
23776,落难
23777,打蜡
23778,头颈
23779,咿
23780,陪衬
23781,爱尔兰人
23782,口语
23783,王权
23784,胁持
23785,偶数
23786,自动化
23787,瑕
23788,上坡
23789,标枪
23790,狰狞
23791,如饥似渴
23792,稿费
23793,武装力量
23794,法医学
23795,衔接
23796,祈愿
23797,疏松
23798,响动
23799,阵雨
23800,烷
23801,骸
23802,发送器
23803,铵
23804,收税
23805,剖腹
23806,选取
23807,宴会厅
23808,血气方刚
23809,古玩
23810,协调员
23811,安康
23812,函数
23813,悲愤
23814,走样
23815,尾气
23816,补课
23817,车钱
23818,大棒
23819,仑
23820,赡养
23821,最低点
23822,哌
23823,教学楼
23824,网友
23825,损耗
23826,酒席
23827,改日
23828,游动
23829,量刑
23830,训诫
23831,行政部门
23832,模拟器
23833,授勋
23834,缎
23835,物价
23836,主脑
23837,齐头并进
23838,虎子
23839,喇嘛
23840,情投意合
23841,闩
23842,硝烟
23843,船夫
23844,祖辈
23845,平起平坐
23846,泼辣
23847,急流
23848,智齿
23849,护航
23850,假条
23851,水道
23852,募款
23853,传颂
23854,梨子
23855,凤梨
23856,汉字
23857,立方体
23858,榛子
23859,掂量
23860,啜
23861,款款
23862,拖曳
23863,火箭弹
23864,积压
23865,历时
23866,迷彩服
23867,解约
23868,加之
23869,来由
23870,闹肚子
23871,种地
23872,眷
23873,权柄
23874,征收
23875,凉水
23876,弹痕
23877,青年人
23878,变心
23879,沉积
23880,步履
23881,稍许
23882,饶命
23883,放浪
23884,信纸
23885,碗柜
23886,开天辟地
23887,鼓鼓
23888,乘虚而入
23889,受累
23890,言外之意
23891,杜绝
23892,呈交
23893,禁运
23894,男高音
23895,巡航导弹
23896,急不可待
23897,芦
23898,专政
23899,季刊
23900,迸
23901,静养
23902,静态
23903,主楼
23904,北海
23905,喷火器
23906,笔头
23907,急忙
23908,绚烂
23909,深蓝
23910,受精卵
23911,孢
23912,围城
23913,以泪洗面
23914,扬起
23915,继位
23916,散热
23917,伤风
23918,能见度
23919,展览馆
23920,佯装
23921,意气用事
23922,铰链
23923,鬼迷心窍
23924,热饮
23925,相容
23926,签定
23927,碴
23928,扳回
23929,纵使
23930,紧缩
23931,狂飙
23932,潜水衣
23933,点货
23934,暗室
23935,中标
23936,忍痛
23937,不近人情
23938,开夜车
23939,上下文
23940,气象局
23941,溃败
23942,雕虫小技
23943,纳斯达克
23944,狂潮
23945,娱乐界
23946,魔掌
23947,砍价
23948,气力
23949,劈开
23950,气喘
23951,联名
23952,锐气
23953,开课
23954,服务业
23955,累计
23956,谣
23957,世世代代
23958,宽泛
23959,抒发
23960,包涵
23961,电闪
23962,说动
23963,岔道
23964,定额
23965,名垂青史
23966,遗传性
23967,同甘共苦
23968,妙处
23969,哈巴狗
23970,急急忙忙
23971,放射线
23972,苦战
23973,嗓子眼
23974,信函
23975,六月份
23976,鸣叫
23977,各异
23978,驻军
23979,惨状
23980,抱佛脚
23981,薄片
23982,愈加
23983,溢美之词
23984,受宠
23985,赊
23986,亵
23987,拔牙
23988,剪切
23989,硬骨头
23990,央求
23991,掌骨
23992,行迹
23993,裤腰带
23994,局外
23995,世仇
23996,阅
23997,横渡
23998,蔑
23999,流离失所
24000,自居
24001,提纲
24002,发明者
24003,全盛
24004,红旗
24005,地质学
24006,轻武器
24007,不偏不倚
24008,索然
24009,秋波
24010,油条
24011,班次
24012,毡
24013,事例
24014,循序渐进
24015,经营者
24016,艳福
24017,兼具
24018,带宽
24019,轻薄
24020,初一
24021,始末
24022,灵机一动
24023,身陷囹圄
24024,吃苦
24025,无庸
24026,词组
24027,高楼大厦
24028,昏昏沉沉
24029,就近
24030,珍稀
24031,缴纳
24032,成器
24033,四下
24034,分泌物
24035,作威作福
24036,高攀
24037,气冲冲
24038,暴露无遗
24039,扑朔迷离
24040,顶呱呱
24041,病灶
24042,收受
24043,生养
24044,毗邻
24045,迎头赶上
24046,传阅
24047,郎君
24048,腰缠万贯
24049,生事
24050,雌黄
24051,法眼
24052,地理学
24053,染病
24054,未决
24055,未定
24056,顺应
24057,次子
24058,开封
24059,自主权
24060,踏上
24061,保准
24062,逗笑
24063,碍眼
24064,仕途
24065,历尽
24066,从长计议
24067,纷飞
24068,面包房
24069,吃法
24070,不容置疑
24071,产地
24072,盼头
24073,服气
24074,浓郁
24075,臭名远扬
24076,滋事
24077,见面礼
24078,腹地
24079,春风得意
24080,甘地
24081,恶语
24082,读书人
24083,欢度
24084,上进心
24085,苛责
24086,庐山
24087,抽风
24088,出气筒
24089,大老粗
24090,浓妆艳抹
24091,阴凉
24092,转述
24093,服丧
24094,耳鸣
24095,言过其实
24096,混饭
24097,含辛茹苦
24098,原材料
24099,耕地
24100,他乡
24101,市立
24102,丘陵
24103,数万
24104,哭丧着脸
24105,苦水
24106,主题歌
24107,老大不小
24108,自此
24109,搭车
24110,丢开
24111,天经地义
24112,估摸
24113,斗胆
24114,风湿
24115,宽带
24116,衣袋
24117,灯芯绒
24118,躺倒
24119,刻板
24120,腱
24121,势利眼
24122,事不关己
24123,救生圈
24124,简略
24125,祸不单行
24126,好容易
24127,变脸
24128,谱写
24129,二话不说
24130,兼有
24131,倡导者
24132,只见
24133,茅坑
24134,审美
24135,果肉
24136,冷场
24137,照理
24138,不可多得
24139,上调
24140,针对性
24141,骨干
24142,荷包蛋
24143,兴师动众
24144,闹心
24145,大同小异
24146,叮嘱
24147,枕骨
24148,洋洋得意
24149,兴盛
24150,癫狂
24151,歉疚
24152,国产
24153,欲罢不能
24154,忘乎所以
24155,糜烂
24156,所得税
24157,气喘吁吁
24158,有别
24159,年初
24160,单边
24161,学究
24162,考证
24163,避讳
24164,探求
24165,过路人
24166,扮相
24167,翩翩
24168,百感交集
24169,表率
24170,盈
24171,髋关节
24172,超支
24173,下不来
24174,逼死
24175,蹊径
24176,演播
24177,奠定
24178,玲珑
24179,一举两得
24180,敦促
24181,潜心
24182,高升
24183,招风
24184,娘娘
24185,苑
24186,曼波
24187,玑
24188,胡安
24189,谢恩
24190,伎
24191,天文馆
24192,马其顿
24193,武林
24194,洛林
24195,绶带
24196,瑞安
24197,芥
24198,科长
24199,诺丁汉
24200,香格里拉
24201,微光
24202,平衡木
24203,篮板
24204,中提琴
24205,花车
24206,安达
24207,窑
24208,田中
24209,关岛
24210,芙蓉
24211,蚊帐
24212,梅子
24213,庆生
24214,桂
24215,聚变
24216,木屐
24217,莳
24218,老伴
24219,冰鞋
24220,文思
24221,抄写
24222,南极洲
24223,布加勒斯特
24224,淑
24225,特雷莎
24226,阿尔巴尼亚人
24227,嘲
24228,胆碱
24229,相扑
24230,裴
24231,吁
24232,华人
24233,地穴
24234,民国
24235,学生证
24236,莱西
24237,冷藏车
24238,海牛
24239,人工授精
24240,擂台
24241,插花
24242,佛像
24243,弩
24244,大肉
24245,引产
24246,嗳
24247,海牙
24248,戴高乐
24249,扑通
24250,丙酮
24251,贮
24252,木薯
24253,府邸
24254,贪图
24255,主旋律
24256,子夜
24257,盒饭
24258,农业部
24259,峭壁
24260,注水
24261,辰
24262,阿兹特克
24263,圆球
24264,冬青
24265,谋反
24266,广东
24267,耳屎
24268,死战
24269,化粪池
24270,交叉点
24271,试题
24272,坪
24273,洋装
24274,小姨子
24275,判例
24276,军刀
24277,灯笼裤
24278,肺动脉
24279,鲤
24280,罗杰斯
24281,匪帮
24282,吸力
24283,余震
24284,成龙
24285,大河
24286,胞
24287,压韵
24288,螯
24289,保送
24290,鲭
24291,节能
24292,眼眸
24293,瑞典语
24294,挂号信
24295,僵直
24296,弹子
24297,鹈鹕
24298,奋进
24299,北美洲
24300,锆
24301,冰刀
24302,曰
24303,火箭炮
24304,交易员
24305,万众一心
24306,吊袜带
24307,叙事
24308,地球仪
24309,链球菌
24310,博弈论
24311,浓雾
24312,梭鱼
24313,糜
24314,反刍
24315,航天局
24316,制冷
24317,胆汁
24318,试衣间
24319,唱腔
24320,谐
24321,旋钮
24322,歌舞伎
24323,调色
24324,植物学
24325,约翰内斯堡
24326,文具
24327,丧服
24328,贡品
24329,绿地
24330,桂皮
24331,奔流
24332,眸
24333,农活
24334,基层
24335,志气
24336,护膝
24337,裆
24338,杀青
24339,高院
24340,絮
24341,邪说
24342,贝尔法斯特
24343,漏税
24344,周期表
24345,空头
24346,白杨
24347,松节油
24348,专利权
24349,流体
24350,地痞
24351,恃强凌弱
24352,疫
24353,照明弹
24354,折返
24355,相对论
24356,集锦
24357,山崖
24358,除开
24359,誉
24360,床罩
24361,风帆
24362,掩蔽
24363,添加剂
24364,住地
24365,淋巴结
24366,吕
24367,斋戒
24368,揣摩
24369,悍妇
24370,红人
24371,梦露
24372,军法
24373,衣袖
24374,琴弦
24375,阐释
24376,几内亚
24377,马尔代夫
24378,眼药
24379,匿
24380,杜鹃花
24381,打靶
24382,豆浆
24383,拦路
24384,时效
24385,俄文
24386,略带
24387,煮沸
24388,大副
24389,故人
24390,卷曲
24391,渔业
24392,畅谈
24393,玻璃球
24394,血亲
24395,星号
24396,雅皮士
24397,凶兆
24398,阴云
24399,图谱
24400,山峦
24401,信道
24402,克里姆林宫
24403,耳聋
24404,汽酒
24405,奔腾
24406,基因组
24407,国标
24408,丧事
24409,洋流
24410,志愿兵
24411,汽缸
24412,在野
24413,偷税
24414,普罗旺斯
24415,阅兵
24416,奖状
24417,拌嘴
24418,心醉神迷
24419,工蜂
24420,农产品
24421,国家队
24422,嘴皮子
24423,开放性
24424,船帆
24425,还贷
24426,浮力
24427,成亲
24428,械
24429,代沟
24430,温热
24431,曝露
24432,武艺
24433,雷暴
24434,抗命
24435,可塑性
24436,选秀
24437,痛经
24438,投影仪
24439,危险品
24440,试车
24441,龅牙
24442,老将
24443,茶水
24444,情郎
24445,鼠药
24446,不亦乐乎
24447,空挡
24448,受刑
24449,光明磊落
24450,宿营地
24451,白沫
24452,毛囊
24453,讨教
24454,咖啡色
24455,完备
24456,沓
24457,缺憾
24458,性激素
24459,普及
24460,中级
24461,不为所动
24462,加价
24463,脱轨
24464,忸怩
24465,沃尔沃
24466,弃置
24467,后悔莫及
24468,井然有序
24469,内地
24470,小卒
24471,不悦
24472,手续费
24473,宁肯
24474,固态
24475,烤火
24476,哈根达斯
24477,语录
24478,打炮
24479,电能
24480,字句
24481,食管
24482,使用权
24483,一览无余
24484,强国
24485,售票员
24486,不厌其烦
24487,开房间
24488,三位一体
24489,双峰
24490,岔口
24491,美人计
24492,名将
24493,风月
24494,低微
24495,肩章
24496,发扬光大
24497,乙烯
24498,瓶塞
24499,抽查
24500,飞虫
24501,肚脐眼
24502,奶茶
24503,天井
24504,独木桥
24505,褴褛
24506,上肢
24507,结结巴巴
24508,团子
24509,劳动者
24510,瓣膜
24511,徒然
24512,嫖娼
24513,铁腕
24514,德高望重
24515,萨克斯管
24516,殡葬
24517,饱含
24518,简写
24519,穴位
24520,胁
24521,婿
24522,裤兜
24523,骛
24524,道学
24525,熏陶
24526,公有
24527,国父
24528,威慑
24529,平方米
24530,咬牙切齿
24531,无序
24532,超级大国
24533,纺
24534,出神入化
24535,寄主
24536,举世
24537,萎靡
24538,犄角
24539,独创性
24540,螺丝钉
24541,童真
24542,成活
24543,杀机
24544,杂七杂八
24545,街灯
24546,交费
24547,高频
24548,讲价
24549,交融
24550,病友
24551,肺气肿
24552,狐臭
24553,市场价
24554,多米尼加共和国
24555,勃起
24556,印度尼西亚
24557,欢送
24558,气话
24559,白日
24560,大潮
24561,绝对值
24562,安乐
24563,知悉
24564,印刷厂
24565,娈
24566,无边无际
24567,上扬
24568,旧病
24569,讹诈
24570,解渴
24571,机动车
24572,掌上明珠
24573,沐
24574,推敲
24575,缔造者
24576,耙
24577,贫乏
24578,不端
24579,贫富
24580,大马
24581,对折
24582,周期性
24583,改选
24584,创建者
24585,涣散
24586,恍然大悟
24587,浸湿
24588,幻境
24589,恩情
24590,短处
24591,空空荡荡
24592,心惊胆战
24593,动气
24594,沉浮
24595,铺张
24596,矢口否认
24597,闭塞
24598,严正
24599,邻国
24600,两面
24601,自嘲
24602,旅游者
24603,魂灵
24604,游击战
24605,跳高
24606,受热
24607,烤鸭
24608,朝夕相处
24609,天仙
24610,肝火
24611,何谓
24612,五彩
24613,结节
24614,彼岸
24615,简言之
24616,大快人心
24617,遗臭万年
24618,慧眼
24619,凡夫俗子
24620,便池
24621,囊括
24622,倾泻
24623,切磋
24624,风凉话
24625,懒洋洋
24626,反证
24627,直观
24628,造作
24629,负载
24630,媒人
24631,绵延
24632,零部件
24633,闹市
24634,直系
24635,细则
24636,富丽堂皇
24637,莽
24638,爵位
24639,缓冲器
24640,老成
24641,敌我
24642,共生
24643,血气
24644,弯路
24645,诸葛亮
24646,噼啪
24647,入场费
24648,精度
24649,萨里
24650,扫尾
24651,颤音
24652,赌客
24653,四川
24654,丢面子
24655,被套
24656,讲和
24657,水井
24658,穿插
24659,甩头
24660,派系
24661,收条
24662,呱呱叫
24663,厚礼
24664,远亲
24665,哑谜
24666,华裔
24667,防冻
24668,迎头
24669,一掷千金
24670,招集
24671,小辈
24672,直勾勾
24673,痛痛快快
24674,房钱
24675,保有
24676,拖沓
24677,发射机
24678,白班
24679,如若
24680,整整齐齐
24681,豁然开朗
24682,拮据
24683,奠基人
24684,撒娇
24685,中医
24686,貉
24687,娇气
24688,战略性
24689,时宜
24690,中空
24691,滋长
24692,要职
24693,兼备
24694,消受
24695,可靠性
24696,营生
24697,撤职
24698,军乐队
24699,缺血
24700,窝里斗
24701,过去时
24702,谋取
24703,胴体
24704,时隔
24705,谈天
24706,共计
24707,斗志昂扬
24708,重排
24709,十之八九
24710,重活
24711,福分
24712,好强
24713,养伤
24714,号令
24715,不吝
24716,可好
24717,大舌头
24718,不孝
24719,秒钟
24720,凌云
24721,空腹
24722,贫瘠
24723,浓烈
24724,挥发
24725,弄巧成拙
24726,冒火
24727,冷若冰霜
24728,分秒必争
24729,例证
24730,睛
24731,飘动
24732,捋
24733,盲从
24734,达意
24735,矫健
24736,恩泽
24737,义工
24738,前人
24739,核电厂
24740,不力
24741,屈指可数
24742,丛生
24743,人山人海
24744,沉淀
24745,常言
24746,想开
24747,犯难
24748,乱哄哄
24749,为非作歹
24750,推波助澜
24751,见多识广
24752,名师
24753,拖泥带水
24754,鉴赏
24755,名不见经传
24756,青色
24757,守旧派
24758,换言之
24759,劲敌
24760,各奔东西
24761,才子
24762,喜怒哀乐
24763,腋毛
24764,剪影
24765,荣登
24766,长短
24767,大面积
24768,苦心经营
24769,明晰
24770,移位
24771,寰
24772,半斤八两
24773,首当其冲
24774,歌坛
24775,球台
24776,香艳
24777,笼统
24778,微词
24779,不义之财
24780,改为
24781,敬而远之
24782,失言
24783,搏动
24784,冠心病
24785,稿件
24786,以毒攻毒
24787,全集
24788,有过之而无不及
24789,黏膜
24790,警句
24791,花枝招展
24792,初出茅庐
24793,海运
24794,此路不通
24795,了然
24796,防患于未然
24797,原名
24798,醍醐灌顶
24799,开裂
24800,违心
24801,贱卖
24802,兴致勃勃
24803,伤天害理
24804,口福
24805,积极性
24806,国际化
24807,养精蓄锐
24808,带电
24809,无度
24810,专业户
24811,执迷不悟
24812,给面子
24813,老鸨
24814,美中不足
24815,征募
24816,假意
24817,年末
24818,花呢
24819,在先
24820,油膏
24821,成倍
24822,根据地
24823,举世无双
24824,经济危机
24825,地形图
24826,不敢当
24827,引火烧身
24828,派兵
24829,指日可待
24830,做文章
24831,罗列
24832,光影
24833,苦心
24834,猎捕
24835,煞费苦心
24836,各行各业
24837,得名
24838,精辟
24839,乌七八糟
24840,泰然自若
24841,各得其所
24842,花都
24843,迂腐
24844,投稿
24845,円
24846,缇
24847,多米诺
24848,藩
24849,雪梨
24850,克什米尔
24851,辞典
24852,西西
24853,萨尔
24854,戈培尔
24855,惠灵顿
24856,小雪
24857,希奇
24858,绿叶
24859,葵
24860,复赛
24861,加藤
24862,半身像
24863,输油管
24864,伽利略
24865,泰坦
24866,缀
24867,古墓
24868,贝尔格莱德
24869,大力神
24870,信鸽
24871,酒厂
24872,奥托
24873,击沉
24874,溃
24875,春日
24876,瞳
24877,斯洛伐克
24878,桅
24879,可汗
24880,明月
24881,富士山
24882,叠罗汉
24883,冷面
24884,雏菊
24885,投票站
24886,养鸡场
24887,上野
24888,公安
24889,科学院
24890,总统府
24891,太空站
24892,杏子
24893,维特
24894,车行
24895,报数
24896,稻田
24897,外场
24898,贯
24899,一家人
24900,搞头
24901,查验
24902,甁
24903,阴户
24904,贮藏
24905,放映室
24906,夜游
24907,贬义
24908,北半球
24909,大院
24910,飞利浦
24911,壁虎
24912,首级
24913,语文
24914,匝
24915,千秋
24916,丙烯酸
24917,新月
24918,南达科他州
24919,轮渡
24920,坦承
24921,奥林匹亚
24922,施放
24923,奥赛罗
24924,蛇毒
24925,北极圈
24926,球道
24927,兵变
24928,锭
24929,鸟窝
24930,供奉
24931,苦瓜
24932,保管员
24933,裂变
24934,宪
24935,拆迁
24936,走钢丝
24937,成吉思汗
24938,掰开
24939,烟卷
24940,摩门
24941,东德
24942,功能性
24943,原木
24944,高耸
24945,标准化
24946,包间
24947,后宫
24948,兔唇
24949,内窥镜
24950,豆荚
24951,速写
24952,小林
24953,音阶
24954,纪念堂
24955,分流
24956,图章
24957,戏票
24958,威逼
24959,五指
24960,现时
24961,东海
24962,橡皮筋
24963,寄居
24964,投案
24965,生发
24966,爱荷华
24967,渥太华
24968,牧人
24969,教务
24970,花色
24971,白厅
24972,保洁
24973,造船厂
24974,博弈
24975,监工
24976,楣
24977,套管
24978,剥落
24979,双簧管
24980,毒杀
24981,慑
24982,沼气
24983,官兵
24984,君主制
24985,昭和
24986,侏罗纪
24987,拔河
24988,红眼
24989,登基
24990,戒严令
24991,虹膜
24992,名古屋
24993,学派
24994,高跷
24995,盅
24996,石英
24997,对接
24998,患儿
24999,保温
25000,周岁
25001,棋局
25002,中卫
25003,粗粮
25004,悖论
25005,心悸
25006,老虎钳
25007,瓜子
25008,突尼斯
25009,蔽
25010,山川
25011,千斤顶
25012,汗液
25013,色相
25014,附庸
25015,黑匣子
25016,特刊
25017,亚原子
25018,圣约翰
25019,偷渡者
25020,通路
25021,白化病
25022,呒
25023,神色
25024,化肥
25025,沉住气
25026,选购
25027,学界
25028,膏药
25029,彩绘
25030,共性
25031,收音
25032,哑铃
25033,贞节
25034,巴巴多斯
25035,展台
25036,测算
25037,膨
25038,培植
25039,配送
25040,自由泳
25041,爪哇
25042,欢聚
25043,白喉
25044,引退
25045,天蝎座
25046,外来人
25047,磋商
25048,连裤袜
25049,加法
25050,话头
25051,白话
25052,轮转
25053,笙
25054,校刊
25055,针灸师
25056,旱冰
25057,荷枪实弹
25058,道出
25059,黄热病
25060,园区
25061,赏赐
25062,配种
25063,后辈
25064,乳汁
25065,显形
25066,汽船
25067,弹道导弹
25068,五月份
25069,恶言
25070,含羞草
25071,放牧
25072,命中率
25073,恶战
25074,朝拜
25075,司仪
25076,山脚
25077,落马
25078,改嫁
25079,群落
25080,拆线
25081,出超
25082,失业者
25083,低档
25084,谄媚
25085,明治
25086,枢纽
25087,取信
25088,恢复期
25089,杜邦
25090,荣华
25091,津巴布韦
25092,开春
25093,开恩
25094,多普勒
25095,缭绕
25096,窗框
25097,汤勺
25098,饲养员
25099,肝癌
25100,心切
25101,木炭
25102,调任
25103,急功近利
25104,无底洞
25105,成套
25106,烦乱
25107,背运
25108,殉难
25109,杂活
25110,奠基
25111,赌鬼
25112,大合唱
25113,垫圈
25114,布洛芬
25115,陶土
25116,捻
25117,小脑
25118,屏风
25119,忤
25120,贫苦
25121,拖动
25122,棘
25123,树莓
25124,中人
25125,黑海
25126,址
25127,中庸
25128,迅捷
25129,狂风暴雨
25130,油污
25131,旧物
25132,宿营
25133,牛犊
25134,开后门
25135,稀疏
25136,昼
25137,角质
25138,大农场
25139,大雾
25140,边门
25141,对半
25142,走过场
25143,悼
25144,枪眼
25145,鱼鳞
25146,出线
25147,迎风
25148,戏耍
25149,风韵
25150,雅兴
25151,青史
25152,摄影家
25153,掉转
25154,铭刻
25155,达州
25156,毒辣
25157,车把
25158,年收入
25159,拜会
25160,啐
25161,白日做梦
25162,自强
25163,目送
25164,报童
25165,撞伤
25166,库尔德
25167,瓢
25168,留声机
25169,退席
25170,倾慕
25171,沙门氏菌
25172,冷盘
25173,仓储
25174,贿
25175,挂心
25176,孱弱
25177,姻缘
25178,底气
25179,课桌
25180,充盈
25181,拜占庭
25182,南海
25183,钴
25184,河道
25185,导电
25186,便饭
25187,冥府
25188,揶揄
25189,驳倒
25190,一条心
25191,独立自主
25192,瞻仰
25193,有劳
25194,衰减
25195,荧光灯
25196,研磨
25197,无愧
25198,石灰石
25199,含冤
25200,水费
25201,道贺
25202,堆放
25203,物美价廉
25204,硝酸盐
25205,会客
25206,歪理
25207,心惊肉跳
25208,鹳
25209,饥寒交迫
25210,经济学家
25211,互通
25212,楞
25213,水灾
25214,重合
25215,有志者事竟成
25216,业务员
25217,驹
25218,扫黄
25219,银行业
25220,拨乱反正
25221,感叹号
25222,大戏
25223,失语症
25224,可逆
25225,据理力争
25226,猴年
25227,不致
25228,锃亮
25229,时态
25230,下摆
25231,老一辈
25232,并行
25233,中游
25234,吐沫
25235,刀枪
25236,时局
25237,西经
25238,数位
25239,恶狠狠
25240,并发
25241,春色
25242,心有余悸
25243,置办
25244,在天之灵
25245,相形见绌
25246,鳖
25247,论题
25248,诛
25249,朝阳
25250,歇息
25251,筹建
25252,照本宣科
25253,后轮
25254,动物学
25255,简便
25256,先见之明
25257,大众化
25258,敷衍了事
25259,五颜六色
25260,废水
25261,环状
25262,浴血
25263,王法
25264,正路
25265,担待
25266,奉告
25267,城府
25268,抢修
25269,出难题
25270,心寒
25271,骑虎难下
25272,选择题
25273,色盲
25274,肺活量
25275,资费
25276,绑带
25277,劫难
25278,麦角
25279,首创
25280,有去无回
25281,难点
25282,师从
25283,五脏六腑
25284,装入
25285,受灾
25286,实用主义
25287,施恩
25288,猪蹄
25289,敛
25290,韧性
25291,机件
25292,圆场
25293,妖魔鬼怪
25294,取材
25295,隆起
25296,巨资
25297,务实
25298,谷子
25299,扫墓
25300,后顾之忧
25301,灾星
25302,工伤
25303,连载
25304,终了
25305,命脉
25306,耸立
25307,争相
25308,写法
25309,实干
25310,碎块
25311,享誉
25312,争得
25313,儿孙
25314,管束
25315,租房
25316,敌情
25317,虏
25318,公家
25319,更替
25320,疏于
25321,营运
25322,淳朴
25323,面目可憎
25324,锥形
25325,齐心合力
25326,雅加达
25327,奋不顾身
25328,茶色
25329,每逢
25330,画蛇添足
25331,酒器
25332,双层床
25333,大大小小
25334,塌方
25335,雷同
25336,飞毛腿
25337,二月份
25338,复审
25339,彩电
25340,良民
25341,体温计
25342,六分之一
25343,臆测
25344,二十一点
25345,亏本
25346,不可逆转
25347,亏空
25348,凶神恶煞
25349,临产
25350,香喷喷
25351,众生
25352,老到
25353,铜牌
25354,英吉利海峡
25355,笃定
25356,找头
25357,胆寒
25358,排场
25359,才女
25360,武装部队
25361,呼吸系统
25362,昙花一现
25363,不由得
25364,轰动一时
25365,弱不禁风
25366,古堡
25367,书柜
25368,裹足不前
25369,大娘
25370,响当当
25371,太白
25372,阳关道
25373,毛遂自荐
25374,进退维谷
25375,吟诗
25376,封建
25377,招摇撞骗
25378,事半功倍
25379,深恶痛绝
25380,迫近
25381,留任
25382,保密性
25383,娇惯
25384,襟
25385,必要性
25386,发网
25387,三角裤
25388,流域
25389,春秋
25390,鬼神
25391,素养
25392,驾校
25393,量化
25394,中肯
25395,净值
25396,宿敌
25397,金科玉律
25398,哺育
25399,茧子
25400,走回头路
25401,故里
25402,知音
25403,高瞻远瞩
25404,问鼎
25405,芹
25406,惊诧
25407,奸商
25408,不无
25409,大有人在
25410,一丝一毫
25411,好景不长
25412,洪流
25413,情事
25414,集邮
25415,三缄其口
25416,原作
25417,赫赫有名
25418,欢欣
25419,泯灭
25420,闲心
25421,襁褓
25422,缉捕
25423,孜孜不倦
25424,茂密
25425,电荷
25426,挫折感
25427,妙语
25428,无从下手
25429,晴天霹雳
25430,金牛座
25431,守约
25432,心慌
25433,风雨无阻
25434,动土
25435,首屈一指
25436,耳背
25437,痴情
25438,阴沉沉
25439,物是人非
25440,心口
25441,昧
25442,制作者
25443,一边倒
25444,突兀
25445,砂纸
25446,奉还
25447,败北
25448,难当
25449,前身
25450,隐忍
25451,茉莉花
25452,眷属
25453,影音
25454,魂飞魄散
25455,自古
25456,曼哈顿区
25457,名作
25458,败绩
25459,售货
25460,出落
25461,夸赞
25462,据悉
25463,适中
25464,家丑
25465,挑食
25466,国道
25467,蛹
25468,物流
25469,筹措
25470,顶骨
25471,通病
25472,死硬
25473,翻江倒海
25474,至多
25475,当即
25476,开挖
25477,小拇指
25478,驳斥
25479,巨蟒
25480,头昏脑胀
25481,滨海
25482,激荡
25483,班子
25484,付之东流
25485,失色
25486,球类
25487,易懂
25488,电风扇
25489,言情小说
25490,槃
25491,脚丫子
25492,红海
25493,合拢
25494,谷歌
25495,闻风丧胆
25496,破天荒
25497,暨
25498,岂止
25499,免掉
25500,捉拿归案
25501,漫天要价
25502,嗤之以鼻
25503,蹑手蹑脚
25504,月度
25505,纸质
25506,大有可为
25507,沿用
25508,硝酸
25509,日本人
25510,老者
25511,史学家
25512,老脸
25513,拚命
25514,有悖于
25515,无垠
25516,珍奇
25517,压轴戏
25518,推脱
25519,美差
25520,暴民
25521,残酷无情
25522,业大
25523,暴戾
25524,几近
25525,密不可分
25526,难上加难
25527,大饱眼福
25528,构筑
25529,排解
25530,政要
25531,若隐若现
25532,满头大汗
25533,高喊
25534,日趋
25535,怪里怪气
25536,破戒
25537,抛物线
25538,干戈
25539,同期
25540,民心
25541,千丝万缕
25542,不可磨灭
25543,借条
25544,高潮迭起
25545,强心剂
25546,向量
25547,费话
25548,九霄云外
25549,虞
25550,卷烟
25551,评论员
25552,繁杂
25553,丰衣足食
25554,大放厥词
25555,交头接耳
25556,从容不迫
25557,新版
25558,排外
25559,睡意
25560,新教
25561,孤苦伶仃
25562,禁不起
25563,打抱不平
25564,丑化
25565,庞德
25566,斯巴达
25567,妍
25568,淳
25569,奥黛丽
25570,祥
25571,梅西
25572,阿森纳
25573,太子
25574,戛纳
25575,云梯
25576,少将
25577,佛罗伦斯
25578,艾滋病毒
25579,济州
25580,宝典
25581,红眼病
25582,公厕
25583,蔷薇
25584,奥斯威辛
25585,高利
25586,摺
25587,岳
25588,仙人
25589,矿山
25590,耀斑
25591,磁碟
25592,普罗米修斯
25593,天庭
25594,海斯
25595,奥马尔
25596,转体
25597,武功
25598,拉萨
25599,滑溜
25600,山田
25601,大嫂
25602,史蒂文斯
25603,缴费
25604,舅
25605,电站
25606,陪练
25607,雷击
25608,相声
25609,书评
25610,江南
25611,拉巴斯
25612,奥尔良
25613,沦
25614,烟酒
25615,惠特曼
25616,点球
25617,解放军
25618,嬷嬷
25619,镳
25620,雪莱
25621,甫
25622,划桨
25623,罗汉
25624,黄豆
25625,伊斯兰堡
25626,嗤
25627,红军
25628,网眼
25629,连长
25630,血小板
25631,强生
25632,芋
25633,图钉
25634,分会
25635,邪魔
25636,黑斑
25637,矿坑
25638,横滨
25639,振荡
25640,干线
25641,都灵
25642,罗兹
25643,命题
25644,竿子
25645,舞场
25646,加号
25647,毛泽东
25648,翻供
25649,高棉
25650,日食
25651,浪人
25652,花蜜
25653,中子
25654,海平面
25655,桑给巴尔
25656,赔款
25657,自荐
25658,蒲团
25659,护卫舰
25660,蹼
25661,氯气
25662,凉亭
25663,年糕
25664,光耀
25665,识别码
25666,公费
25667,人造卫星
25668,万宝路
25669,暖流
25670,座垫
25671,迪奥
25672,栈
25673,驱动器
25674,氯化钾
25675,纠
25676,色子
25677,叩
25678,机房
25679,憎
25680,南卡罗来纳
25681,二元
25682,内定
25683,豆芽
25684,不平
25685,粉尘
25686,焕
25687,渠
25688,蚊
25689,放债
25690,货轮
25691,转会
25692,涡
25693,版税
25694,双子座
25695,定居点
25696,凡间
25697,合流
25698,侍候
25699,瘤子
25700,试映
25701,钟点工
25702,李斯
25703,反手
25704,石像
25705,蜈蚣
25706,政局
25707,教宗
25708,阵列
25709,空中小姐
25710,种田
25711,保证人
25712,绩效
25713,方阵
25714,栀子花
25715,核爆炸
25716,豆沙
25717,塞内加尔
25718,对唱
25719,赔罪
25720,劳役
25721,鲟
25722,外援
25723,自白
25724,筵席
25725,因缘
25726,安纳波利斯
25727,蝾螈
25728,观察家
25729,女色
25730,卖国贼
25731,伯利兹
25732,失身
25733,松香
25734,勘探
25735,帮工
25736,渺
25737,记账
25738,支线
25739,西村
25740,畿
25741,马蹄
25742,交口
25743,验光
25744,粪土
25745,胭脂
25746,凸出
25747,寿险
25748,朽木
25749,倡议
25750,咯吱
25751,陆路
25752,腐蚀性
25753,窖
25754,喋
25755,洗涤剂
25756,游记
25757,头皮屑
25758,劫掠
25759,特拉华
25760,幻灭
25761,花生米
25762,麦子
25763,熙熙攘攘
25764,雕刻家
25765,风干
25766,品性
25767,元旦
25768,老妈子
25769,驿站
25770,开国
25771,神经痛
25772,押解
25773,剪纸
25774,助推
25775,球形
25776,持平
25777,抿
25778,彼得潘
25779,盛世
25780,一扫而光
25781,消化道
25782,异己
25783,丝瓜
25784,粮仓
25785,舞弊
25786,猿猴
25787,复婚
25788,适应性
25789,线粒体
25790,鸟枪
25791,邮车
25792,萨特
25793,坝
25794,非线性
25795,美联储
25796,阿拉斯加州
25797,汇率
25798,星星之火
25799,砧
25800,留校
25801,赶赴
25802,圆周率
25803,宿怨
25804,轮轴
25805,滑翔伞
25806,胜败
25807,流行性
25808,关税
25809,阴柔
25810,坚忍
25811,盛怒
25812,疲软
25813,矫形
25814,拦路虎
25815,妙龄
25816,凹槽
25817,揭幕
25818,音高
25819,名医
25820,厌世
25821,车工
25822,礼数
25823,鱼池
25824,节育
25825,噘嘴
25826,险情
25827,褒义
25828,男子气
25829,竞逐
25830,排版
25831,量器
25832,安全网
25833,镇痛剂
25834,蛇形
25835,调集
25836,失而复得
25837,强词夺理
25838,拉力
25839,球状
25840,名利双收
25841,投机者
25842,细胞核
25843,理论家
25844,皮匠
25845,笃信
25846,口粮
25847,炬
25848,亭子
25849,欠费
25850,胃癌
25851,支流
25852,拨弄
25853,自选
25854,缴枪
25855,圣安东尼奥
25856,浅水
25857,砣
25858,报名表
25859,脑髓
25860,暴虐
25861,重机枪
25862,还嘴
25863,老外
25864,山核桃
25865,工兵
25866,缓存
25867,孤魂
25868,绰
25869,叉车
25870,居里
25871,徐徐
25872,碑文
25873,卿
25874,中外
25875,脱出
25876,地标
25877,购置
25878,坟地
25879,捕鼠器
25880,走势
25881,读书会
25882,体育界
25883,树梢
25884,凸起
25885,如来
25886,真身
25887,奇形怪状
25888,贫嘴
25889,花生糖
25890,十拿九稳
25891,宾西法尼亚
25892,一马当先
25893,小粉
25894,保育
25895,导出
25896,置之脑后
25897,科学技术
25898,铅笔盒
25899,林荫道
25900,庸
25901,臊
25902,放贷
25903,概
25904,西半球
25905,砂糖
25906,鄙
25907,分装
25908,记录员
25909,铁器
25910,炽
25911,打趣
25912,飘飘
25913,放晴
25914,跟上
25915,德黑兰
25916,行销
25917,挞
25918,啊哟
25919,浸入
25920,提携
25921,专柜
25922,求知欲
25923,全会
25924,呎
25925,上工
25926,遣散
25927,擎
25928,粘贴
25929,猎刀
25930,便道
25931,海鸟
25932,失当
25933,国际法
25934,玄乎
25935,肘子
25936,相互作用
25937,禁地
25938,公理
25939,潜望镜
25940,命根
25941,衰亡
25942,年会
25943,进口商
25944,乳牛
25945,噩运
25946,刮风
25947,痰盂
25948,整治
25949,莫奈
25950,增值
25951,遗忘症
25952,众望所归
25953,同道
25954,海军蓝
25955,嫁接
25956,同日
25957,沙砾
25958,哮喘病
25959,约束力
25960,罩子
25961,研讨
25962,发丝
25963,疑案
25964,金黄
25965,户主
25966,搔首弄姿
25967,药理学
25968,半成品
25969,浑浊
25970,大汉
25971,摘录
25972,重负
25973,矢量
25974,天下第一
25975,西班牙人
25976,裁减
25977,僻静
25978,牛排馆
25979,豪放
25980,驾御
25981,背脊
25982,天秤座
25983,春心
25984,划定
25985,装聋作哑
25986,缺勤
25987,目测
25988,中线
25989,突显
25990,故土
25991,开裆裤
25992,撒网
25993,虎头蛇尾
25994,腾飞
25995,处女作
25996,一板一眼
25997,来历不明
25998,拱形
25999,骤降
26000,苍老
26001,人行横道
26002,肱
26003,要员
26004,化油器
26005,呷
26006,花边新闻
26007,砍伐
26008,圣歌
26009,页码
26010,逆反心理
26011,长距离
26012,对口
26013,近道
26014,歧义
26015,坡道
26016,养殖
26017,聒噪
26018,身长
26019,舍友
26020,售完
26021,绸
26022,出殡
26023,售价
26024,龙凤
26025,越俎代庖
26026,灰溜溜
26027,果敢
26028,辩白
26029,缤纷
26030,哗啦
26031,柴可夫斯基
26032,除尘
26033,两用
26034,太空服
26035,常住
26036,心绪
26037,长途车
26038,半导体
26039,痴心
26040,翻领
26041,嗲
26042,定单
26043,附注
26044,议事日程
26045,欢送会
26046,左上
26047,后来居上
26048,判官
26049,名家
26050,意大利人
26051,信笺
26052,青豆
26053,抽水马桶
26054,吃得消
26055,传宗接代
26056,记述
26057,银杏
26058,戏子
26059,瞎闹
26060,瞬时
26061,蚊虫
26062,断奶
26063,除暴安良
26064,唧唧喳喳
26065,迥然不同
26066,蚀刻
26067,取经
26068,应景
26069,营帐
26070,盛气凌人
26071,香菜
26072,俊美
26073,班底
26074,烟民
26075,全优
26076,表姐妹
26077,跨度
26078,完璧归赵
26079,承重
26080,湿气
26081,势在必行
26082,推诿
26083,无坚不摧
26084,黏着
26085,逸事
26086,空穴来风
26087,工事
26088,暴跌
26089,电扇
26090,斯堪的纳维亚
26091,主次
26092,锻
26093,激愤
26094,违纪
26095,初来乍到
26096,领导权
26097,调派
26098,何干
26099,开赴
26100,感慨
26101,建树
26102,不务正业
26103,神韵
26104,主心骨
26105,税法
26106,欺瞒
26107,辛酸
26108,俯首
26109,反面教材
26110,嬴
26111,衣食父母
26112,触目惊心
26113,美工
26114,作秀
26115,疾苦
26116,入夜
26117,乘法表
26118,事不过三
26119,望族
26120,传入
26121,水轮
26122,交点
26123,占星术
26124,拓荒
26125,桥墩
26126,螺母
26127,功利
26128,爱犬
26129,知了
26130,话匣子
26131,干将
26132,囔囔
26133,送交
26134,扶养
26135,得志
26136,客观性
26137,奇装异服
26138,零散
26139,孤老
26140,大业
26141,财政部长
26142,查对
26143,多方
26144,真丝
26145,谈起
26146,镇纸
26147,实业家
26148,了无生趣
26149,落荒而逃
26150,大肠杆菌
26151,芸芸众生
26152,身板
26153,商定
26154,傲气
26155,第一线
26156,娇嫩
26157,鲜红
26158,屠刀
26159,商机
26160,凶多吉少
26161,去火
26162,评理
26163,瓢泼大雨
26164,有求必应
26165,脱皮
26166,鬼胎
26167,悲天悯人
26168,昂首挺胸
26169,忍让
26170,加冰
26171,如日中天
26172,不得已而为之
26173,硕果
26174,转战
26175,付诸实施
26176,嬉笑
26177,府上
26178,仗势欺人
26179,要义
26180,门道
26181,末班车
26182,纷至沓来
26183,情变
26184,情夫
26185,似是而非
26186,大过
26187,周身
26188,如数
26189,酷似
26190,藕
26191,房契
26192,行云流水
26193,不比
26194,虚脱
26195,识货
26196,近邻
26197,退隐
26198,情操
26199,不修边幅
26200,谨防
26201,刻不容缓
26202,矬
26203,生子
26204,十月份
26205,血泪
26206,不声不响
26207,聚精会神
26208,断然
26209,劳心
26210,懒骨头
26211,酒色
26212,出具
26213,伴有
26214,金边
26215,拥戴
26216,食粮
26217,他国
26218,本拉登
26219,风雅
26220,过关斩将
26221,得不偿失
26222,正反
26223,风貌
26224,城池
26225,超短裙
26226,服服帖帖
26227,厌食
26228,把关
26229,嬉皮笑脸
26230,掉泪
26231,糟粕
26232,一览无遗
26233,分段
26234,座无虚席
26235,明文规定
26236,擦边球
26237,尺子
26238,沉降
26239,头晕眼花
26240,精打细算
26241,五花八门
26242,摩拳擦掌
26243,前脚
26244,前言
26245,轮番
26246,此致
26247,短讯
26248,速溶
26249,庸才
26250,老少
26251,自修
26252,包揽
26253,揭秘
26254,友谊赛
26255,绸缎
26256,民族主义
26257,诗词
26258,气盛
26259,运费
26260,凭空捏造
26261,费工夫
26262,器物
26263,不虚此行
26264,存有
26265,戏称
26266,自学成才
26267,百依百顺
26268,添置
26269,据实
26270,曾孙
26271,称心
26272,动植物
26273,顷刻
26274,疏忽大意
26275,低等
26276,头里
26277,两栖动物
26278,异国他乡
26279,八九不离十
26280,软骨头
26281,稚嫩
26282,取决
26283,奔忙
26284,献媚
26285,寸步难行
26286,体表
26287,机理
26288,物化
26289,栽跟头
26290,家破人亡
26291,晨报
26292,畏首畏尾
26293,实干家
26294,闪避
26295,称做
26296,政治性
26297,邀功
26298,红娘
26299,切中
26300,清偿
26301,篡夺
26302,浑水摸鱼
26303,拉客
26304,息怒
26305,灯会
26306,合意
26307,造句
26308,参考书
26309,肥皂泡
26310,财主
26311,标杆
26312,纯朴
26313,上位
26314,意犹未尽
26315,一年到头
26316,直爽
26317,对症下药
26318,诡秘
26319,连声
26320,响彻
26321,钻空子
26322,晕机
26323,鸡眼
26324,责问
26325,直属
26326,老狐狸
26327,残羹剩饭
26328,箩筐
26329,等式
26330,警惕性
26331,一扫而空
26332,致病
26333,助跑
26334,叛离
26335,开间
26336,取道
26337,反义词
26338,不露声色
26339,按说
26340,绿宝石
26341,灵敏度
26342,盛传
26343,长足
26344,借书证
26345,违例
26346,挑拣
26347,头头是道
26348,研读
26349,但凡
26350,一见如故
26351,寥寥无几
26352,入神
26353,胃病
26354,得势
26355,磨擦
26356,西式
26357,载客
26358,挥发性
26359,涉猎
26360,韧
26361,篇幅
26362,召集人
26363,铝箔
26364,供不应求
26365,欺侮
26366,避邪
26367,俎
26368,三言两语
26369,稳步
26370,见长
26371,虚无主义
26372,卵石
26373,灵丹妙药
26374,增光
26375,以身试法
26376,大丈夫
26377,理当
26378,老调重弹
26379,在所不辞
26380,散场
26381,成真
26382,传情
26383,不失为
26384,一鼓作气
26385,率直
26386,比照
26387,简明扼要
26388,一味
26389,比拟
26390,代词
26391,清晰度
26392,悠长
26393,盘点
26394,言简意赅
26395,干练
26396,何乐而不为
26397,脊梁骨
26398,久闻大名
26399,涂层
26400,强盛
26401,乡土
26402,潺潺
26403,接待室
26404,填料
26405,一致性
26406,心急如焚
26407,洁身自好
26408,智取
26409,审时度势
26410,沏
26411,巧舌如簧
26412,拳打脚踢
26413,音译
26414,趁火打劫
26415,储量
26416,黑乎乎
26417,杰弗逊
26418,绞索
26419,擒获
26420,轴心
26421,红极一时
26422,瞠目结舌
26423,驮
26424,朱诺
26425,维吉尔
26426,朔
26427,偌
26428,北斗
26429,波希米亚
26430,雷公
26431,羯
26432,法兰
26433,佐罗
26434,分子式
26435,乞
26436,萌
26437,纳尼亚
26438,索菲亚
26439,掣
26440,悯
26441,夜鹰
26442,三合会
26443,金正日
26444,勘
26445,伪钞
26446,飞鱼
26447,逸
26448,硷
26449,飞贼
26450,计划生育
26451,吹牛皮
26452,肺水肿
26453,油墨
26454,实业
26455,彩车
26456,后起之秀
26457,亥
26458,胳肢
26459,达特茅斯
26460,吉安
26461,跷跷板
26462,秦
26463,馒头
26464,蔗糖
26465,端点
26466,信天翁
26467,数列
26468,富士
26469,勾画
26470,纷
26471,幼苗
26472,沈
26473,哈莱姆
26474,泪眼
26475,铎
26476,虾子
26477,火龙
26478,质数
26479,直布罗陀
26480,呱
26481,银座
26482,阿弥陀佛
26483,加沙
26484,郊
26485,北海道
26486,得梅因
26487,畸
26488,佛兰德
26489,长枪
26490,三轮车
26491,河滨
26492,镰
26493,娄
26494,箩
26495,阿尔茨海默
26496,黑熊
26497,轰轰
26498,尾翼
26499,爽身粉
26500,冤案
26501,甜蜜蜜
26502,甲苯
26503,自白书
26504,冰场
26505,绳梯
26506,微处理器
26507,复员
26508,民选
26509,硝酸铵
26510,垢
26511,柠
26512,大公
26513,接力赛
26514,藏红花
26515,机头
26516,亚里士多德
26517,腮腺炎
26518,还魂
26519,理学
26520,传销
26521,丈母娘
26522,泔水
26523,浮游生物
26524,市集
26525,尊长
26526,打拍子
26527,东经
26528,拒收
26529,猎奇
26530,嗙
26531,立足点
26532,猜拳
26533,回教
26534,伏尔泰
26535,喜鹊
26536,图样
26537,下议院
26538,地方官
26539,红豆
26540,刺猬
26541,路西法
26542,水塘
26543,亘古
26544,度量
26545,焗
26546,大将
26547,下丘脑
26548,迦太基
26549,萨摩亚
26550,除法
26551,旅游团
26552,匈奴
26553,山崩
26554,字型
26555,鞋油
26556,食客
26557,关塔那摩湾
26558,冤屈
26559,男傧相
26560,海难
26561,朗朗上口
26562,输卵管
26563,游艺
26564,光波
26565,斗气
26566,驳船
26567,空当
26568,捕捞
26569,榻
26570,璜
26571,气态
26572,喀什
26573,号手
26574,转向灯
26575,女犯
26576,赋税
26577,译员
26578,米粒
26579,括号
26580,核装置
26581,立交桥
26582,聋哑
26583,灾区
26584,导体
26585,诚惶诚恐
26586,快攻
26587,愁眉不展
26588,繁
26589,国家安全部
26590,利马
26591,光圈
26592,万劫不复
26593,刨冰
26594,干果
26595,水利
26596,饭票
26597,茶具
26598,柏油路
26599,皮划艇
26600,处所
26601,套衫
26602,笑星
26603,地层
26604,耕作
26605,地热
26606,软木塞
26607,盆地
26608,耷拉
26609,辅导班
26610,魔怪
26611,狂放
26612,博茨瓦纳
26613,放羊
26614,近代
26615,褒
26616,水仙
26617,开普敦
26618,疖子
26619,乳制品
26620,蔬
26621,面糊
26622,呈献
26623,拗
26624,聚乙烯
26625,矿区
26626,椅背
26627,答卷
26628,族类
26629,嚎啕
26630,偷猎者
26631,公债
26632,印刷机
26633,民主主义
26634,陡坡
26635,洼
26636,本体
26637,邑
26638,垫肩
26639,水雷
26640,臭皮囊
26641,外流
26642,查处
26643,区长
26644,虫害
26645,刹那
26646,轻敌
26647,发行人
26648,论述
26649,盲文
26650,灭种
26651,古语
26652,失主
26653,弹药库
26654,私有化
26655,果糖
26656,分层
26657,官阶
26658,氧化剂
26659,安居乐业
26660,氯化物
26661,淋巴细胞
26662,尾骨
26663,巴尔干半岛
26664,流窜
26665,梯队
26666,波罗的海
26667,打铁
26668,俾
26669,受托
26670,瘟神
26671,舵手
26672,明火
26673,局促
26674,园林
26675,贵妇人
26676,招标
26677,抻
26678,鳞片
26679,明朝
26680,伊利诺伊
26681,天灾
26682,尖塔
26683,毒理学
26684,拉登
26685,顶天立地
26686,军力
26687,菌类
26688,全书
26689,驯化
26690,割裂
26691,红烧
26692,绵
26693,赤膊
26694,海带
26695,提审
26696,红桃
26697,撒泼
26698,跩
26699,玄妙
26700,菜园
26701,纺织厂
26702,度数
26703,测评
26704,制衡
26705,防风
26706,构图
26707,无碍
26708,声讨
26709,环保局
26710,子爵
26711,同盟国
26712,药理
26713,声部
26714,证婚人
26715,传唱
26716,鸦
26717,鼓风机
26718,今朝
26719,居心
26720,干粮
26721,强敌
26722,降雪
26723,单数
26724,繁复
26725,爹娘
26726,缔结
26727,大专
26728,好走
26729,妄自尊大
26730,校花
26731,猛增
26732,姑息
26733,大寿
26734,变幻莫测
26735,二重奏
26736,消音
26737,铸铁
26738,方糖
26739,列席
26740,釉
26741,皂
26742,故居
26743,顺水推舟
26744,稀世
26745,卷尺
26746,念经
26747,瞒天过海
26748,记事簿
26749,大龄
26750,小岛
26751,穷乡僻壤
26752,反光镜
26753,与人为善
26754,拾掇
26755,疲于奔命
26756,文稿
26757,铁锈
26758,叠加
26759,坐骨神经
26760,监守
26761,阴天
26762,轰隆
26763,薄雾
26764,男婴
26765,挺拔
26766,修脚
26767,寒假
26768,逊色
26769,高脚杯
26770,恩师
26771,喉炎
26772,海市蜃楼
26773,狐狸尾巴
26774,茫
26775,遗容
26776,非典
26777,立时
26778,鲔
26779,组胺
26780,救生筏
26781,聪颖
26782,果酒
26783,希罕
26784,平反
26785,荒淫
26786,功用
26787,起降
26788,一条龙
26789,旅行袋
26790,白垩纪
26791,逆风
26792,实足
26793,黄河
26794,秋葵
26795,拼接
26796,车号
26797,婆家
26798,出奇制胜
26799,兵工厂
26800,油料
26801,甸
26802,等位
26803,夹带
26804,禄
26805,后坐力
26806,扁豆
26807,升学
26808,参政
26809,哥特式
26810,初审
26811,征税
26812,花旗
26813,疑难
26814,精怪
26815,声道
26816,皎洁
26817,锅子
26818,高歌
26819,脑溢血
26820,摔跟头
26821,功底
26822,步行街
26823,郎中
26824,玛瑙
26825,驱邪
26826,电场
26827,农贸市场
26828,选址
26829,芫荽
26830,切题
26831,逆时针
26832,过硬
26833,久而久之
26834,疱
26835,啼
26836,灰白
26837,翻山越岭
26838,寻根
26839,阔佬
26840,大举
26841,大言不惭
26842,特快专递
26843,大吉
26844,零时
26845,靥
26846,贤惠
26847,修葺
26848,子午线
26849,狂轰滥炸
26850,泰然处之
26851,雪茄烟
26852,意会
26853,背水一战
26854,离心
26855,不假思索
26856,囚笼
26857,下榻
26858,气量
26859,油灯
26860,喇
26861,重复性
26862,商铺
26863,领衔
26864,葡萄牙人
26865,撤除
26866,情分
26867,汗颜
26868,背靠背
26869,烃
26870,自画像
26871,当机立断
26872,集聚
26873,四月份
26874,山水
26875,艾菲尔铁塔
26876,呵欠
26877,如火如荼
26878,拥挤不堪
26879,面食
26880,转载
26881,酒菜
26882,手摇
26883,质朴
26884,大千世界
26885,痴痴
26886,说定
26887,哀嚎
26888,货机
26889,官衔
26890,两旁
26891,金融家
26892,任天堂
26893,创举
26894,青天
26895,反其道而行之
26896,惴惴不安
26897,花里胡哨
26898,首肯
26899,黑车
26900,左倾
26901,油乎乎
26902,放缓
26903,状告
26904,翌日
26905,登峰造极
26906,短视
26907,败局
26908,诀别
26909,油然而生
26910,马赛克
26911,一知半解
26912,工时
26913,髋骨
26914,耳根
26915,哭丧
26916,土气
26917,那阵子
26918,据传
26919,视神经
26920,同人
26921,挠头
26922,折叠椅
26923,转卖
26924,心中有数
26925,会心
26926,齐声
26927,活动家
26928,栽种
26929,明细
26930,绕口令
26931,虚心
26932,笔试
26933,吃喝玩乐
26934,屡屡
26935,当事
26936,虚报
26937,没治
26938,冲力
26939,圈养
26940,纸浆
26941,秀丽
26942,归国
26943,挂号
26944,举荐
26945,多多益善
26946,拉稀
26947,火盆
26948,请缨
26949,工友
26950,东非
26951,北侧
26952,新闻学
26953,逾期
26954,爽口
26955,失真
26956,世代相传
26957,手工艺
26958,失信
26959,南亚
26960,网球赛
26961,开道
26962,约法三章
26963,六合
26964,战功
26965,小轿车
26966,周而复始
26967,慢悠悠
26968,刻痕
26969,希伯莱
26970,船桨
26971,有理
26972,当道
26973,世袭
26974,始祖
26975,串联
26976,磨砺
26977,倒贴
26978,置之度外
26979,滑坡
26980,尸骸
26981,一晃
26982,浅滩
26983,围堵
26984,相思病
26985,拘
26986,求教
26987,譬如说
26988,送还
26989,瘦骨嶙峋
26990,借调
26991,填词
26992,细雨
26993,破相
26994,温驯
26995,皮炎
26996,含泪
26997,含混
26998,送葬
26999,同级
27000,收下
27001,爱称
27002,谈笑风生
27003,犯上
27004,酸雨
27005,潜伏期
27006,举棋不定
27007,日用
27008,莽汉
27009,接壤
27010,鬃毛
27011,排污
27012,杳无音信
27013,大踏步
27014,眶
27015,卓绝
27016,利剑
27017,绞痛
27018,弱视
27019,后怕
27020,既是
27021,小解
27022,坐镇
27023,纵然
27024,劲舞
27025,引蛇出洞
27026,供热
27027,汇入
27028,喝西北风
27029,笑意
27030,大水
27031,小视
27032,古时
27033,对调
27034,水土不服
27035,荼
27036,贪财
27037,对簿公堂
27038,审慎
27039,阔绰
27040,期满
27041,超生
27042,中将
27043,问罪
27044,字里行间
27045,驶出
27046,交纳
27047,诚然
27048,下同
27049,缩手缩脚
27050,轻风
27051,鲷
27052,腹膜
27053,理解力
27054,敲门砖
27055,商榷
27056,印制
27057,蛮不讲理
27058,任选
27059,挂牌
27060,膀
27061,轩然大波
27062,沉沉
27063,花天酒地
27064,旧闻
27065,隔断
27066,山穷水尽
27067,中非
27068,订立
27069,横膈膜
27070,鸿
27071,炉灶
27072,臭架子
27073,勤勤恳恳
27074,纷乱
27075,火眼金睛
27076,惊骇
27077,追悔莫及
27078,半吊子
27079,时不我待
27080,洞窟
27081,蛾
27082,差不离
27083,毋庸
27084,配制
27085,滴水
27086,白面
27087,寸草不生
27088,周长
27089,分期
27090,动物界
27091,圣旨
27092,前因后果
27093,其乐无穷
27094,刁钻
27095,养神
27096,大起大落
27097,柳暗花明
27098,情急
27099,可怜巴巴
27100,死水
27101,识时务
27102,私房钱
27103,血丝
27104,垂涎欲滴
27105,喜忧参半
27106,受聘
27107,车到山前必有路
27108,打油诗
27109,心服口服
27110,滔滔
27111,劝架
27112,瘙
27113,关连
27114,推心置腹
27115,会试
27116,邪路
27117,做媒
27118,血球
27119,寒碜
27120,落款
27121,千奇百怪
27122,苦干
27123,和顺
27124,手相
27125,耳膜
27126,唐老鸭
27127,棒槌
27128,班卓琴
27129,名胜
27130,分批
27131,怜惜
27132,仿照
27133,和乐
27134,正剧
27135,金山
27136,袒
27137,言说
27138,易燃物
27139,递减
27140,天下太平
27141,并重
27142,定神
27143,幽暗
27144,谈判桌
27145,举步维艰
27146,首任
27147,死难者
27148,心醉
27149,旨
27150,巨富
27151,从良
27152,买方
27153,报界
27154,引经据典
27155,非但
27156,切合
27157,省吃俭用
27158,堂而皇之
27159,安乐窝
27160,变调
27161,息事宁人
27162,伟业
27163,毕恭毕敬
27164,明辨是非
27165,通讯社
27166,别样
27167,齐心
27168,井底之蛙
27169,安于现状
27170,弹尽粮绝
27171,当政
27172,搬弄是非
27173,亟需
27174,菜馆
27175,笔误
27176,开门红
27177,自由市场
27178,蛮干
27179,建筑业
27180,神勇
27181,环路
27182,懒腰
27183,化学元素
27184,协力
27185,对抗性
27186,长年
27187,平摊
27188,火暴
27189,交通费
27190,现眼
27191,要面子
27192,流动资金
27193,屏息
27194,非政府
27195,哭笑不得
27196,姻亲
27197,浅显
27198,忠贞不渝
27199,充饥
27200,身经百战
27201,要道
27202,采购员
27203,纯熟
27204,全长
27205,标点
27206,彻夜不眠
27207,银发
27208,称颂
27209,素菜
27210,无情无义
27211,警号
27212,目空一切
27213,贼心
27214,了却
27215,装神弄鬼
27216,尽人皆知
27217,乖张
27218,倾销
27219,泪腺
27220,溯源
27221,写实
27222,榄
27223,其乐融融
27224,细看
27225,狠命
27226,出神
27227,委托书
27228,别具一格
27229,先河
27230,田间
27231,合成纤维
27232,违犯
27233,没谱
27234,通车
27235,感悟
27236,时兴
27237,积怨
27238,献花
27239,风和日丽
27240,旅行团
27241,鬼才信
27242,违宪
27243,滚边
27244,芥菜
27245,脏字
27246,苦肉计
27247,沿线
27248,歌功颂德
27249,带病
27250,一气
27251,偷梁换柱
27252,富余
27253,滞后
27254,划时代
27255,纱线
27256,豁
27257,繁荣昌盛
27258,招租
27259,烹制
27260,挨骂
27261,藤蔓
27262,兼而有之
27263,老当益壮
27264,作罢
27265,赶时髦
27266,大手大脚
27267,傻里傻气
27268,三生有幸
27269,脑神经
27270,无所不为
27271,闭门羹
27272,疾驰
27273,举手投足
27274,高人
27275,无言以对
27276,里程表
27277,居心叵测
27278,病院
27279,早逝
27280,不自量
27281,石墨
27282,打雪仗
27283,那曲
27284,不可同日而语
27285,蓝本
27286,蟒
27287,扎眼
27288,优胜劣汰
27289,猫眼
27290,一往情深
27291,干爽
27292,一吐为快
27293,总价
27294,收监
27295,青筋
27296,昂首
27297,恬静
27298,恶贯满盈
27299,操持
27300,瓮中之鳖
27301,鞭笞
27302,光华
27303,众望
27304,日晷
27305,偏颇
27306,推力
27307,昏天黑地
27308,伶牙俐齿
27309,相抵
27310,欠佳
27311,热销
27312,人烟
27313,繁多
27314,西西里岛
27315,天罗地网
27316,考究
27317,学龄
27318,左右开弓
27319,相依
27320,乔迁之喜
27321,企及
27322,不屈
27323,玲
27324,菩
27325,墨尔本
27326,狭
27327,天王星
27328,星体
27329,同盟军
27330,菸
27331,根号
27332,查德
27333,茂
27334,阪
27335,德川
27336,营房
27337,霓裳
27338,飞鹰
27339,氏族
27340,圣城
27341,檀香山
27342,萨拉热窝
27343,爹爹
27344,蔚
27345,博罗
27346,圣乔治
27347,珂
27348,爱德
27349,包子
27350,绫
27351,内罗毕
27352,炮塔
27353,科索沃
27354,快车道
27355,泛美
27356,皮尔
27357,阿肯色
27358,拓荒者
27359,班克斯
27360,霓
27361,蒲
27362,校舍
27363,外汇
27364,鬼魅
27365,聚居
27366,脚板
27367,清唱
27368,枭
27369,黑体
27370,姥爷
27371,西语
27372,投诚
27373,佯
27374,坎大哈
27375,礼宾
27376,条形码
27377,玉石
27378,茶馆
27379,编年史
27380,乌克兰人
27381,泥石流
27382,重力场
27383,列车员
27384,瞬
27385,左派
27386,审计员
27387,副翼
27388,兰州
27389,罗利
27390,钟摆
27391,炸酱面
27392,格式化
27393,鼾
27394,风信子
27395,猕猴桃
27396,下行
27397,冤大头
27398,波西米亚
27399,赛艇
27400,除草剂
27401,奏鸣曲
27402,焚化
27403,墨鱼
27404,骰
27405,蒙古人
27406,废止
27407,核仁
27408,邢
27409,西安
27410,洽
27411,赖皮
27412,琦
27413,牡
27414,冰糖
27415,桃树
27416,莫桑比克
27417,奸笑
27418,杭
27419,处刑
27420,巴洛克
27421,无人区
27422,鱼翅
27423,跨步
27424,布防
27425,诡辩
27426,棕熊
27427,语词
27428,仲
27429,九州
27430,稀缺
27431,羽田
27432,摆渡
27433,救生船
27434,洋基
27435,人力车
27436,边锋
27437,儒
27438,卤
27439,庸人
27440,发情期
27441,照会
27442,笺
27443,蜂鸣器
27444,果蝇
27445,系统性
27446,矿泉
27447,华贵
27448,民间舞
27449,学童
27450,榨汁机
27451,代顿
27452,牦牛
27453,屯
27454,喇叭裤
27455,鸢
27456,验收
27457,李尔王
27458,奥利奥
27459,令郎
27460,牛蛙
27461,电唱机
27462,豺
27463,芦苇
27464,亲朋
27465,丁丁
27466,避雷针
27467,昆虫学
27468,伽马射线
27469,出车
27470,宛若
27471,蚝
27472,出租汽车
27473,托莱多
27474,祷文
27475,咀
27476,域名
27477,枝叶
27478,解说员
27479,公害
27480,结业
27481,廓
27482,辟邪
27483,山药
27484,土路
27485,笃
27486,黄道
27487,彷
27488,噌
27489,指法
27490,藿香
27491,夭
27492,轮值
27493,瘟
27494,癣
27495,巴尔扎克
27496,稽查
27497,小米
27498,菇
27499,叫花子
27500,里海
27501,弹坑
27502,跳级
27503,哐
27504,心志
27505,一揽子
27506,洋芋
27507,双边
27508,惧高症
27509,诘问
27510,水罐
27511,提灯
27512,侵吞
27513,上年
27514,失神
27515,顶针
27516,月票
27517,西医
27518,布尔什维克
27519,民航
27520,劳务
27521,万花筒
27522,讲义
27523,条幅
27524,大伯
27525,中饱私囊
27526,夏令时
27527,缓期
27528,叱
27529,大田
27530,炮台
27531,倦怠
27532,热带鱼
27533,盖茨比
27534,问诊
27535,轿子
27536,书目
27537,氢弹
27538,共振
27539,对打
27540,对数
27541,霞
27542,稠密
27543,山河
27544,画风
27545,苦命
27546,手球
27547,噜
27548,梗塞
27549,钓竿
27550,人人皆知
27551,氨基酸
27552,哆
27553,报章
27554,指示器
27555,电瓶
27556,盲肠
27557,笈
27558,住持
27559,廿
27560,滚筒
27561,杠铃
27562,哈哈大笑
27563,璧
27564,基站
27565,肥厚
27566,文学家
27567,花童
27568,骂街
27569,欲念
27570,被褥
27571,偏移
27572,选集
27573,活性炭
27574,浮雕
27575,桡骨
27576,食草动物
27577,老伯
27578,巴林
27579,依托
27580,懈怠
27581,配餐
27582,韵脚
27583,坦荡
27584,透镜
27585,美联社
27586,汗珠
27587,楼盘
27588,氩
27589,下线
27590,握拳
27591,置评
27592,消融
27593,热身赛
27594,寻呼机
27595,佛陀
27596,评级
27597,意象
27598,胸襟
27599,耗资
27600,乔叟
27601,日新月异
27602,豆角
27603,钢盔
27604,歇脚
27605,肃清
27606,生物碱
27607,重兵
27608,麻辣
27609,摒除
27610,罔
27611,穗
27612,零售店
27613,横流
27614,考文垂
27615,亲和
27616,情义
27617,健硕
27618,凭据
27619,青椒
27620,函授
27621,地地道道
27622,炮制
27623,竭诚
27624,镐
27625,石匠
27626,云杉
27627,分房
27628,车架
27629,塞纳河
27630,替班
27631,单相思
27632,蓄电池
27633,病源
27634,名录
27635,蹚
27636,逐年
27637,吸附
27638,出让
27639,劳苦
27640,里脊
27641,现款
27642,电容
27643,堆肥
27644,牙根
27645,羊膜
27646,长江
27647,燎原
27648,天宫
27649,应声
27650,变形虫
27651,遮羞布
27652,行政区
27653,上颌
27654,布告
27655,香菇
27656,椎间盘
27657,残羹
27658,营养师
27659,疆土
27660,大声疾呼
27661,伏兵
27662,准星
27663,骨膜
27664,负心
27665,起居
27666,话音
27667,过继
27668,五音
27669,中南部
27670,聪敏
27671,五脏
27672,三包
27673,精干
27674,栓剂
27675,古罗马
27676,业已
27677,居留权
27678,假手
27679,千亿
27680,声频
27681,载人
27682,欣欣向荣
27683,花圃
27684,禽
27685,印第安纳波利斯
27686,保护人
27687,疑问句
27688,表带
27689,深不可测
27690,卧铺
27691,双生
27692,扇形
27693,年限
27694,等离子体
27695,娄子
27696,杠子
27697,疮疤
27698,招魂
27699,考查
27700,花饰
27701,不三不四
27702,遮阳
27703,悲叹
27704,查办
27705,神经衰弱
27706,吃得开
27707,书稿
27708,古书
27709,宗师
27710,周报
27711,浑厚
27712,蛰伏
27713,泯
27714,仰头
27715,古文
27716,老城区
27717,封底
27718,卸任
27719,村姑
27720,乖戾
27721,柳条
27722,搜罗
27723,惊呼
27724,使团
27725,电吹风
27726,裁缝店
27727,唱法
27728,佳节
27729,屈尊
27730,天鹅湖
27731,螺纹
27732,缅
27733,极刑
27734,配药
27735,抚摩
27736,力学
27737,踉跄
27738,留职
27739,耳熟能详
27740,囚衣
27741,聚众
27742,苦不堪言
27743,肃然起敬
27744,转危为安
27745,极性
27746,不甘
27747,半身不遂
27748,孜
27749,援引
27750,贫寒
27751,湖南
27752,坏血病
27753,霜冻
27754,刚毅
27755,陋习
27756,气筒
27757,柠檬茶
27758,总量
27759,桃红
27760,下划线
27761,亭亭玉立
27762,诱奸
27763,幼女
27764,回暖
27765,省份
27766,东倒西歪
27767,败家子
27768,游逛
27769,榭
27770,风行
27771,牙垢
27772,粗制滥造
27773,官能
27774,守寡
27775,膛线
27776,草帽
27777,给水
27778,边际
27779,定婚
27780,自恃
27781,常青
27782,多面手
27783,砂砾
27784,忍辱负重
27785,误用
27786,自古以来
27787,无事生非
27788,细枝末节
27789,衣钵
27790,挂锁
27791,心路
27792,立国
27793,铁证如山
27794,掉价
27795,边界线
27796,惨白
27797,焦土
27798,打鱼
27799,眼帘
27800,家母
27801,雄鸡
27802,防御工事
27803,画卷
27804,面皮
27805,烹
27806,喷香
27807,酒壶
27808,学术界
27809,寥寥
27810,蜀葵
27811,绒布
27812,无以复加
27813,文科
27814,文莱
27815,吃紧
27816,番木瓜
27817,日月
27818,浑然不知
27819,神化
27820,弯弯
27821,按理
27822,磨炼
27823,制造业
27824,冷天
27825,恬
27826,请安
27827,工整
27828,淋漓
27829,江水
27830,骨科
27831,香醇
27832,误点
27833,因人而异
27834,直销
27835,买入
27836,丰腴
27837,旱
27838,仁义
27839,练就
27840,枝条
27841,竞争性
27842,贼窝
27843,准入
27844,上房
27845,大有作为
27846,回春
27847,邱吉尔
27848,臭氧
27849,蜕皮
27850,多方面
27851,兼任
27852,呔
27853,触摸屏
27854,口服
27855,当量
27856,孬
27857,艰
27858,探照灯
27859,威武
27860,雪中送炭
27861,皇位
27862,八月份
27863,求和
27864,寄放
27865,望尘莫及
27866,必要条件
27867,挑大梁
27868,综上所述
27869,辄
27870,白俄罗斯
27871,人迹罕至
27872,剜
27873,阿里巴巴
27874,石城
27875,体魄
27876,一盘散沙
27877,摩天楼
27878,接洽
27879,比重
27880,总线
27881,光能
27882,沙洲
27883,匣子
27884,球菌
27885,穹
27886,收服
27887,懵懂
27888,词藻
27889,举家
27890,水龙带
27891,各取所需
27892,罗索
27893,绺
27894,先遣队
27895,阿拉伯人
27896,吼声
27897,体恤衫
27898,拨云见日
27899,利己
27900,净水
27901,眼角膜
27902,须知
27903,不寒而栗
27904,效用
27905,太岁
27906,废寝忘食
27907,真个
27908,躁动
27909,审美观
27910,既有
27911,深浅
27912,猛扑
27913,外交家
27914,补牙
27915,不明不白
27916,生物钟
27917,鹊
27918,赐教
27919,发横财
27920,安于
27921,炯炯有神
27922,热情洋溢
27923,产道
27924,攫
27925,贴画
27926,炒菜
27927,开凿
27928,一般而言
27929,矫揉造作
27930,方才
27931,一窝蜂
27932,伺
27933,豪爽
27934,豪猪
27935,江湖骗子
27936,号召力
27937,中号
27938,迁居
27939,羊肉串
27940,脱氧
27941,债台高筑
27942,执笔
27943,方寸
27944,始料未及
27945,概述
27946,琐
27947,持之以恒
27948,解禁
27949,鏖战
27950,佳音
27951,划线
27952,气势汹汹
27953,仿效
27954,妙手回春
27955,金玉良言
27956,点射
27957,回头客
27958,中选
27959,活脱脱
27960,商贩
27961,换牙
27962,硬邦邦
27963,靡
27964,拒付
27965,时不再来
27966,经久不衰
27967,灵动
27968,代称
27969,判若两人
27970,交游
27971,六亲不认
27972,固守
27973,不灵
27974,逗趣
27975,口若悬河
27976,肃穆
27977,平均值
27978,小名
27979,白银
27980,圣手
27981,陈诉
27982,不免
27983,凌厉
27984,包罗万象
27985,分拣
27986,横竖
27987,伙同
27988,法国人
27989,赏钱
27990,位列
27991,露马脚
27992,俨然
27993,粗大
27994,养料
27995,打场
27996,脚注
27997,炉火纯青
27998,皱褶
27999,饕
28000,磕磕绊绊
28001,出港
28002,开快车
28003,远渡重洋
28004,广为
28005,孤陋寡闻
28006,女人家
28007,壮丁
28008,父老
28009,有说有笑
28010,光鲜
28011,账面
28012,催化
28013,适量
28014,公开化
28015,强占
28016,礼花
28017,哗哗
28018,文人
28019,笑纳
28020,不得要领
28021,唱对台戏
28022,出山
28023,挥泪
28024,街头巷尾
28025,定量
28026,鸣谢
28027,怯
28028,败落
28029,分外
28030,音带
28031,修身
28032,洪亮
28033,贮存
28034,梨树
28035,平心而论
28036,秉性
28037,旁若无人
28038,前生
28039,搭界
28040,返家
28041,影坛
28042,影业
28043,轻手轻脚
28044,哀怨
28045,大志
28046,风靡一时
28047,高不可攀
28048,说情
28049,沉湎
28050,尖刀
28051,心旷神怡
28052,喜新厌旧
28053,放空
28054,市镇
28055,人情债
28056,管委会
28057,能言善辩
28058,心花怒放
28059,定于
28060,乘风破浪
28061,丧钟
28062,阴阳怪气
28063,烟幕弹
28064,严明
28065,渡边
28066,食量
28067,衣饰
28068,一气之下
28069,白花花
28070,满盘皆输
28071,刺激性
28072,附录
28073,一口咬定
28074,旮旯
28075,只言片语
28076,逡
28077,惟妙惟肖
28078,夺魁
28079,好生
28080,殒命
28081,老谋深算
28082,云雾
28083,牟取暴利
28084,唉声叹气
28085,古时候
28086,浓重
28087,报偿
28088,局促不安
28089,效能
28090,好事多磨
28091,待业
28092,答非所问
28093,跨栏
28094,变速
28095,创立者
28096,开垦
28097,明珠
28098,建筑群
28099,牙痛
28100,特伦顿
28101,世风日下
28102,寿衣
28103,即日
28104,晨练
28105,版块
28106,五代
28107,寿终正寝
28108,密林
28109,话不投机
28110,主讲
28111,特效药
28112,相濡以沫
28113,巨著
28114,有效性
28115,簇拥
28116,生息
28117,扑鼻
28118,故弄玄虚
28119,学以致用
28120,局限性
28121,小数点
28122,篡权
28123,营养学
28124,不谋而合
28125,景气
28126,草菅人命
28127,等闲之辈
28128,反诉
28129,造价
28130,浩大
28131,红粉
28132,全线
28133,小老婆
28134,一拍即合
28135,柔嫩
28136,红星
28137,英名
28138,催眠曲
28139,事变
28140,百战百胜
28141,购买者
28142,充数
28143,烧香
28144,争抢
28145,香油
28146,鸡窝
28147,南城
28148,南侧
28149,海量
28150,解手
28151,照面
28152,何其
28153,威名
28154,瑰宝
28155,指挥棒
28156,事不宜迟
28157,公堂
28158,恒心
28159,写字楼
28160,国宴
28161,惦念
28162,应接不暇
28163,拔腿
28164,月末
28165,大腹便便
28166,归顺
28167,巧手
28168,水泄不通
28169,起用
28170,子系统
28171,勉为其难
28172,秽语
28173,作古
28174,粮票
28175,事假
28176,旁观者清
28177,老酒
28178,脊椎动物
28179,忙音
28180,百分之一百
28181,害人不浅
28182,慢性病
28183,磨光
28184,美不胜收
28185,学府
28186,应运而生
28187,穿针引线
28188,一则
28189,无悔
28190,安营扎寨
28191,接连不断
28192,东窗事发
28193,学好
28194,抢镜头
28195,泮
28196,单刀直入
28197,生意经
28198,高亢
28199,破釜沉舟
28200,逃难
28201,沆瀣一气
28202,学名
28203,偏狭
28204,笑里藏刀
28205,老态
28206,痛觉
28207,顺风耳
28208,卧病
28209,大后天
28210,成家立业
28211,僵化
28212,疆
28213,褒扬
28214,所以然
28215,妄自菲薄
28216,僻
28217,哼唱
28218,养尊处优
28219,毫秒
28220,铭
28221,干渴
28222,妄动
28223,一年四季
28224,余烬
28225,支支吾吾
28226,策反
28227,聪明反被聪明误
28228,得过且过
28229,杀价
28230,背书
28231,掩耳盗铃
28232,惩处
28233,波斯猫
28234,法治
28235,奇事
28236,焰
28237,余力
28238,流动性
28239,日方
28240,紫外
28241,一言一行
28242,不慌不忙
28243,过户
28244,假若
28245,推介
28246,一步登天
28247,械斗
28248,宣传画
28249,年轮
28250,毛毛雨
28251,耍猴
28252,黄花
28253,自顾不暇
28254,风口
28255,不期而遇
28256,再嫁
28257,湍急
28258,老汉
28259,倒挂
28260,远洋
28261,新政
28262,短兵相接
28263,入股
28264,风驰电掣
28265,卢瑟
28266,茉
28267,幼童
28268,祐
28269,族长
28270,梅斯
28271,霍格沃茨
28272,解码器
28273,维尔纽斯
28274,太后
28275,黑山
28276,布隆迪
28277,异能
28278,红花
28279,拉斐尔
28280,井上
28281,佐藤
28282,邱
28283,雷恩
28284,帆板
28285,锡安
28286,歌利亚
28287,铍
28288,文法
28289,莱姆
28290,少林
28291,跆
28292,加拉加斯
28293,瓦片
28294,邓迪
28295,熙
28296,逖
28297,联接
28298,杜比
28299,希律王
28300,汽艇
28301,巴克斯
28302,汲
28303,香榭丽舍
28304,马队
28305,泥炭
28306,野鸭
28307,殊
28308,兵马俑
28309,遥望
28310,册封
28311,叟
28312,海洛英
28313,格陵兰
28314,阿比
28315,传人
28316,哈萨克
28317,圆筒
28318,神功
28319,专列
28320,外海
28321,摄政王
28322,家宴
28323,红尘
28324,内政部长
28325,伦理学
28326,先驱者
28327,西拉
28328,陨星
28329,真主党
28330,并入
28331,蚕
28332,长崎
28333,课长
28334,柏树
28335,极光
28336,月食
28337,跑马
28338,蜡像馆
28339,扑救
28340,安特卫普
28341,忠臣
28342,堂吉诃德
28343,裕
28344,毕达哥拉斯
28345,捷克人
28346,骡
28347,手足之情
28348,正电子
28349,绦虫
28350,勃勃
28351,地滚球
28352,虾仁
28353,豚
28354,鹿肉
28355,德格
28356,麻黄素
28357,联机
28358,短剑
28359,马贼
28360,玻璃纸
28361,矿产
28362,撑杆跳
28363,巳
28364,俄克拉何马
28365,线轴
28366,海沟
28367,米高梅
28368,马克思主义
28369,篓
28370,上议院
28371,夜半
28372,磺胺
28373,履
28374,降水
28375,触礁
28376,圣火
28377,大熊猫
28378,速记员
28379,金箔
28380,险峻
28381,摄政
28382,霍金
28383,蜀
28384,衷
28385,哈雷彗星
28386,矿业
28387,铆钉
28388,奥古斯塔
28389,木琴
28390,支行
28391,咸菜
28392,受试者
28393,维京人
28394,传世
28395,伙食费
28396,支队
28397,人文
28398,诅
28399,姑父
28400,单口相声
28401,门神
28402,行长
28403,地租
28404,孽种
28405,扰动
28406,鬣
28407,油酸
28408,强硬派
28409,壮实
28410,险阻
28411,安第斯
28412,严冬
28413,菜市场
28414,气压计
28415,藻类
28416,愚昧无知
28417,会厌
28418,乒
28419,公顷
28420,水蜜桃
28421,卦
28422,奖券
28423,驯养
28424,急刹车
28425,粘连
28426,海螺
28427,莨菪
28428,上文
28429,推动力
28430,月历
28431,铭文
28432,精兵
28433,嚓
28434,余光
28435,弑父
28436,小豆
28437,待机
28438,差额
28439,外籍
28440,普查
28441,乘法
28442,安安
28443,祭礼
28444,暂定
28445,领海
28446,油光
28447,帽檐
28448,沉积物
28449,昌盛
28450,退避三舍
28451,馥
28452,个性化
28453,锄
28454,吊扇
28455,继电器
28456,原子核
28457,错字
28458,糊涂虫
28459,昊
28460,膊
28461,奥克拉荷马
28462,殉情
28463,会馆
28464,对子
28465,抢答
28466,艺术节
28467,边沿
28468,挂车
28469,艳丽
28470,蝉
28471,分贝
28472,断句
28473,包租
28474,百无聊赖
28475,赛会
28476,航天员
28477,菜豆
28478,梦游症
28479,菊苣
28480,王公
28481,慧星
28482,批文
28483,财路
28484,排除万难
28485,屏气
28486,万年
28487,矿藏
28488,玛莎拉蒂
28489,遏
28490,小苏打
28491,驭
28492,水化
28493,甘薯
28494,警察署
28495,奥斯维辛
28496,勃发
28497,验货
28498,憨
28499,狂想曲
28500,花季
28501,背光
28502,浮冰
28503,冷冻库
28504,观音
28505,植树
28506,本期
28507,航速
28508,篷车
28509,马镫
28510,总站
28511,宪兵队
28512,膈
28513,排挡
28514,织布
28515,命苦
28516,股份公司
28517,啤酒花
28518,揉搓
28519,褶子
28520,后缀
28521,静一静
28522,白沙
28523,摘取
28524,无记名
28525,鱼尾纹
28526,地砖
28527,视死如归
28528,锋芒毕露
28529,素来
28530,红血球
28531,吆
28532,愤愤不平
28533,成才
28534,舰载
28535,辖
28536,站长
28537,律政司
28538,汰
28539,凌空
28540,悲鸣
28541,贪恋
28542,位移
28543,引流
28544,近郊
28545,奸淫
28546,碧绿
28547,涯
28548,长驱直入
28549,险胜
28550,巫山
28551,牛皮癣
28552,里氏
28553,恒
28554,云游
28555,双打
28556,荼毒
28557,踱
28558,黑管
28559,氯化钠
28560,乞力马扎罗山
28561,墓志铭
28562,远征军
28563,盘尼西林
28564,肉瘤
28565,喳
28566,半圆
28567,捐资
28568,众志成城
28569,头角
28570,路基
28571,菜色
28572,病征
28573,魂牵梦萦
28574,正步
28575,烧杯
28576,斥
28577,债款
28578,球馆
28579,底限
28580,反对党
28581,息肉
28582,退潮
28583,万里无云
28584,提速
28585,竹林
28586,赔不是
28587,寄居蟹
28588,带兵
28589,酚酞
28590,外骨骼
28591,恒河
28592,竞猜
28593,的黎波里
28594,搔痒
28595,调制解调器
28596,衰变
28597,德国人
28598,死灰复燃
28599,排长
28600,异状
28601,有福
28602,年报
28603,臻
28604,评述
28605,逻辑学
28606,扒开
28607,牧草
28608,靠山
28609,痛骂
28610,破格
28611,收复
28612,成规
28613,怪杰
28614,钹
28615,危害性
28616,进度表
28617,胸椎
28618,胰腺炎
28619,演算
28620,酸菜
28621,杂役
28622,双学位
28623,萨博
28624,交响
28625,生产总值
28626,正规军
28627,乘务
28628,独断专行
28629,慢条斯理
28630,和面
28631,坦言
28632,脑瘫
28633,烙铁
28634,盈余
28635,另起炉灶
28636,朋克
28637,招兵买马
28638,钢锯
28639,查抄
28640,仰卧
28641,留影
28642,发式
28643,原动力
28644,设宴
28645,抒
28646,不外乎
28647,礼拜日
28648,战略家
28649,换挡
28650,仰视
28651,谋略
28652,商贸
28653,骤雨
28654,榛
28655,下酒
28656,阑
28657,萎靡不振
28658,炎炎
28659,钢材
28660,苏伊士
28661,万籁俱寂
28662,汗腺
28663,魔窟
28664,披荆斩棘
28665,后脚
28666,冰点
28667,根茎
28668,染发剂
28669,有赖于
28670,攻击力
28671,飘然
28672,生产力
28673,柔情似水
28674,圣战
28675,比比皆是
28676,回流
28677,牵动
28678,普鲁斯特
28679,出家
28680,经销
28681,风风火火
28682,凹凸
28683,日场
28684,悠扬
28685,羟基
28686,货摊
28687,半边天
28688,试射
28689,首次
28690,新罕布什尔
28691,债权人
28692,生长激素
28693,夕阳西下
28694,雨露
28695,驻留
28696,热力学
28697,各样
28698,恶斗
28699,蕨
28700,楔子
28701,青鱼
28702,边疆
28703,喉头
28704,中间商
28705,惊人之举
28706,挥金如土
28707,益智
28708,相关性
28709,蛾子
28710,肉末
28711,放毒
28712,名句
28713,纠察
28714,一席话
28715,均分
28716,电炉
28717,深入人心
28718,时势
28719,盗汗
28720,纸醉金迷
28721,堆砌
28722,统筹
28723,出题
28724,长条
28725,熟记
28726,一见倾心
28727,徒有虚名
28728,归纳
28729,滚珠
28730,棉被
28731,犹疑
28732,采光
28733,参加者
28734,臭骂
28735,煤灰
28736,世交
28737,稳扎稳打
28738,灯管
28739,史实
28740,特等
28741,莺
28742,旅游业
28743,远近
28744,瓦利
28745,照直
28746,际遇
28747,攀越
28748,歌厅
28749,簧
28750,删节
28751,枕套
28752,政治化
28753,痤疮
28754,疆域
28755,责令
28756,诡
28757,泪光
28758,不辞劳苦
28759,氖
28760,良策
28761,味精
28762,荔枝
28763,荨
28764,遣散费
28765,颓
28766,河面
28767,秘而不宣
28768,图示
28769,快手
28770,垂钓
28771,生离死别
28772,留学生
28773,财神
28774,结痂
28775,熟客
28776,吉隆坡
28777,坚韧不拔
28778,急不可耐
28779,感召
28780,柚木
28781,选修课
28782,奶罩
28783,扯皮
28784,格林尼治
28785,迷途知返
28786,耐人寻味
28787,年假
28788,攻防
28789,泥沙
28790,夜深人静
28791,花拳
28792,马丁尼
28793,远郊
28794,词条
28795,黄石
28796,辅音
28797,事必躬亲
28798,杯水车薪
28799,弱化
28800,活结
28801,征婚
28802,千古
28803,疏导
28804,拐卖
28805,随笔
28806,珍重
28807,胡涂
28808,脚蹼
28809,童心
28810,铁棒
28811,率真
28812,荟
28813,甲醇
28814,大将军
28815,大行其道
28816,水力
28817,杀气
28818,干涩
28819,故地重游
28820,衣食住行
28821,盒带
28822,糖蜜
28823,软硬兼施
28824,崩裂
28825,企求
28826,每每
28827,古兰经
28828,横截面
28829,南安
28830,沦丧
28831,露珠
28832,作用力
28833,轴线
28834,爆炸力
28835,疑凶
28836,个人赛
28837,褥
28838,学艺
28839,美誉
28840,声学
28841,教育家
28842,人均
28843,单簧管
28844,编译
28845,茅塞顿开
28846,如法炮制
28847,外币
28848,介词
28849,小觑
28850,发明人
28851,分布图
28852,剧变
28853,宗派
28854,犬马之劳
28855,阳间
28856,剧增
28857,双刃剑
28858,大干
28859,注脚
28860,连轴转
28861,集成
28862,冤家对头
28863,顾不得
28864,联通
28865,苍蝇拍
28866,外用
28867,安多
28868,吊钩
28869,悲恸
28870,八面玲珑
28871,来路
28872,精确度
28873,外文
28874,供求
28875,怠
28876,吉田
28877,斜面
28878,列强
28879,中华
28880,卸妆
28881,一星半点
28882,春游
28883,往复
28884,封皮
28885,吃官司
28886,高性能
28887,历代
28888,沙发床
28889,交班
28890,人多势众
28891,设在
28892,发源
28893,门子
28894,身体力行
28895,素昧平生
28896,先验
28897,确证
28898,拗口
28899,扶摇直上
28900,歧
28901,加宽
28902,鼻窦炎
28903,明斯克
28904,赶早
28905,仰赖
28906,情话
28907,赶忙
28908,与世无争
28909,铲车
28910,廉洁
28911,要件
28912,并拢
28913,塔尖
28914,内向
28915,下装
28916,瘦肉
28917,白肉
28918,供应品
28919,缘于
28920,子嗣
28921,剪草机
28922,弄虚作假
28923,新生代
28924,感恩戴德
28925,槐
28926,眼巴巴
28927,济济一堂
28928,综合性
28929,大饼
28930,回味无穷
28931,博大
28932,重启
28933,一技之长
28934,屡见不鲜
28935,气恼
28936,红树林
28937,治本
28938,来路不明
28939,柠檬酸
28940,羡
28941,养护
28942,配有
28943,瞻
28944,耳濡目染
28945,防盗门
28946,谦让
28947,脚气
28948,宣示
28949,迷惑不解
28950,译文
28951,抵债
28952,广义
28953,壮年
28954,毅然
28955,雄壮
28956,劳碌
28957,抽调
28958,闭幕
28959,飘散
28960,脏器
28961,颠倒黑白
28962,目眩
28963,血水
28964,估测
28965,卖出
28966,折寿
28967,重温旧梦
28968,御寒
28969,纸老虎
28970,打散
28971,马到成功
28972,士力架
28973,不法分子
28974,转调
28975,牵头
28976,鬼斧神工
28977,火上加油
28978,给定
28979,映衬
28980,下半年
28981,斗智
28982,言传
28983,寒毛
28984,雷霆
28985,手痒
28986,草本
28987,蓬头垢面
28988,幽静
28989,运输船
28990,霸权
28991,贪生怕死
28992,奔逃
28993,把子
28994,紧箍咒
28995,绿化
28996,走马上任
28997,驱动力
28998,名菜
28999,逐客令
29000,常温
29001,胆大妄为
29002,字数
29003,落座
29004,漫无边际
29005,辍
29006,喉舌
29007,讲解员
29008,肺腑之言
29009,风尘
29010,乔装打扮
29011,黑话
29012,铺垫
29013,硌
29014,人中
29015,分水岭
29016,诈死
29017,诈欺
29018,自省
29019,天寒地冻
29020,史书
29021,首富
29022,雪亮
29023,狼疮
29024,偿付
29025,狭路相逢
29026,焦炭
29027,彪形大汉
29028,粟
29029,显要
29030,鱼刺
29031,必修课
29032,责无旁贷
29033,肉感
29034,灯红酒绿
29035,把舵
29036,丛书
29037,稻
29038,顽
29039,炒股
29040,目镜
29041,盛况
29042,蓉
29043,捐躯
29044,电眼
29045,悬空
29046,特许权
29047,电疗
29048,薄情
29049,竣工
29050,踏踏实实
29051,投桃报李
29052,辩证
29053,乙炔
29054,硬干
29055,古拉格
29056,荣华富贵
29057,硬度
29058,勤勉
29059,舍身
29060,风华正茂
29061,游人
29062,攻心
29063,开发区
29064,轰击
29065,摈弃
29066,意识流
29067,束之高阁
29068,立下
29069,先决条件
29070,满天星
29071,出言
29072,通宵达旦
29073,无可置疑
29074,伪科学
29075,雾蒙蒙
29076,治病救人
29077,科学史
29078,萍水相逢
29079,挥汗如雨
29080,抽样
29081,班加罗尔
29082,平底
29083,仓皇
29084,圆润
29085,圆梦
29086,扩大化
29087,腌制
29088,木讷
29089,园地
29090,跋山涉水
29091,可乘之机
29092,平缓
29093,太极拳
29094,榴霰弹
29095,怡然自得
29096,石蜡
29097,暮色
29098,虚空
29099,密报
29100,荣归
29101,邮政编码
29102,批斗
29103,抬杠
29104,鳕
29105,风餐露宿
29106,万贯
29107,造纸
29108,警讯
29109,拉比
29110,映照
29111,嘴快
29112,鼻祖
29113,读法
29114,风口浪尖
29115,合演
29116,难能可贵
29117,全文
29118,英姿
29119,一锤定音
29120,不可逾越
29121,痛改前非
29122,主业
29123,答话
29124,承继
29125,鲜亮
29126,触景生情
29127,上品
29128,直来直去
29129,绝育
29130,四人帮
29131,老花镜
29132,鉴赏家
29133,工期
29134,心悦诚服
29135,罄
29136,反目
29137,不可一世
29138,巨匠
29139,否决权
29140,窘
29141,叶片
29142,故去
29143,标点符号
29144,不懂装懂
29145,登月
29146,便鞋
29147,人去楼空
29148,蜕
29149,神气活现
29150,慢镜头
29151,潜移默化
29152,调控
29153,歹毒
29154,有名无实
29155,土特产
29156,账簿
29157,调理
29158,善用
29159,短小精悍
29160,待人接物
29161,真传
29162,名不副实
29163,葡萄藤
29164,殊途同归
29165,国教
29166,如雷贯耳
29167,裤管
29168,深谷
29169,升旗
29170,拔高
29171,干瞪眼
29172,公愤
29173,海枯石烂
29174,见世面
29175,拆解
29176,道白
29177,物竞天择
29178,环卫
29179,冒号
29180,冷餐
29181,依依不舍
29182,里维埃拉
29183,三宝
29184,止息
29185,黄疸
29186,预习
29187,入时
29188,工薪阶层
29189,咄
29190,分门别类
29191,决策者
29192,喜马拉雅
29193,求学
29194,有余
29195,铜锣
29196,群雄
29197,妨
29198,磨刀
29199,呱呱
29200,部属
29201,薄脆
29202,躲雨
29203,对称性
29204,电离
29205,渐进
29206,花冠
29207,类推
29208,整改
29209,水饺
29210,脑汁
29211,皮包公司
29212,化脓
29213,赫然
29214,旅费
29215,高发
29216,旧地重游
29217,生财
29218,价廉物美
29219,混淆视听
29220,冷飕飕
29221,居委会
29222,浮云
29223,同路
29224,同辈
29225,乡里
29226,悠然
29227,相似性
29228,顷刻间
29229,增生
29230,举目无亲
29231,散乱
29232,先睹为快
29233,淡漠
29234,居中
29235,病状
29236,本金
29237,犯愁
29238,密密麻麻
29239,观感
29240,民居
29241,斐然
29242,美索不达米亚
29243,爱美
29244,塞牙
29245,同义
29246,水缸
29247,弥散
29248,得空
29249,鬣狗
29250,淡季
29251,紫外光
29252,镀金
29253,慢慢吞吞
29254,一笑置之
29255,总值
29256,办公厅
29257,审判员
29258,考勤
29259,唇枪舌剑
29260,更有甚者
29261,光秃秃
29262,受惠
29263,赤条条
29264,见方
29265,声息
29266,精装
29267,千变万化
29268,百思不得其解
29269,晚辈
29270,就义
29271,话中有话
29272,泥坑
29273,寄送
29274,茶匙
29275,泉涌
29276,省力
29277,罹难
29278,扫视
29279,催眠药
29280,不依不饶
29281,忙乎
29282,推托
29283,慌忙
29284,挖空心思
29285,提货
29286,欠条
29287,顺延
29288,笠
29289,娟
29290,克劳福德
29291,纽卡斯尔
29292,绢
29293,日军
29294,布里斯托尔
29295,布谷
29296,迪伦
29297,鬼火
29298,凯歌
29299,铉
29300,台北
29301,贞德
29302,宇航
29303,蜂房
29304,桐
29305,塞族
29306,顺子
29307,埃米尔
29308,气闸
29309,屿
29310,卡拉奇
29311,鞑靼
29312,蟠
29313,费利克斯
29314,疽
29315,水原
29316,骏
29317,堀
29318,螨
29319,东亚
29320,金日成
29321,娥
29322,大英
29323,擂
29324,吸热
29325,楠
29326,安培
29327,衙门
29328,尉
29329,私房
29330,喀嚓
29331,岐
29332,埃文斯
29333,流行语
29334,力图
29335,皇太子
29336,莱姆病
29337,米罗
29338,蜉蝣
29339,即席
29340,凄
29341,斯芬克斯
29342,仰光
29343,书库
29344,厅长
29345,政府军
29346,大哥大
29347,围棋
29348,明镜
29349,拳法
29350,托勒密
29351,锶
29352,蜂群
29353,地幔
29354,亚里斯多德
29355,提法
29356,戈尔巴乔夫
29357,西塞罗
29358,弓形
29359,坎特伯雷
29360,基尔
29361,秋田
29362,琵琶
29363,绪
29364,灿
29365,封顶
29366,读后感
29367,青木
29368,老公公
29369,奥丁
29370,阿亚图拉
29371,海獭
29372,泛舟
29373,汤加
29374,阿拉斯
29375,吉卜赛人
29376,女娃
29377,参拜
29378,新斯科舍
29379,法航
29380,早衰
29381,腰身
29382,托皮卡
29383,象鼻虫
29384,荧
29385,灵柩
29386,素数
29387,睾
29388,哥白尼
29389,里子
29390,钻心
29391,施乐
29392,邦联
29393,松本
29394,翠绿
29395,原生
29396,东京湾
29397,萘
29398,气胸
29399,题词
29400,省略号
29401,轮辐
29402,黄金分割
29403,进贡
29404,凯里
29405,出兵
29406,涂改
29407,金东
29408,伊藤
29409,弗里曼
29410,帕特丽夏
29411,脯
29412,军号
29413,教育学
29414,雍容
29415,剑齿虎
29416,馀
29417,漠
29418,木块
29419,坑道
29420,侠客
29421,展馆
29422,健美操
29423,脑室
29424,马莎
29425,画眉
29426,松紧带
29427,戚
29428,结核
29429,轮机
29430,重犯
29431,嫩芽
29432,古生物学家
29433,麻风
29434,保藏
29435,辛迪加
29436,胫
29437,包饭
29438,哀思
29439,碳酸钙
29440,嗡
29441,转氨酶
29442,睦
29443,正极
29444,林木
29445,硬壳
29446,夜场
29447,鳃
29448,呈报
29449,孔子
29450,提箱
29451,拉夫
29452,烧瓶
29453,助学金
29454,竹筒
29455,枣
29456,琴键
29457,费卢杰
29458,天竺葵
29459,粪肥
29460,复核
29461,螫
29462,电传
29463,阿基米德
29464,防波堤
29465,领奖台
29466,作践
29467,雁
29468,式子
29469,铜管
29470,推拿
29471,岗亭
29472,供品
29473,触须
29474,觐
29475,笑纹
29476,缝补
29477,长沙
29478,禀告
29479,连接器
29480,胸章
29481,属地
29482,织布机
29483,磺
29484,技法
29485,龙套
29486,挺立
29487,宝塔
29488,电镀
29489,福冈
29490,水蒸气
29491,临摹
29492,音波
29493,砂石
29494,横线
29495,委员长
29496,鸥
29497,报效
29498,弑
29499,开司米
29500,飘零
29501,文豪
29502,摩天大厦
29503,表达式
29504,菜花
29505,口试
29506,盲区
29507,圆周
29508,红土
29509,遵行
29510,掰掰
29511,遗传物质
29512,东汉
29513,堂哥
29514,基座
29515,军饷
29516,司法权
29517,截瘫
29518,前瞻性
29519,冷藏箱
29520,禁军
29521,笔画
29522,花房
29523,黄种
29524,词根
29525,无缝
29526,天荒地老
29527,贝宁
29528,氡
29529,哈欠
29530,四大
29531,锹
29532,跶
29533,威廉斯堡
29534,武汉
29535,沙暴
29536,同乡
29537,接地
29538,声援
29539,品茶
29540,泉源
29541,调查表
29542,忘情
29543,谦和
29544,什叶
29545,豆瓣
29546,化学系
29547,角球
29548,期权
29549,氟利昂
29550,喧
29551,电信局
29552,万金油
29553,伺服
29554,删减
29555,发病率
29556,素有
29557,佳期
29558,留话
29559,封装
29560,内人
29561,跪拜
29562,阿尔及利亚人
29563,盆景
29564,科比
29565,佳偶
29566,鸿运
29567,刮胡刀
29568,古往今来
29569,速效
29570,樵夫
29571,圣代
29572,教职员
29573,校样
29574,受限
29575,反串
29576,交换机
29577,山沟
29578,锅盖
29579,履历表
29580,星相
29581,诀
29582,阴历
29583,违约金
29584,剧照
29585,乙醚
29586,电鳗
29587,居心不良
29588,公制
29589,冰沙
29590,海陆空
29591,酸甜苦辣
29592,蹋
29593,遥遥
29594,恶运
29595,纪念章
29596,五花肉
29597,亚拉巴马州
29598,有机化学
29599,自治区
29600,金奖
29601,光怪陆离
29602,电子眼
29603,棱镜
29604,俞
29605,阿联酋
29606,统制
29607,打胎
29608,水上飞机
29609,马耳他
29610,药学
29611,元勋
29612,教务长
29613,战船
29614,晶莹
29615,曲柄
29616,挂历
29617,茅房
29618,牙关
29619,合家
29620,江河
29621,便笺
29622,万般
29623,泪汪汪
29624,下城区
29625,电动机
29626,磁共振
29627,矩形
29628,欠账
29629,惟利是图
29630,军训
29631,闪电战
29632,振兴
29633,候诊
29634,玩花招
29635,拉拉扯扯
29636,愧对
29637,暖气片
29638,楝
29639,国事
29640,战国
29641,老江湖
29642,顶灯
29643,入籍
29644,高架桥
29645,拨动
29646,恒温器
29647,劳教
29648,探明
29649,入世
29650,疾风
29651,营业员
29652,花坛
29653,绑票
29654,有滋有味
29655,殴斗
29656,红薯
29657,土语
29658,文集
29659,高压氧
29660,牧民
29661,良种
29662,政务
29663,耦合
29664,芥蒂
29665,纾
29666,伯尔尼
29667,布朗尼
29668,杀头
29669,任意球
29670,堤坝
29671,巴利
29672,粮草
29673,顺境
29674,让座
29675,血红素
29676,房舍
29677,大件
29678,音响效果
29679,言而有信
29680,外事
29681,本末倒置
29682,套裤
29683,对齐
29684,看押
29685,查禁
29686,户籍
29687,吟诵
29688,医大
29689,蒙太奇
29690,蛋清
29691,长方形
29692,消食
29693,珠光宝气
29694,改革者
29695,适配器
29696,降服
29697,中古
29698,体贴入微
29699,娇弱
29700,滞
29701,癌变
29702,油滑
29703,续订
29704,惹不起
29705,滋补
29706,离散
29707,中继
29708,用膳
29709,下作
29710,仰泳
29711,证婚
29712,斩钉截铁
29713,对答
29714,蝼蚁
29715,娇贵
29716,科室
29717,人仰马翻
29718,中考
29719,德都
29720,钢条
29721,侦察员
29722,佛经
29723,阅兵式
29724,肱骨
29725,座次
29726,对流
29727,外露
29728,气度
29729,闹哄哄
29730,旁遮普
29731,枝节
29732,呢喃
29733,麻黄
29734,编撰
29735,大气压
29736,追思
29737,利尿剂
29738,仙乐
29739,顶叶
29740,寂寥
29741,鱼贩
29742,翼龙
29743,能歌善舞
29744,吝惜
29745,粒细胞
29746,回游
29747,卖国
29748,电解
29749,回眸
29750,灭菌
29751,报考
29752,图坦卡门
29753,回笼
29754,关键字
29755,字头
29756,偌大
29757,搭伴
29758,惰性
29759,锰
29760,级数
29761,圭亚那
29762,动量
29763,一般性
29764,四环素
29765,恶疾
29766,曼联
29767,牧童
29768,合奏
29769,唰
29770,狼狗
29771,裙带关系
29772,侦缉
29773,恫吓
29774,场次
29775,萌生
29776,为时
29777,筏
29778,罢免
29779,汽化
29780,麦麸
29781,首位
29782,神采飞扬
29783,老资格
29784,鳗
29785,心音
29786,会社
29787,木管乐器
29788,闲适
29789,万里长城
29790,宙
29791,宏观
29792,悔过书
29793,改组
29794,住校
29795,珠峰
29796,冷枪
29797,船舷
29798,路易威登
29799,路向
29800,焊工
29801,竞走
29802,存量
29803,起重
29804,加湿器
29805,应允
29806,整齐划一
29807,附属物
29808,电容器
29809,毁损
29810,挂失
29811,百听不厌
29812,嗓
29813,实证
29814,从严
29815,冷不丁
29816,河内
29817,打官腔
29818,坚冰
29819,英特尔
29820,微观
29821,海产
29822,橙红色
29823,全称
29824,河川
29825,清真
29826,军事学
29827,篡位
29828,闻名遐迩
29829,债权
29830,碱性
29831,欠妥
29832,军费
29833,乐不可支
29834,禀报
29835,写意
29836,合资
29837,静寂
29838,布衣
29839,全貌
29840,咏叹调
29841,万民
29842,乳香
29843,脚脖子
29844,广角
29845,专项
29846,颌
29847,收录机
29848,打入冷宫
29849,樟脑
29850,公婆
29851,畏缩不前
29852,调笑
29853,丑角
29854,肥硕
29855,拔除
29856,男中音
29857,滞纳金
29858,顶盖
29859,骄阳
29860,衬裙
29861,发展商
29862,长龙
29863,还账
29864,有喜
29865,预后
29866,学籍
29867,气垫船
29868,序言
29869,中路
29870,拨冗
29871,西餐
29872,围剿
29873,离心力
29874,抽丝
29875,暴晒
29876,参展
29877,赌咒
29878,糊糊
29879,暴烈
29880,胖嘟嘟
29881,骨质疏松症
29882,水量
29883,高产
29884,马兰
29885,国内外
29886,美杜莎
29887,衣锦还乡
29888,腰子
29889,光缆
29890,光电
29891,增殖
29892,盘踞
29893,越位
29894,恍
29895,透明度
29896,振荡器
29897,花菜
29898,土木
29899,诓
29900,病恹恹
29901,胎动
29902,陈述句
29903,阿伯丁
29904,沙尘
29905,坡度
29906,收拢
29907,水渠
29908,未果
29909,推导
29910,支那
29911,求解
29912,滑车
29913,斟酒
29914,吹号
29915,摇摇摆摆
29916,独当一面
29917,托拉斯
29918,地头蛇
29919,展位
29920,专营
29921,听写
29922,新派
29923,随机性
29924,倜
29925,海德公园
29926,测绘
29927,分裂主义
29928,刮刀
29929,壑
29930,翘首以待
29931,蠢笨
29932,鼎立
29933,承租人
29934,大城市
29935,恭贺
29936,外向
29937,介质
29938,对比度
29939,注资
29940,猛将
29941,醋栗
29942,欢腾
29943,依存
29944,摇旗呐喊
29945,打圆场
29946,登革热
29947,醋意
29948,拨浪鼓
29949,书会
29950,人民币
29951,半生不熟
29952,多心
29953,冰片
29954,烦忧
29955,大洲
29956,对证
29957,吞云吐雾
29958,对角
29959,妻室
29960,不一会
29961,闲言闲语
29962,大前天
29963,联袂
29964,斜边
29965,封套
29966,谬误
29967,离任
29968,着力
29969,喜笑颜开
29970,印刷品
29971,一应俱全
29972,退居二线
29973,到货
29974,购得
29975,电源线
29976,回顾展
29977,中土
29978,经不住
29979,苍穹
29980,任劳任怨
29981,德干
29982,铩羽而归
29983,中叶
29984,屠戮
29985,一饱眼福
29986,奠基石
29987,旋涡
29988,间谍网
29989,种花
29990,自高自大
29991,远近闻名
29992,赶车
29993,一反常态
29994,苯环
29995,解惑
29996,引以为戒
29997,祸事
29998,大器
29999,歪打正着
30000,心领神会
30001,聚齐
30002,方向性
30003,笑嘻嘻
30004,撒腿
30005,评说
30006,动脉硬化
30007,解馋
30008,利欲熏心
30009,机动性
30010,稀粥
30011,毛色
30012,络腮胡子
30013,糯米
30014,斜塔
30015,再审
30016,聚积
30017,用法
30018,约旦河
30019,九死一生
30020,傲视
30021,改朝换代
30022,遭遇战
30023,一把抓
30024,丧家之犬
30025,可望而不可及
30026,佛得角
30027,客座教授
30028,自行其是
30029,跃进
30030,改革派
30031,粗活
30032,恙
30033,烦琐
30034,瓜果
30035,差价
30036,辞藻
30037,殃
30038,大跌
30039,不料
30040,小写
30041,可欺
30042,气动
30043,咬合
30044,阳关
30045,不拘
30046,酸溜溜
30047,查获
30048,肉搏战
30049,坐定
30050,降雨量
30051,可望
30052,精神性
30053,坐席
30054,重地
30055,八成
30056,端详
30057,重压
30058,以期
30059,识趣
30060,达尔富尔
30061,福林
30062,重影
30063,减法
30064,拦劫
30065,对垒
30066,不外
30067,好气
30068,观览
30069,情愫
30070,半信半疑
30071,光柱
30072,知名人士
30073,气焰
30074,保费
30075,配戴
30076,闹笑话
30077,优于
30078,群龙无首
30079,慢行
30080,邮政局
30081,治罪
30082,纤弱
30083,多如牛毛
30084,打假
30085,抵偿
30086,热火朝天
30087,抓阄
30088,勉勉强强
30089,笑面虎
30090,如狼似虎
30091,哗然
30092,小家子气
30093,飞涨
30094,血口
30095,广度
30096,呵斥
30097,幼时
30098,客运
30099,梯级
30100,垫脚
30101,恣意妄为
30102,边陲
30103,促膝谈心
30104,催命
30105,奇谈
30106,赔本
30107,退色
30108,弊病
30109,夸口
30110,假面具
30111,卧薪尝胆
30112,山岭
30113,蛙人
30114,市容
30115,落潮
30116,分包
30117,食盐
30118,套用
30119,伊始
30120,痛心疾首
30121,千头万绪
30122,酷暑
30123,心窍
30124,隐没
30125,搭伙
30126,市侩
30127,寒气
30128,有气无力
30129,自然主义
30130,苦于
30131,胶合板
30132,敬启
30133,不白之冤
30134,幽雅
30135,酣畅淋漓
30136,苦笑
30137,沸水
30138,分立
30139,分管
30140,丧偶
30141,自费
30142,榴
30143,多功能
30144,晶体管
30145,自愧不如
30146,怜爱
30147,金融界
30148,中国式
30149,怒发冲冠
30150,痱子
30151,圣像
30152,蹬腿
30153,满面春风
30154,放浪形骸
30155,括
30156,自给
30157,雅观
30158,套筒
30159,有惊无险
30160,流线型
30161,鼻头
30162,败兴
30163,奉送
30164,传染源
30165,雕花
30166,敛财
30167,襄
30168,七窍
30169,契诃夫
30170,垛
30171,吉日
30172,桎梏
30173,受气包
30174,迷蒙
30175,放养
30176,滥竽充数
30177,不可估量
30178,克扣
30179,立竿见影
30180,耐热
30181,集思广益
30182,反目成仇
30183,滕
30184,狗血喷头
30185,唯唯诺诺
30186,为着
30187,做活
30188,血衣
30189,党羽
30190,低垂
30191,铁公鸡
30192,英气
30193,不含糊
30194,转瞬
30195,丑态
30196,东西方
30197,画幅
30198,谱曲
30199,髁
30200,洞房花烛
30201,忾
30202,定心丸
30203,庸庸碌碌
30204,会同
30205,面世
30206,遗孤
30207,酒家
30208,会师
30209,出访
30210,文采
30211,迎击
30212,地区性
30213,低血压
30214,市场经济
30215,环城
30216,家什
30217,受潮
30218,感化院
30219,泛起
30220,民法
30221,飘舞
30222,阴差阳错
30223,夜大
30224,船舶
30225,版画
30226,光谱仪
30227,佐证
30228,寡言
30229,前仆后继
30230,溢于言表
30231,仪容
30232,寻短见
30233,不置可否
30234,怂
30235,冒进
30236,盛赞
30237,防不胜防
30238,锑
30239,软骨病
30240,摈
30241,宴请
30242,忌惮
30243,物主
30244,乍得
30245,开拔
30246,千刀万剐
30247,嗖嗖
30248,不攻自破
30249,照抄
30250,专案
30251,教职员工
30252,坯子
30253,朝三暮四
30254,乳猪
30255,贸
30256,泪珠
30257,提纯
30258,延年益寿
30259,回天乏术
30260,熵
30261,时隐时现
30262,大刀阔斧
30263,蒙冤
30264,捉襟见肘
30265,余味
30266,福布斯
30267,有意无意
30268,姗姗来迟
30269,海口
30270,无产阶级
30271,致癌物
30272,方子
30273,努比亚
30274,上刑
30275,谀
30276,非此即彼
30277,怕羞
30278,甚或
30279,怨声载道
30280,上书
30281,权威性
30282,基业
30283,失算
30284,碰钉子
30285,拘礼
30286,连天
30287,等价
30288,上坡路
30289,事由
30290,准予
30291,暴发
30292,朝气蓬勃
30293,基数
30294,反差
30295,万念俱灰
30296,发慌
30297,先知先觉
30298,柑
30299,不辞辛苦
30300,威斯康辛
30301,没脸
30302,惊弓之鸟
30303,月初
30304,公休
30305,回条
30306,开锅
30307,行将
30308,礼金
30309,鹏
30310,女流
30311,原址
30312,环抱
30313,一念之差
30314,道喜
30315,常任
30316,国际级
30317,七月份
30318,嘶哑
30319,安歇
30320,致残
30321,神通
30322,脸形
30323,跋扈
30324,施肥
30325,哀叹
30326,磕头
30327,神龛
30328,发梢
30329,恸
30330,救灾
30331,领巾
30332,回马枪
30333,哄堂大笑
30334,火山岩
30335,花枪
30336,热水瓶
30337,千瓦
30338,报时
30339,扁桃腺
30340,胃炎
30341,侧耳
30342,客气话
30343,无不
30344,围坐
30345,围嘴
30346,贯通
30347,暴利
30348,暴风骤雨
30349,花会
30350,寄售
30351,美事
30352,蒸笼
30353,妙趣横生
30354,类人猿
30355,族谱
30356,盘缠
30357,寨
30358,不减当年
30359,皇军
30360,求知
30361,葡
30362,探囊取物
30363,白衣天使
30364,一元
30365,工业化
30366,厉
30367,无机
30368,见闻
30369,几何级数
30370,越级
30371,日光灯
30372,晴空万里
30373,寓
30374,投中
30375,遛弯
30376,鸟鸣
30377,任重道远
30378,反扑
30379,硅石
30380,野炊
30381,防毒
30382,借阅
30383,狭长
30384,高徒
30385,满处
30386,艰难险阻
30387,干裂
30388,说不上
30389,满城
30390,整地
30391,东奔西走
30392,荒诞不经
30393,偶然性
30394,寡不敌众
30395,表征
30396,植皮
30397,胡吹
30398,亏心事
30399,知难而退
30400,教鞭
30401,丰饶
30402,黑色素
30403,痛惜
30404,强弱
30405,同桌
30406,生出
30407,嫉恨
30408,潦草
30409,同房
30410,超额
30411,醇厚
30412,弯弯曲曲
30413,弧形
30414,乐事
30415,磷光
30416,悄声
30417,大大咧咧
30418,风土人情
30419,望见
30420,明哲保身
30421,良久
30422,欲速则不达
30423,合不拢嘴
30424,派生
30425,澄
30426,厮打
30427,怪僻
30428,日照
30429,泥瓦匠
30430,礼尚往来
30431,水生
30432,土层
30433,禾
30434,脱销
30435,寒流
30436,杂务
30437,颇具
30438,教具
30439,弥足珍贵
30440,鼠目寸光
30441,强攻
30442,奉公守法
30443,题名
30444,恋家
30445,邮资
30446,麦哲伦
30447,无量
30448,火舌
30449,家用电器
30450,爱面子
30451,含情脉脉
30452,卡特尔
30453,内乱
30454,授命
30455,相接
30456,精虫
30457,前所未闻
30458,疑团
30459,竹篮
30460,一穷二白
30461,远房
30462,相劝
30463,留一手
30464,冰球场
30465,迎面而来
30466,试问
30467,听任
30468,罗勒
30469,征调
30470,谓
30471,听凭
30472,乘凉
30473,亦步亦趋
30474,眉笔
30475,空口无凭
30476,下工夫
30477,主公
30478,格力
30479,马利
30480,安吉尔
30481,卡萨诺瓦
30482,欧拉
30483,藤田
30484,央
30485,翔
30486,工藤
30487,涛
30488,卡帕
30489,卡桑德拉
30490,巴金
30491,县政府
30492,铊
30493,维奇
30494,聂
30495,哈桑
30496,尻
30497,绅
30498,啤酒节
30499,嗄
30500,蛇行
30501,蜗
30502,青瓦台
30503,伊斯特
30504,延边
30505,珀斯
30506,斯普林菲尔德
30507,雷克雅未克
30508,弗拉基米尔
30509,梭子
30510,斯大林格勒
30511,鹭
30512,玫
30513,波茨坦
30514,秘籍
30515,热那亚
30516,单轨
30517,师兄
30518,咏
30519,科普
30520,次长
30521,沢
30522,坠子
30523,夜曲
30524,法事
30525,雄蜂
30526,哮
30527,利比里亚
30528,罗切斯特
30529,傅
30530,退税
30531,感受器
30532,岩层
30533,末世
30534,赞比亚
30535,穆迪
30536,阮
30537,钉书机
30538,姨父
30539,同盟会
30540,高丽
30541,塞拉利昂
30542,授粉
30543,踩高跷
30544,全才
30545,大丽花
30546,哧
30547,神甫
30548,盆腔
30549,斜线
30550,燧石
30551,德古拉
30552,绿林
30553,婶
30554,冒失鬼
30555,祗
30556,偏转
30557,台山
30558,洋鬼子
30559,壬
30560,磨床
30561,高桥
30562,共同体
30563,皮筋
30564,山毛榉
30565,叮叮当当
30566,外务
30567,砾石
30568,荣格
30569,脑垂体
30570,蘑菇云
30571,莎丽
30572,翌
30573,现身说法
30574,骆
30575,营养液
30576,奈良
30577,馋嘴
30578,秦朝
30579,散兵
30580,箔
30581,海味
30582,街市
30583,亚拉巴马
30584,姚
30585,斯宾诺莎
30586,宇航服
30587,豆蔻
30588,校庆
30589,云母
30590,沛
30591,滤波器
30592,侩
30593,跳马
30594,铁矿
30595,莱顿
30596,玛德琳
30597,基多
30598,西顿
30599,铝合金
30600,脓肿
30601,水蛇
30602,阿斯伯格
30603,瀑
30604,冷却剂
30605,嫡系
30606,鳟
30607,长臂猿
30608,复印纸
30609,五指山
30610,晋见
30611,惕
30612,吊索
30613,气缸
30614,姑婆
30615,君士坦丁堡
30616,转门
30617,联欢会
30618,双簧
30619,风镜
30620,陨石坑
30621,状元
30622,边城
30623,监考
30624,英烈
30625,牛仔布
30626,采油
30627,癔病
30628,嘚
30629,海王
30630,黏土
30631,黄牛
30632,娼
30633,熔解
30634,芜菁
30635,香瓜
30636,唐璜
30637,候鸟
30638,专科学校
30639,法门
30640,厩
30641,假药
30642,浜
30643,摩加迪沙
30644,檀香
30645,医德
30646,梅瑟
30647,轻骑
30648,留用
30649,包工头
30650,油船
30651,放大器
30652,辽
30653,炊事
30654,督导
30655,节庆
30656,诗文
30657,前例
30658,审计长
30659,利雅得
30660,熏蒸
30661,鹿特丹
30662,秀美
30663,越狱犯
30664,冠冕
30665,歌德
30666,歌女
30667,便壶
30668,穴道
30669,世界银行
30670,筒子
30671,仆役
30672,圆领
30673,围场
30674,种子选手
30675,毒气弹
30676,碌
30677,久负盛名
30678,堤岸
30679,阿拉伯文
30680,萨克森
30681,举国上下
30682,折刀
30683,糖汁
30684,涎
30685,心慌意乱
30686,发髻
30687,空降兵
30688,树懒
30689,咬定
30690,喷水池
30691,冢
30692,念咒
30693,涤纶
30694,煞笔
30695,刨子
30696,蜂箱
30697,乙酸
30698,獒
30699,米粉
30700,花前月下
30701,自述
30702,纲领
30703,黄绿色
30704,志愿军
30705,炼铁
30706,隘口
30707,粽子
30708,信义
30709,擀面杖
30710,纳米比亚
30711,手钻
30712,心静
30713,好望角
30714,椰林
30715,桁
30716,鸬鹚
30717,低洼
30718,悬停
30719,居民楼
30720,正月
30721,协和
30722,激酶
30723,乳品
30724,叶县
30725,镉
30726,温布尔顿
30727,梵文
30728,防锈
30729,公义
30730,防滑链
30731,国君
30732,爱沙尼亚
30733,榕树
30734,门将
30735,病原菌
30736,髂
30737,帕西
30738,破折号
30739,糠
30740,马山
30741,水闸
30742,鄂
30743,乡镇
30744,分析器
30745,蓝鲸
30746,癔
30747,民俗
30748,哈达
30749,土堆
30750,百灵鸟
30751,鹬
30752,轱辘
30753,喳喳
30754,有轨
30755,馁
30756,浑然
30757,扼
30758,过敏原
30759,十二指肠
30760,硝酸甘油
30761,婚介
30762,行色匆匆
30763,通讯卫星
30764,慷慨激昂
30765,专利局
30766,撒播
30767,深棕色
30768,地瓜
30769,店家
30770,奥德修斯
30771,会议厅
30772,商行
30773,巴士拉
30774,钉子户
30775,格林纳达
30776,沃土
30777,裂隙
30778,瘦长
30779,集成电路
30780,食蚁兽
30781,情爱
30782,带菌者
30783,刑房
30784,羽绒
30785,交感神经
30786,旱灾
30787,蝶泳
30788,佛吉尼亚
30789,原产地
30790,光合作用
30791,星火
30792,语系
30793,转车
30794,家臣
30795,鸫
30796,劫狱
30797,杜鹃
30798,包藏
30799,双星
30800,一诺千金
30801,恒温
30802,妖孽
30803,名酒
30804,落差
30805,僮
30806,狡黠
30807,左岸
30808,正品
30809,狼獾
30810,误区
30811,正气
30812,麦道
30813,形变
30814,核酸
30815,婉
30816,登载
30817,梗阻
30818,妖艳
30819,酒徒
30820,省长
30821,电阻
30822,橄榄树
30823,锲而不舍
30824,瓦尔特
30825,当月
30826,棒冰
30827,巨石阵
30828,思潮
30829,菏
30830,应力
30831,舱位
30832,板车
30833,骶骨
30834,笤帚
30835,二流子
30836,冲压
30837,明代
30838,煤渣
30839,阿婆
30840,合宜
30841,绝唱
30842,扑腾
30843,绝壁
30844,皮蛋
30845,旗语
30846,五彩缤纷
30847,锃
30848,红潮
30849,鼻息
30850,风机
30851,上家
30852,蕉
30853,上坟
30854,邀请赛
30855,末代
30856,标兵
30857,快板
30858,管家婆
30859,直尺
30860,香炉
30861,海防
30862,核物理
30863,禁书
30864,天赐
30865,结疤
30866,建构
30867,道家
30868,呈递
30869,国情
30870,笔筒
30871,社员
30872,磁卡
30873,大势所趋
30874,襟翼
30875,何日
30876,慈母
30877,唐吉诃德
30878,远视
30879,拳师
30880,词源
30881,增值税
30882,庞克
30883,罩衫
30884,单项
30885,利他林
30886,伪造品
30887,苗圃
30888,避险
30889,姚明
30890,熊市
30891,干货
30892,仪仗队
30893,过街老鼠
30894,洗发精
30895,榴弹炮
30896,爱将
30897,马德拉斯
30898,妄称
30899,怯弱
30900,前庭
30901,飞檐走壁
30902,铜器
30903,总领事
30904,长谷川
30905,单杠
30906,备课
30907,劫数
30908,锦标
30909,虹
30910,平滑肌
30911,校际
30912,糨糊
30913,轻音乐
30914,大城
30915,补品
30916,分布式
30917,聚氯乙烯
30918,指印
30919,套裙
30920,挖掘机
30921,冰窖
30922,白朗
30923,额叶
30924,阅览室
30925,真经
30926,凸现
30927,狐假虎威
30928,单人床
30929,棋手
30930,商务部
30931,军功章
30932,关西
30933,书卷
30934,待价而沽
30935,亚文化
30936,锉刀
30937,桦树
30938,党徒
30939,纪元
30940,门生
30941,降调
30942,僭
30943,波形
30944,俄军
30945,外交部长
30946,地摊
30947,米其林
30948,故友
30949,西弗吉尼亚州
30950,过犹不及
30951,好人好事
30952,远见卓识
30953,轻生
30954,笋
30955,温和派
30956,翡
30957,牛气
30958,广播员
30959,对角线
30960,豪迈
30961,格陵兰岛
30962,讨还
30963,容积
30964,极权
30965,褥疮
30966,二次大战
30967,大虫
30968,欢声
30969,芒刺在背
30970,小半
30971,市中区
30972,棋艺
30973,治国
30974,不消
30975,硅酸盐
30976,对敌
30977,折腰
30978,追索
30979,套服
30980,生物圈
30981,工装裤
30982,蜜罐
30983,五年计划
30984,亲缘
30985,天时
30986,退避
30987,心直口快
30988,埃尔帕索
30989,悲怆
30990,门当户对
30991,钡
30992,落榜
30993,幽魂
30994,分之
30995,雅座
30996,肉质
30997,道教
30998,寒意
30999,存款单
31000,两岸
31001,喉镜
31002,克里米亚
31003,炼钢
31004,青云
31005,斯图加特
31006,常数
31007,掉色
31008,肌体
31009,双城记
31010,短浅
31011,极权主义
31012,样机
31013,磁化
31014,分送
31015,母夜叉
31016,绞肉机
31017,幽深
31018,拜佛
31019,草鞋
31020,葆
31021,锦绣前程
31022,抑止
31023,祈望
31024,打骂
31025,大麻哈鱼
31026,鱼子
31027,矫枉过正
31028,受众
31029,试管婴儿
31030,锁孔
31031,小试牛刀
31032,酒楼
31033,妙语连珠
31034,椰汁
31035,探头探脑
31036,改称
31037,尼特
31038,转基因
31039,二郎腿
31040,勤恳
31041,庄稼地
31042,家信
31043,势如破竹
31044,报以
31045,惊愕
31046,会计学
31047,劈头盖脸
31048,夜壶
31049,密告
31050,斡旋
31051,夺标
31052,陨
31053,彩头
31054,清廉
31055,体腔
31056,神权
31057,长空
31058,巴拿马城
31059,论战
31060,什叶派
31061,刀剑
31062,娱
31063,焊枪
31064,快讯
31065,慰劳
31066,主食
31067,拉手
31068,骨粉
31069,嘈
31070,河滩
31071,兵马
31072,罅隙
31073,红晕
31074,军粮
31075,宫本
31076,义大利
31077,赤足
31078,写生
31079,小日子
31080,主从
31081,羞于启齿
31082,清脆
31083,财会
31084,警区
31085,印度洋
31086,金碧辉煌
31087,花样游泳
31088,坍
31089,实景
31090,泰语
31091,悬崖勒马
31092,泪花
31093,争光
31094,和平谈判
31095,假使
31096,周润发
31097,东城
31098,呼应
31099,荚
31100,案板
31101,逢凶化吉
31102,剿
31103,横贯
31104,国务
31105,尊容
31106,道场
31107,行乞
31108,拨火棍
31109,磁极
31110,惦
31111,公国
31112,纸花
31113,初三
31114,感光
31115,更名
31116,竖立
31117,挂钟
31118,归途
31119,道破
31120,恩将仇报
31121,枢
31122,精制
31123,侧重
31124,丝网
31125,保家卫国
31126,停产
31127,谢顶
31128,记过
31129,借债
31130,勾股定理
31131,窃笑
31132,燃点
31133,哥萨克
31134,枯干
31135,心肌炎
31136,普契尼
31137,改版
31138,龙争虎斗
31139,光复
31140,莫不
31141,以儆效尤
31142,螺帽
31143,强逼
31144,生擒
31145,中药
31146,鲈
31147,表盘
31148,借问
31149,颠倒是非
31150,童军
31151,复式
31152,宁死不屈
31153,叽里咕噜
31154,尚且
31155,羁留
31156,肯亚
31157,生辰
31158,土葬
31159,代笔
31160,告示牌
31161,干饭
31162,抛洒
31163,余波
31164,功德
31165,默然
31166,硫酸盐
31167,高远
31168,血色素
31169,接续
31170,增量
31171,乡愁
31172,哺乳类
31173,浮躁
31174,粤语
31175,政敌
31176,民情
31177,生疼
31178,水潭
31179,香火
31180,干妈
31181,龋齿
31182,同党
31183,不痛不痒
31184,家家户户
31185,洞房
31186,推演
31187,冲绳岛
31188,婆罗洲
31189,社会科学
31190,口诀
31191,芬尼
31192,芜
31193,骂娘
31194,得悉
31195,厢房
31196,光荣榜
31197,喃
31198,隅
31199,克拉科夫
31200,心算
31201,黄雀
31202,人墙
31203,投资家
31204,丢手
31205,开路先锋
31206,默不作声
31207,服罪
31208,死难
31209,挚
31210,旭日
31211,瘦削
31212,依从
31213,空战
31214,恭顺
31215,白嫩
31216,宗族
31217,校训
31218,白布
31219,压强
31220,破财
31221,近处
31222,大户
31223,浑圆
31224,真知
31225,无可非议
31226,鄙夷
31227,穷追
31228,医书
31229,大棚
31230,多孔
31231,冰盖
31232,因循守旧
31233,妻妾
31234,浪迹天涯
31235,亮度
31236,形而上学
31237,看破
31238,树苗
31239,卑下
31240,看相
31241,引言
31242,概况
31243,涵
31244,亲如一家
31245,处变不惊
31246,留待
31247,拉姆斯菲尔德
31248,乌拉圭
31249,疥疮
31250,明理
31251,黍
31252,划一
31253,男女老幼
31254,下笔
31255,豪杰
31256,咣当
31257,土里土气
31258,列国
31259,北达科他州
31260,特快车
31261,略去
31262,中听
31263,地勤
31264,地利
31265,新石器
31266,划归
31267,认生
31268,浮想联翩
31269,年久失修
31270,踵
31271,核导弹
31272,高才生
31273,硫化
31274,笑眯眯
31275,象形
31276,纤维素
31277,更新换代
31278,天年
31279,北角
31280,讨嫌
31281,惆怅
31282,喧宾夺主
31283,印发
31284,逐字逐句
31285,乖僻
31286,与会
31287,维基
31288,纷扰
31289,聚拢
31290,娇艳
31291,打井
31292,晴好
31293,撂挑子
31294,无名英雄
31295,错别字
31296,毛驴
31297,胸臆
31298,倚重
31299,韩文
31300,睐
31301,降伏
31302,鸦雀无声
31303,药物学
31304,销售点
31305,绽开
31306,变化多端
31307,喀麦隆
31308,内省
31309,资产阶级
31310,纷繁
31311,高抬贵手
31312,暑
31313,旱鸭子
31314,谋事
31315,各有千秋
31316,妥帖
31317,炊具
31318,分子生物学
31319,金蝉脱壳
31320,再版
31321,沙文主义
31322,见仁见智
31323,落寞
31324,缺货
31325,剽悍
31326,形同虚设
31327,令爱
31328,社会党
31329,谋利
31330,营养素
31331,成材
31332,追回
31333,节外生枝
31334,指甲剪
31335,家眷
31336,披挂
31337,不胫而走
31338,权术
31339,活火山
31340,千家万户
31341,进言
31342,外逃
31343,外间
31344,接风
31345,内燃机
31346,侮蔑
31347,夹缝
31348,副标题
31349,噘
31350,大通
31351,视窗
31352,山洪
31353,啫
31354,可气
31355,奸人
31356,氰
31357,笑靥
31358,映入眼帘
31359,念旧
31360,不啻
31361,湖滨
31362,小我
31363,好高骛远
31364,小数
31365,座舱
31366,十进制
31367,养生
31368,乐呵呵
31369,劈柴
31370,醋酸
31371,引子
31372,后进
31373,鹅毛
31374,贪官
31375,贱骨头
31376,血压计
31377,钢刀
31378,踝骨
31379,秒针
31380,花花世界
31381,摩托罗拉
31382,结构性
31383,不丹
31384,憩
31385,歌舞升平
31386,水汪汪
31387,死海
31388,平均数
31389,昭雪
31390,语义
31391,诵
31392,铁锅
31393,双曲线
31394,不拘小节
31395,聚氨酯
31396,遏止
31397,蛊惑人心
31398,疲乏
31399,枷
31400,暗渡陈仓
31401,回函
31402,起到
31403,摸爬滚打
31404,出笼
31405,宝洁
31406,广州
31407,众说纷纭
31408,戴孝
31409,酒铺
31410,客船
31411,会阴
31412,力作
31413,公允
31414,家道
31415,桃园
31416,清一色
31417,亲事
31418,出土
31419,总编辑
31420,肩胛
31421,电铃
31422,伫立
31423,辣酱油
31424,体细胞
31425,电热毯
31426,惊涛骇浪
31427,广告栏
31428,百里挑一
31429,神道
31430,苦役
31431,达官贵人
31432,驰名
31433,原籍
31434,心惊
31435,川流不息
31436,八角
31437,插科打诨
31438,风闻
31439,明晃晃
31440,前尘
31441,成竹在胸
31442,不均
31443,败退
31444,残兵败将
31445,悬崖峭壁
31446,透光
31447,寒战
31448,心焦
31449,萌发
31450,两手
31451,量子论
31452,一呼百应
31453,学前教育
31454,妙法
31455,居多
31456,说理
31457,鹿死谁手
31458,蒸汽机
31459,后备军
31460,哀愁
31461,返工
31462,贵贱
31463,黑纱
31464,对撞机
31465,非难
31466,神人
31467,放胆
31468,承受力
31469,补偿费
31470,审判权
31471,分晓
31472,奔袭
31473,嘟哝
31474,哀痛
31475,二氧化硅
31476,百战不殆
31477,直肠子
31478,质变
31479,门楣
31480,局域网
31481,风姿
31482,丘疹
31483,制服呢
31484,思前想后
31485,接力棒
31486,动能
31487,花岗石
31488,向东
31489,边框
31490,文具店
31491,分针
31492,自慰
31493,粉墨登场
31494,此间
31495,金宝
31496,败仗
31497,独具
31498,明争暗斗
31499,风传
31500,七零八落
31501,教练员
31502,做东
31503,人云亦云
31504,心迹
31505,痨
31506,盗匪
31507,冤情
31508,正版
31509,遗像
31510,色光
31511,判别
31512,自备
31513,面红耳赤
31514,自幼
31515,谗言
31516,网罗
31517,金秋
31518,独独
31519,正数
31520,百折不挠
31521,礼炮
31522,改判
31523,信用证
31524,旧习
31525,受制
31526,助纣为虐
31527,犒赏
31528,中华人民共和国
31529,低烧
31530,发奖
31531,祖母绿
31532,药材
31533,群英
31534,转椅
31535,换汤不换药
31536,游水
31537,展销会
31538,批发价
31539,面点
31540,跟手
31541,面相
31542,山腰
31543,硬性
31544,受用
31545,描画
31546,奋起直追
31547,家底
31548,于是乎
31549,因数
31550,简练
31551,慢车
31552,混浊
31553,聚丙烯
31554,同时代
31555,斋月
31556,出乎预料
31557,山野
31558,拆台
31559,闻讯
31560,雷打不动
31561,山雀
31562,才学
31563,愧
31564,原班人马
31565,守望相助
31566,山鸡
31567,统称
31568,自上而下
31569,农具
31570,臀围
31571,人才济济
31572,语义学
31573,呼之欲出
31574,开具
31575,通力
31576,轶闻
31577,冀
31578,冷眼
31579,没说的
31580,吃水
31581,月薪
31582,施用
31583,嫉
31584,洒水车
31585,手迹
31586,助力
31587,客队
31588,行李架
31589,初试
31590,阉人
31591,废黜
31592,工作队
31593,舒张
31594,革命家
31595,神往
31596,荒僻
31597,物产
31598,白皮书
31599,芋头
31600,牵强附会
31601,虔敬
31602,先斩后奏
31603,墓场
31604,务农
31605,抱头痛哭
31606,河口
31607,巧妇
31608,切忌
31609,专断
31610,明知故犯
31611,财迷
31612,柔性
31613,万难
31614,危地马拉人
31615,铁路线
31616,柔术
31617,甚嚣尘上
31618,务工
31619,台式
31620,哽咽
31621,金童玉女
31622,若有所思
31623,笼络
31624,催生
31625,幡然
31626,冤狱
31627,打桩机
31628,震级
31629,逆耳
31630,左顾右盼
31631,革除
31632,工种
31633,绵薄
31634,逸闻
31635,攀谈
31636,终年
31637,耶西
31638,镖客
31639,课表
31640,祠
31641,结肠炎
31642,病假条
31643,潸然泪下
31644,专区
31645,松鸡
31646,杀气腾腾
31647,黝
31648,玉女
31649,前赴后继
31650,功败垂成
31651,答疑
31652,特出
31653,倩影
31654,必得
31655,赤贫
31656,和煦
31657,励志
31658,以色列人
31659,清蒸
31660,晦暗
31661,课文
31662,成员国
31663,民族英雄
31664,东河
31665,银光
31666,清贫
31667,边缘化
31668,饱尝
31669,切面
31670,艰苦奋斗
31671,巨幅
31672,承接
31673,底薪
31674,末了
31675,矿脉
31676,隆冬
31677,主因
31678,下家
31679,花言巧语
31680,跳脚
31681,解放战争
31682,患得患失
31683,乳腺
31684,憾事
31685,香精
31686,警民
31687,专递
31688,良辰美景
31689,皮具
31690,有板有眼
31691,等值
31692,倾覆
31693,汗津津
31694,避重就轻
31695,在教
31696,呲
31697,利己主义
31698,笔尖
31699,挑唆
31700,平方公里
31701,战书
31702,缎子
31703,挑动
31704,口岸
31705,敬老院
31706,肠炎
31707,口实
31708,遥遥无期
31709,盐都
31710,公差
31711,目无法纪
31712,玄学
31713,国力
31714,漠然
31715,感怀
31716,道地
31717,一拥而上
31718,腻味
31719,环线
31720,东正教
31721,嘶吼
31722,开腔
31723,感叹词
31724,拿人
31725,开荒
31726,七嘴八舌
31727,阶段性
31728,五香
31729,行经
31730,原由
31731,丙醇
31732,兽皮
31733,竞相
31734,猾
31735,抒情诗
31736,丧葬费
31737,调养
31738,从速
31739,决堤
31740,五谷
31741,明证
31742,菊花茶
31743,沉淀物
31744,鼻窦
31745,塑性
31746,乘积
31747,忍俊不禁
31748,冶
31749,鸭舌帽
31750,弄僵
31751,探察
31752,抽水机
31753,纬线
31754,单色
31755,百事通
31756,老迈
31757,多灾多难
31758,智谋
31759,睡莲
31760,倍数
31761,申述
31762,谆谆
31763,黄牌
31764,眼屎
31765,寻访
31766,忐忑
31767,载波
31768,透析机
31769,随同
31770,意译
31771,电报局
31772,参差
31773,恍如隔世
31774,快捷键
31775,利诱
31776,热泪
31777,入味
31778,斑鸠
31779,精练
31780,千伏
31781,参看
31782,龟裂
31783,线团
31784,招徕
31785,黄土
31786,曲别针
31787,花头
31788,眼福
31789,凝神
31790,缺一不可
31791,宣传部
31792,一品
31793,井口
31794,十三日
31795,架空
31796,相联
31797,交卷
31798,列车长
31799,磷脂
31800,尚无
31801,比值
31802,水解
31803,绝处逢生
31804,原则性
31805,生辉
31806,洪水猛兽
31807,水草
31808,铜墙铁壁
31809,腰板
31810,作料
31811,泛泛而谈
31812,成片
31813,临门
31814,不可终日
31815,兵员
31816,本相
31817,下坡路
31818,沙锅
31819,传扬
31820,抓手
31821,散射
31822,籍贯
31823,淡薄
31824,阿卡迪亚
31825,翻本
31826,高洁
31827,干道
31828,使用量
31829,哄抬
31830,鼓膜
31831,本本
31832,卫道士
31833,老字号
31834,倾向性
31835,学制
31836,碎步
31837,血本无归
31838,坦克车
31839,一体化
31840,本源
31841,新编
31842,翻看
31843,求同存异
31844,挟制
31845,打哈哈
31846,浮游
31847,难舍难分
31848,接济
31849,鸾
31850,满载而归
31851,临盆
31852,童装
31853,龇牙咧嘴
31854,别出心裁
31855,休憩
31856,赠礼
31857,侄
31858,讲学
31859,开创性
31860,封路
31861,雷锋
31862,水土
31863,精益求精
31864,怵
31865,增设
31866,成色
31867,覆盖面
31868,国法
31869,蜻蜓点水
31870,水体
31871,大舅子
31872,甲级
31873,四邻
31874,喊冤
31875,休养生息
31876,奇景
31877,郞
31878,淡然
31879,武打
31880,曝晒
31881,合作社
31882,诡诈
31883,久经考验
31884,讨饭
31885,水系
31886,临到
31887,日班
31888,秩序井然
31889,淡黄
31890,故伎重演
31891,拂袖而去
31892,生水
31893,横断面
31894,三教九流
31895,奋发
31896,抗战
31897,水汽
31898,滔天大罪
31899,职业化
31900,告戒
31901,土产
31902,声威
31903,按捺不住
31904,瘆
31905,见异思迁
31906,常规武器
31907,考场
31908,苦功
31909,此起彼伏
31910,送终
31911,过奖
31912,蒸饺
31913,紧接
31914,盖头
31915,参阅
31916,享清福
31917,凝重
31918,灰土
31919,袒露
31920,低三下四
31921,话柄
31922,支配权
31923,品评
31924,规劝
31925,播撒
31926,单字
31927,老妪
31928,过火
31929,单方
31930,骂名
31931,受气
31932,糙米
31933,大煞风景
31934,载重
31935,忿忿不平
31936,阿迪达斯
31937,扶植
31938,个展
31939,孟加拉国
31940,沁人心脾
31941,是非曲直
31942,流速
31943,订户
31944,阔别
31945,倒置
31946,远眺
31947,提亲
31948,牵引力
31949,晚霞
31950,旗手
31951,句法
31952,千里眼
31953,声像
31954,国际货币基金组织
31955,南京
31956,比绍
31957,一溜烟
31958,甲子
31959,百灵
31960,傣
31961,幺
31962,朕
31963,洙
31964,珉
31965,轻轨
31966,古鲁
31967,咂
31968,雷德
31969,氢氧化钠
31970,海蜇
31971,卡珊德拉
31972,地核
31973,拉锁
31974,高田
31975,圣体
31976,麦迪
31977,普兰
31978,沙门
31979,太保
31980,卡尔顿
31981,博洛尼亚
31982,闵
31983,博德
31984,安克雷奇
31985,天竺鼠
31986,威灵
31987,汉阳
31988,纳什
31989,讷
31990,阿瑞斯
31991,大元帅
31992,庙会
31993,垣
31994,氢氟酸
31995,万年青
31996,米拉
31997,正方
31998,萨克逊
31999,吏
32000,哈尔滨
32001,猴王
32002,长机
32003,闸口
32004,劝导
32005,闭关
32006,媞
32007,天书
32008,扎伊尔
32009,集团军
32010,布莱尼
32011,尤利西斯
32012,卡恩
32013,燃放
32014,鲻
32015,釜
32016,卑尔根
32017,哈密
32018,拉莫斯
32019,政委
32020,悄
32021,巴登
32022,美玲
32023,弩弓
32024,中子星
32025,海参崴
32026,发簪
32027,柿
32028,酸梅
32029,司长
32030,名节
32031,暖房
32032,轩
32033,拼音
32034,蓖麻
32035,槟榔
32036,公审
32037,嚏
32038,阿尔及尔
32039,水龙
32040,锅巴
32041,织机
32042,玟
32043,根特
32044,先父
32045,阿爸
32046,簧片
32047,渔场
32048,先锋队
32049,波利尼西亚
32050,肏
32051,卡塔尔
32052,黑户
32053,蛭
32054,梭子鱼
32055,批注
32056,海参
32057,少林寺
32058,献词
32059,幡
32060,随员
32061,乘警
32062,百日咳
32063,蓝山
32064,世博会
32065,白杨树
32066,冰风暴
32067,护短
32068,死棋
32069,亚斯伯格
32070,夜市
32071,地力
32072,领受
32073,阿爹
32074,软盘
32075,重炮
32076,传声器
32077,布列塔尼
32078,吊环
32079,丁烷
32080,斯特拉斯堡
32081,数组
32082,凛冽
32083,工房
32084,惠子
32085,仙鹤
32086,翼展
32087,介子
32088,特斯拉
32089,庭长
32090,发达国家
32091,鸭嘴兽
32092,快件
32093,南山
32094,酋
32095,瑙
32096,阿蒙
32097,鞍马
32098,观世音
32099,弹丸
32100,泥鳅
32101,入定
32102,石田
32103,小熊猫
32104,基辛格
32105,甲等
32106,痿
32107,同喜
32108,护法
32109,侧影
32110,二郎
32111,晟
32112,小量
32113,白垩
32114,商队
32115,璐
32116,试验场
32117,忽必烈
32118,气团
32119,喜帖
32120,节操
32121,攻击机
32122,附笔
32123,金塔
32124,不来梅
32125,龙骨
32126,髂骨
32127,施政
32128,孚
32129,盐巴
32130,关颖珊
32131,海法
32132,绮
32133,薄荷油
32134,乌尔
32135,乏力
32136,嘬
32137,怦
32138,别动队
32139,示波器
32140,江陵
32141,问安
32142,夏时制
32143,海葵
32144,水行侠
32145,卅
32146,结缘
32147,阿訇
32148,倾斜度
32149,亘
32150,贝多
32151,辩证法
32152,本家
32153,稻米
32154,投宿
32155,航标
32156,偏方
32157,起床号
32158,布里斯班
32159,水族
32160,子集
32161,拉斐特
32162,朱迪亚
32163,江南区
32164,劫富济贫
32165,狂跌
32166,凌迟
32167,艳阳天
32168,门环
32169,雨过天晴
32170,婢女
32171,愤然
32172,朝代
32173,库克群岛
32174,稀饭
32175,露底
32176,卡子
32177,硒
32178,软玉
32179,固化
32180,撬杠
32181,气功
32182,截击
32183,炮艇
32184,痂
32185,墨盒
32186,星斗
32187,骐
32188,导电性
32189,雅芳
32190,黑河
32191,对虾
32192,雨量
32193,牌坊
32194,远光灯
32195,妖言
32196,改制
32197,镓
32198,天蓝色
32199,碧蓝
32200,茅厕
32201,岘港
32202,思科
32203,峰顶
32204,阿嚏
32205,教研室
32206,纯净水
32207,台柱
32208,军机
32209,清瘦
32210,举目
32211,复兴党
32212,麂皮
32213,粟米
32214,白令海峡
32215,橡皮擦
32216,防震
32217,浅海
32218,戮
32219,县长
32220,札幌
32221,锅贴
32222,高难
32223,黄毛丫头
32224,总务
32225,胆管
32226,推子
32227,邮船
32228,源代码
32229,沽
32230,安理会
32231,铜像
32232,黄鱼
32233,太和
32234,大卡
32235,气门
32236,讲评
32237,追述
32238,亚丁
32239,膈膜
32240,歧路
32241,后嗣
32242,招待所
32243,留堂
32244,麦芽糖
32245,吐字
32246,扣杀
32247,村上
32248,中原
32249,迁入
32250,唱盘
32251,佩剑
32252,茹
32253,愤懑
32254,舞剧
32255,贲
32256,春节
32257,怒视
32258,旧部
32259,聘任
32260,性腺
32261,离心机
32262,徳
32263,枣子
32264,姑奶奶
32265,重罚
32266,生物界
32267,橡实
32268,壮士
32269,财产权
32270,峡
32271,腭裂
32272,仙人球
32273,回廊
32274,摆摊
32275,蕴涵
32276,经脉
32277,节律
32278,青年团
32279,歹
32280,斯洛文尼亚
32281,草纸
32282,议定书
32283,货栈
32284,氛
32285,乐天
32286,把式
32287,裂谷
32288,绿党
32289,蜱
32290,阖
32291,综
32292,人口数
32293,狼孩
32294,轭
32295,雪碧
32296,沱
32297,厌弃
32298,臣子
32299,胼胝
32300,氧化铝
32301,径自
32302,焙
32303,径赛
32304,正文
32305,朴正熙
32306,火成岩
32307,温切斯特
32308,宾士
32309,鱼群
32310,电弧
32311,客官
32312,咣
32313,升调
32314,阿明
32315,思慕
32316,平山
32317,农奴
32318,狩
32319,体裁
32320,数论
32321,平移
32322,天棚
32323,双眼皮
32324,平成
32325,华夫
32326,绝品
32327,切变
32328,摩卡
32329,泵站
32330,鳀
32331,垦
32332,胥
32333,沸
32334,攀附
32335,火墙
32336,军事化
32337,反潜
32338,秋收
32339,连翘
32340,窿
32341,退烧药
32342,真迹
32343,俘
32344,隐君子
32345,男低音
32346,呼号
32347,激浪
32348,巡逻艇
32349,北爱
32350,措词
32351,备考
32352,船厂
32353,列宁格勒
32354,湄公河
32355,财迷心窍
32356,拔营
32357,扫盲
32358,教师节
32359,紫菜
32360,锥子
32361,寄生物
32362,围拢
32363,疏失
32364,生殖腺
32365,学堂
32366,通达
32367,马头
32368,核算
32369,高台
32370,卵泡
32371,透明胶
32372,达姆弹
32373,格格
32374,尔格
32375,钋
32376,易经
32377,尤卡坦
32378,临危
32379,二进宫
32380,万有引力
32381,赫赫
32382,金斯敦
32383,存活率
32384,水文
32385,荫凉
32386,泥水
32387,防洪
32388,洛桑
32389,浪涛
32390,噩
32391,劵
32392,折桂
32393,举世瞩目
32394,书报
32395,真容
32396,古奇
32397,形式主义
32398,贤人
32399,引语
32400,后盖
32401,理工
32402,北冰洋
32403,不倒翁
32404,铿锵
32405,树阴
32406,顾全大局
32407,立体派
32408,小姑
32409,树蛙
32410,嘱
32411,题解
32412,腭
32413,危楼
32414,抹香鲸
32415,搀扶
32416,下旬
32417,历法
32418,旧址
32419,蜷曲
32420,娇媚
32421,内城
32422,意向书
32423,偎
32424,紫禁城
32425,封爵
32426,啄食
32427,饮茶
32428,发稿
32429,聚酯
32430,毛料
32431,俏丽
32432,门店
32433,撤兵
32434,牛蒡
32435,解法
32436,韭
32437,讨巧
32438,发案
32439,贪赃枉法
32440,佩奇
32441,趋之若鹜
32442,挤兑
32443,大同
32444,世纪末
32445,行宫
32446,令堂
32447,速成班
32448,公信力
32449,捷克共和国
32450,炽烈
32451,白矮星
32452,加演
32453,修脚师
32454,圣马力诺
32455,甘于
32456,撰稿
32457,如虎添翼
32458,脸谱
32459,呓语
32460,危重
32461,吊杆
32462,豆豉
32463,古道
32464,梦话
32465,通知单
32466,拖船
32467,遗落
32468,煤球
32469,外贸
32470,雉
32471,苏打粉
32472,溴
32473,铅球
32474,后腰
32475,屉
32476,大熊座
32477,电子器件
32478,二尖瓣
32479,官吏
32480,猕猴
32481,梯形
32482,返祖现象
32483,圣帕特里克
32484,阴极
32485,卡宾枪
32486,卖方
32487,坑坑洼洼
32488,回文
32489,汪洋
32490,组曲
32491,说一不二
32492,回火
32493,挨近
32494,尽心竭力
32495,衡
32496,修改稿
32497,东城区
32498,心性
32499,金鸡
32500,钙化
32501,多年生
32502,场馆
32503,幻灯
32504,浴液
32505,衣兜
32506,转正
32507,守军
32508,气旋
32509,弹簧锁
32510,缬
32511,寒喧
32512,长征
32513,箐
32514,花红
32515,洋面
32516,欺人太甚
32517,摹仿
32518,审判长
32519,风湿热
32520,丢丑
32521,字节
32522,注册表
32523,过氧化氢
32524,责任人
32525,裙裤
32526,搭腔
32527,车皮
32528,审判者
32529,马蜂
32530,岑
32531,不可抗力
32532,朊
32533,恍若
32534,名山
32535,混纺
32536,秋水
32537,守车
32538,面汤
32539,电感
32540,跳远
32541,嗽
32542,耐久
32543,群芳
32544,电棒
32545,圆舞曲
32546,钢化玻璃
32547,转子
32548,百宝箱
32549,谱子
32550,质证
32551,融解
32552,严查
32553,票贩子
32554,林地
32555,儒雅
32556,低息
32557,沟槽
32558,困倦
32559,扉页
32560,兵戎相见
32561,镯子
32562,施洗
32563,马尔斯
32564,事过境迁
32565,长生
32566,麝
32567,平价
32568,笔触
32569,救难
32570,橡皮膏
32571,军区
32572,大陆架
32573,樊
32574,开箱
32575,逻
32576,亢进
32577,开矿
32578,蕴
32579,开盘
32580,厄尔尼诺
32581,长兄
32582,审定
32583,忌恨
32584,明令
32585,勾销
32586,叶酸
32587,布希
32588,香花
32589,英灵
32590,俊秀
32591,万象
32592,恻隐之心
32593,清剿
32594,自刎
32595,香港脚
32596,艺校
32597,坩埚
32598,悉数
32599,直航
32600,胡萝卜素
32601,酌情
32602,嘁
32603,赤诚
32604,田鸡
32605,莫明其妙
32606,暗想
32607,结膜炎
32608,主仆
32609,互连
32610,罗伦斯
32611,虫灾
32612,练功
32613,高耸入云
32614,快嘴
32615,藓
32616,乌龙茶
32617,黄包车
32618,标号
32619,猩
32620,可歌可泣
32621,泛指
32622,文绉绉
32623,考评
32624,寡头
32625,体坛
32626,调拨
32627,萌动
32628,笔墨
32629,心灵手巧
32630,暇
32631,普希金
32632,廋
32633,掌嘴
32634,凑数
32635,肥胖症
32636,公房
32637,暗含
32638,嵴
32639,初夏
32640,核反应
32641,营长
32642,便帽
32643,游移
32644,老花
32645,公安部
32646,假山
32647,想得开
32648,花白
32649,真情实意
32650,易卜生
32651,斑驳
32652,心有余而力不足
32653,罹
32654,合成器
32655,修正主义
32656,熙攘
32657,一审
32658,晚场
32659,招兵
32660,玛奇朵
32661,痔
32662,厂子
32663,水晶宫
32664,埼
32665,成灾
32666,云烟
32667,轿
32668,本报
32669,倘
32670,早茶
32671,枯叶
32672,高粱
32673,格拉
32674,誊
32675,观礼
32676,政事
32677,早操
32678,化合
32679,菜地
32680,成虫
32681,盘桓
32682,航船
32683,讥
32684,擀
32685,民房
32686,沙堡
32687,马蹄莲
32688,粹
32689,水波
32690,蒸馏水
32691,总参谋部
32692,饭堂
32693,罗纳
32694,掳掠
32695,疑义
32696,邮费
32697,推延
32698,生铁
32699,甜味剂
32700,螺旋体
32701,誊写
32702,坎肩
32703,防务
32704,轴心国
32705,老夫
32706,兑换率
32707,斤两
32708,慑服
32709,织品
32710,鹧鸪
32711,岩盐
32712,诸葛
32713,倒手
32714,路人皆知
32715,新春
32716,胆结石
32717,入超
32718,吹管
32719,冷敷
32720,知法犯法
32721,套鞋
32722,明码
32723,塔斯马尼亚
32724,利润率
32725,纵深
32726,压力计
32727,具体化
32728,日积月累
32729,裁断
32730,够本
32731,耍贫嘴
32732,钱物
32733,刷洗
32734,老大爷
32735,拖布
32736,进关
32737,零用
32738,非亲非故
32739,深化
32740,忘性
32741,辐射能
32742,幻化
32743,塞舌尔
32744,大抵
32745,座落
32746,次等
32747,看涨
32748,贤明
32749,西葫芦
32750,咽炎
32751,奇瓦瓦
32752,阔气
32753,定调
32754,安居
32755,对门
32756,盛况空前
32757,挑逗性
32758,联营
32759,不肖
32760,楼板
32761,茶余饭后
32762,重载
32763,白磷
32764,我操
32765,折合
32766,待产
32767,密谈
32768,溜号
32769,大义凛然
32770,雪豹
32771,硼
32772,当家作主
32773,骤然
32774,诚如
32775,仰天
32776,发奋
32777,数以亿计
32778,兰博基尼
32779,密克罗尼西亚
32780,哽
32781,屈才
32782,蜡纸
32783,中山
32784,旧地
32785,舢板
32786,颐养
32787,侨民
32788,变化莫测
32789,维达
32790,无机物
32791,开绿灯
32792,春分
32793,火葬场
32794,大逆不道
32795,方正
32796,期终
32797,窒
32798,羸
32799,歃血为盟
32800,下关
32801,骤变
32802,中段
32803,祖鲁人
32804,油气
32805,参差不齐
32806,行军床
32807,论及
32808,辈出
32809,波光
32810,象山
32811,唱段
32812,着数
32813,发春
32814,诧
32815,历任
32816,总领事馆
32817,旖旎
32818,糖水
32819,促膝
32820,中看
32821,发汗
32822,逗弄
32823,油烟
32824,印刷术
32825,怒放
32826,毛毡
32827,朝夕
32828,罄竹难书
32829,野菜
32830,先期
32831,刊印
32832,走卒
32833,可溶性
32834,风雨同舟
32835,怒骂
32836,产值
32837,不远千里
32838,挛
32839,霸气
32840,司令员
32841,佛法
32842,祖籍
32843,暖意
32844,结怨
32845,消弭
32846,评议
32847,胸膜
32848,消夏
32849,题字
32850,聚碳酸酯
32851,任课
32852,故态复萌
32853,著书
32854,左右逢源
32855,普遍性
32856,美其名曰
32857,弛缓
32858,老气横秋
32859,铸件
32860,春雨
32861,透视图
32862,下陷
32863,涵养
32864,扭力
32865,扼要
32866,点拨
32867,雄赳赳
32868,屋脊
32869,经手人
32870,公司法
32871,专业化
32872,经验主义
32873,处之泰然
32874,啼笑皆非
32875,玩味
32876,凄厉
32877,世情
32878,猛冲
32879,佳境
32880,谋士
32881,凰
32882,范本
32883,联合王国
32884,勉
32885,纽泽西
32886,游弋
32887,慕名而来
32888,冬至
32889,贤良
32890,值日
32891,打地铺
32892,对等
32893,大胜
32894,冷不防
32895,套取
32896,引申
32897,古典文学
32898,大葱
32899,酣睡
32900,歇手
32901,缘何
32902,然则
32903,真香
32904,浑然天成
32905,串通一气
32906,一叶障目
32907,铅字
32908,欢宴
32909,气化
32910,如故
32911,谷氨酸
32912,小包
32913,势能
32914,不服
32915,吊瓶
32916,重构
32917,错开
32918,土话
32919,劈啪
32920,白骨
32921,福地
32922,白条
32923,轻车熟路
32924,白鹳
32925,白鱼
32926,小康
32927,荨麻疹
32928,腱子
32929,扑面而来
32930,机电
32931,优劣
32932,透射
32933,治标
32934,果子露
32935,书脊
32936,一系列
32937,马可波罗
32938,莎翁
32939,血肉相连
32940,发生率
32941,通货
32942,禁欲主义
32943,帜
32944,钢圈
32945,戒条
32946,编组
32947,安之若素
32948,暴殄天物
32949,泄恨
32950,煞白
32951,托尔金
32952,空中楼阁
32953,引文
32954,锄草
32955,鱿
32956,尽义务
32957,纠集
32958,铁青
32959,后院起火
32960,登堂入室
32961,记念
32962,星团
32963,译本
32964,集散地
32965,跖
32966,劳损
32967,形迹
32968,拍击
32969,糟踏
32970,股民
32971,要不得
32972,语境
32973,古训
32974,凶宅
32975,骑墙
32976,毅然决然
32977,简述
32978,牛皮纸
32979,反射镜
32980,同音词
32981,虚线
32982,偷闲
32983,停薪留职
32984,掌声雷动
32985,血污
32986,明日黄花
32987,淀粉酶
32988,摆手
32989,马拉加
32990,腮帮子
32991,适逢
32992,黑压压
32993,里外
32994,取长补短
32995,伊利湖
32996,辩才
32997,大有文章
32998,箭鱼
32999,一颦一笑
33000,地震学
33001,龙王
33002,戏言
33003,渗水
33004,攘
33005,天真烂漫
33006,老皇历
33007,节拍器
33008,出巡
33009,那是
33010,山巅
33011,跟脚
33012,温尼伯
33013,槛
33014,分忧
33015,俄克拉何马州
33016,初二
33017,不足为怪
33018,吟咏
33019,猩红
33020,回天无力
33021,区域性
33022,刀鞘
33023,创收
33024,吞服
33025,金融业
33026,雪花膏
33027,常务
33028,抢滩
33029,觑
33030,秉公
33031,水暖工
33032,口头语
33033,粗陋
33034,八方
33035,积极分子
33036,投石问路
33037,给以
33038,败阵
33039,货款
33040,拾荒
33041,介怀
33042,反射面
33043,食不果腹
33044,通信卫星
33045,比邻
33046,一唱一和
33047,高科技
33048,梦遗
33049,显性
33050,邪道
33051,心田
33052,幽门
33053,引力场
33054,冬奥会
33055,排忧解难
33056,雍
33057,望子成龙
33058,边关
33059,康庄大道
33060,显影
33061,分站
33062,一波三折
33063,思忖
33064,多伦
33065,受难者
33066,尾数
33067,前缀
33068,邻邦
33069,传声筒
33070,不得人心
33071,甄别
33072,赚头
33073,组织胺
33074,巴塞尔
33075,兆瓦
33076,苦活
33077,流连忘返
33078,钓钩
33079,刚正不阿
33080,前日
33081,扣球
33082,沸点
33083,后话
33084,棉絮
33085,耕田
33086,唏嘘
33087,氧化物
33088,喜马拉雅山脉
33089,手巧
33090,传输线
33091,高分子
33092,缝衣针
33093,益友
33094,难为
33095,定势
33096,混事
33097,敬老
33098,眷恋
33099,功利主义
33100,电子学
33101,反唇相讥
33102,哀鸣
33103,分辩
33104,一跃而起
33105,苦行
33106,包头
33107,上梁不正下梁歪
33108,和局
33109,运输业
33110,林立
33111,泛滥成灾
33112,家乡话
33113,比较文学
33114,包干
33115,遥测
33116,尾音
33117,网卡
33118,丧身
33119,诬赖
33120,连年
33121,定然
33122,报丧
33123,捶打
33124,囫囵
33125,修筑
33126,邻座
33127,抢手货
33128,作鸟兽散
33129,南辕北辙
33130,汗马功劳
33131,创设
33132,中国话
33133,谘
33134,屣
33135,拟订
33136,凌志
33137,误事
33138,腻烦
33139,汽修
33140,定级
33141,顾名思义
33142,同案犯
33143,以偏概全
33144,祇
33145,运载
33146,德累斯顿
33147,李连杰
33148,风洞
33149,车床
33150,婚配
33151,归隐
33152,精神抖擞
33153,雅量
33154,七彩
33155,冗员
33156,雨布
33157,隔岸观火
33158,灰白色
33159,试飞员
33160,青苔
33161,家私
33162,天候
33163,敌占区
33164,答理
33165,兴衰
33166,轰然
33167,将心比心
33168,受凉
33169,褒贬
33170,踢皮球
33171,摆谱
33172,铁定
33173,吃苦耐劳
33174,填空
33175,绀
33176,乐不思蜀
33177,袄
33178,挤眉弄眼
33179,满腹牢骚
33180,保修期
33181,杜塞尔多夫
33182,跳闸
33183,象牙海岸
33184,娶亲
33185,烘制
33186,石雕
33187,铺张浪费
33188,辐
33189,浇铸
33190,狂傲
33191,适意
33192,白雪皑皑
33193,拉各斯
33194,硬挺
33195,报国
33196,独揽
33197,磨刀石
33198,烘托
33199,报喜
33200,会审
33201,浓香
33202,因故
33203,受窘
33204,落地灯
33205,财神爷
33206,画押
33207,紫水晶
33208,昭示
33209,互不相让
33210,汗如雨下
33211,风向标
33212,窑子
33213,简明
33214,表面文章
33215,劳顿
33216,增长率
33217,转业
33218,伟岸
33219,家世
33220,存取
33221,飞跑
33222,顿河
33223,寮
33224,外强中干
33225,平实
33226,采煤
33227,开山
33228,孔洞
33229,凑足
33230,宝刀不老
33231,微生物学
33232,横加指责
33233,备件
33234,遭难
33235,熟读
33236,何须
33237,博伊西
33238,卤素
33239,农工
33240,升腾
33241,熟路
33242,施法
33243,碾压
33244,物欲
33245,并进
33246,人高马大
33247,可燃性
33248,厉鬼
33249,栈道
33250,神曲
33251,四面楚歌
33252,物极必反
33253,肺痨
33254,协约
33255,歪歪扭扭
33256,原色
33257,飘移
33258,嗥
33259,横祸
33260,通称
33261,外交大臣
33262,川菜
33263,和和气气
33264,应承
33265,青云直上
33266,弯子
33267,撷取
33268,拔尖
33269,财大气粗
33270,更迭
33271,世世
33272,昏花
33273,一清早
33274,忠厚
33275,殖民主义
33276,态势
33277,倒腾
33278,敌营
33279,沟壑
33280,调阅
33281,电火花
33282,芝麻酱
33283,通明
33284,批改
33285,韧劲
33286,上纲上线
33287,祖坟
33288,苯甲酸
33289,冒雨
33290,神似
33291,乌黑
33292,菁
33293,少男少女
33294,上高
33295,提提
33296,利多卡因
33297,稿纸
33298,玉树
33299,地动山摇
33300,殚精竭虑
33301,历届
33302,复试
33303,沽名钓誉
33304,终审
33305,喜气洋洋
33306,俊杰
33307,深灰色
33308,精工
33309,导读
33310,上臂
33311,广角镜头
33312,算不得
33313,鼎力相助
33314,微调
33315,清官
33316,坐收渔利
33317,泪痕
33318,季军
33319,清明
33320,牍
33321,身心交瘁
33322,减震器
33323,全省
33324,球网
33325,讳
33326,反观
33327,读本
33328,推陈出新
33329,红糖
33330,眉目传情
33331,豢养
33332,必修
33333,散装
33334,恢宏
33335,古里古怪
33336,史料
33337,遗产税
33338,灾民
33339,哈马斯
33340,惟独
33341,核动力
33342,一锅端
33343,蟊
33344,海床
33345,春情
33346,长年累月
33347,烧火
33348,电瓶车
33349,乳化
33350,割除
33351,隔三差五
33352,工序
33353,搧
33354,污泥
33355,慢腾腾
33356,囤
33357,陈酒
33358,布鞋
33359,夹攻
33360,暗访
33361,代数学
33362,镜架
33363,闰年
33364,喝道
33365,热土
33366,瓤
33367,捅娄子
33368,耻骨
33369,主将
33370,负数
33371,纪念邮票
33372,向阳
33373,颓丧
33374,怕生
33375,准绳
33376,迎头痛击
33377,著作权
33378,实属
33379,点头哈腰
33380,黏附
33381,底边
33382,细嫩
33383,历史学
33384,爽朗
33385,文质彬彬
33386,日本海
33387,脍炙人口
33388,惺忪
33389,皑皑
33390,食古不化
33391,拉锯
33392,张狂
33393,一概而论
33394,细沙
33395,汤碗
33396,海船
33397,铁蹄
33398,小巧玲珑
33399,比佛利山
33400,揭幕式
33401,美味可口
33402,快慢
33403,碎末
33404,年轻化
33405,线缆
33406,巨细
33407,苦口婆心
33408,现货
33409,谈天说地
33410,灭绝人性
33411,鲱
33412,阅览
33413,敲竹杠
33414,火钳
33415,失地
33416,义愤填膺
33417,捞一把
33418,逢迎
33419,失实
33420,失宠
33421,悸
33422,违法乱纪
33423,京城
33424,反共
33425,公开信
33426,纸鹤
33427,飞虎队
33428,拉合尔
33429,隔日
33430,一言九鼎
33431,结拜
33432,天象
33433,通顺
33434,阅读器
33435,惊雷
33436,可见光
33437,横行霸道
33438,行商
33439,晨露
33440,排遣
33441,为人师表
33442,调焦
33443,夏至
33444,恒定
33445,穿堂风
33446,副词
33447,路轨
33448,黄褐色
33449,开行
33450,酵素
33451,始发
33452,全歼
33453,结社
33454,金灿灿
33455,切肤之痛
33456,亟待
33457,电气化
33458,板牙
33459,客舱
33460,天道
33461,侵略军
33462,伸懒腰
33463,言传身教
33464,舞文弄墨
33465,歉收
33466,园长
33467,月牙
33468,神采
33469,荐
33470,庶民
33471,尿素
33472,黒
33473,社工
33474,峰峦
33475,风尘仆仆
33476,结晶体
33477,冷菜
33478,公断
33479,山珍海味
33480,盛举
33481,瞒报
33482,忠言
33483,青红皂白
33484,摇手
33485,致密
33486,结仇
33487,冷锋
33488,七老八十
33489,慨叹
33490,卓有成效
33491,调取
33492,贬损
33493,案头
33494,女将
33495,熟稔
33496,反射弧
33497,蒋介石
33498,急智
33499,撼
33500,叙事诗
33501,新锐
33502,假借
33503,新干线
33504,美编
33505,支吾
33506,听而不闻
33507,千米
33508,冷言冷语
33509,文坛
33510,瓜达拉哈拉
33511,鱼尾
33512,水污染
33513,花枝
33514,花木
33515,戛然而止
33516,新官上任三把火
33517,制表
33518,拐棍
33519,恰如
33520,十二月份
33521,堤防
33522,求医
33523,预售
33524,眼尖
33525,知足常乐
33526,大有裨益
33527,寻衅
33528,搅混
33529,古色古香
33530,笑容可掬
33531,赔礼
33532,腹背受敌
33533,座上客
33534,轴距
33535,声言
33536,摊派
33537,班门弄斧
33538,而立之年
33539,热望
33540,舌战
33541,烽火
33542,军车
33543,景区
33544,债务人
33545,假性
33546,招安
33547,沉甸甸
33548,热络
33549,繁茂
33550,三洋
33551,文体
33552,条规
33553,真空管
33554,洋洋自得
33555,粗细
33556,切实可行
33557,东西南北
33558,苗子
33559,交媾
33560,凋
33561,浊
33562,昂然
33563,厥
33564,软体动物
33565,桥本
33566,核电
33567,钳制
33568,病秧子
33569,邯郸学步
33570,投票箱
33571,韦科
33572,蝰蛇
33573,圣萨尔瓦多
33574,蓝光
33575,阿巴拉契亚
33576,暗流
33577,闲散
33578,制度化
33579,郑重其事
33580,渔猎
33581,功过
33582,增刊
33583,名噪一时
33584,山葵
33585,诗情画意
33586,代办
33587,抗诉
33588,想不开
33589,画龙点睛
33590,四时
33591,压路机
33592,接警
33593,长期性
33594,钨
33595,落地窗
33596,南欧
33597,佣工
33598,先声夺人
33599,酸乳
33600,怪话
33601,贼头贼脑
33602,平分秋色
33603,球蛋白
33604,名胜古迹
33605,恻
33606,校验
33607,外乡人
33608,慨
33609,扒窃
33610,余音
33611,盘腿
33612,爱怜
33613,痛斥
33614,选派
33615,兴冲冲
33616,节能灯
33617,帕瓦罗蒂
33618,龃龉
33619,急于求成
33620,插翅难飞
33621,童趣
33622,乡绅
33623,狎
33624,收市
33625,高论
33626,都城
33627,行家里手
33628,沁
33629,光面
33630,鹊桥
33631,巴布亚新几内亚
33632,亏得
33633,一蹴而就
33634,间作
33635,同窗
33636,拓扑
33637,余热
33638,络绎不绝
33639,病案
33640,病榻
33641,居功
33642,津津有味
33643,接点
33644,殊不知
33645,频谱
33646,润泽
33647,醚
33648,脑瓜子
33649,收盘
33650,水稻
33651,临场
33652,殒
33653,病况
33654,今世
33655,踌躇不前
33656,病员
33657,尔后
33658,荣辱与共
33659,整肃
33660,以此类推
33661,昴
33662,水牢
33663,急中生智
33664,豆制品
33665,恋恋不舍
33666,法理
33667,字斟句酌
33668,借火
33669,收效
33670,桥面
33671,一望无垠
33672,间或
33673,品学兼优
33674,达官
33675,良善
33676,保皇党
33677,忿怒
33678,狗吃屎
33679,俯卧
33680,龟缩
33681,胡志明
33682,悔过自新
33683,毗
33684,单价
33685,洒脱
33686,管乐器
33687,欢天喜地
33688,新增
33689,赤膊上阵
33690,可变
33691,围脖
33692,锦囊
33693,独辟蹊径
33694,年间
33695,颠沛流离
33696,相斥
33697,抹脖子
33698,自讨没趣
33699,潜泳
33700,豁达
33701,风火轮
33702,融汇
33703,孟加拉湾
33704,大大方方
33705,乳白色
33706,老小
33707,直流电
33708,考生
33709,人丛
33710,鱼死网破
33711,整除
33712,塔罗
33713,同路人
33714,法政
33715,巴望
33716,巍然
33717,排定
33718,无烟煤
33719,规整
33720,泥塑
33721,挟
33722,花腔
33723,远游
33724,得意门生
33725,坑洼
33726,饯行
33727,扳平
33728,见天
33729,利好
33730,回请
33731,洗冤
33732,就学
33733,地久天长
33734,胃镜
33735,推想
33736,繁体
33737,西米
33738,亚得里亚海
33739,古生物
33740,俄罗斯人
33741,铜矿
33742,防疫
33743,伊戈尔
33744,旭
33745,芭拉
33746,排箫
33747,大修
33748,明子
33749,夏利
33750,青岛
33751,玺
33752,篾
33753,博蒙特
33754,渚
33755,微量元素
33756,比尔博
33757,天竺
33758,樽
33759,泷
33760,河童
33761,奥黛莉
33762,鞑
33763,研修
33764,瓦加杜古
33765,考克斯
33766,琵
33767,蚜虫
33768,松井
33769,茸毛
33770,中川
33771,楸
33772,秋叶
33773,高木
33774,头功
33775,尼姆
33776,宗庙
33777,恵
33778,班吉
33779,亚细亚
33780,苏尔
33781,依安
33782,馍
33783,博文
33784,花木兰
33785,汶
33786,总参谋长
33787,单体
33788,施密特
33789,释义
33790,立陶宛人
33791,国泰民安
33792,拉德
33793,实则
33794,肼
33795,大尉
33796,颖
33797,金文
33798,和田
33799,中岛
33800,法兰德斯
33801,大和
33802,白鹤
33803,飘渺
33804,理事长
33805,薏
33806,钍
33807,普朗克
33808,纽奥良
33809,外相
33810,倩
33811,自由体操
33812,夫子
33813,拉力赛
33814,安藤
33815,西格玛
33816,焦黄
33817,达菲
33818,可视电话
33819,活动房
33820,阿哥
33821,清道
33822,冗
33823,大殿
33824,永泰
33825,纳豆
33826,李昂
33827,岱
33828,南纬
33829,双人滑
33830,花子
33831,旻
33832,山城
33833,银元
33834,绍
33835,捕头
33836,岚
33837,联署
33838,玩物丧志
33839,吸盘
33840,编码器
33841,游泳馆
33842,克山
33843,吸铁石
33844,严丝合缝
33845,法兰斯
33846,微米
33847,松果腺
33848,块状
33849,公署
33850,佐佐木
33851,抄录
33852,大宇
33853,百兽
33854,紫丁香
33855,阿尔萨斯
33856,孵化器
33857,普西
33858,奴婢
33859,僚
33860,蛙泳
33861,墨西拿
33862,姨丈
33863,钓具
33864,纽西兰
33865,禅师
33866,檀
33867,阿弟
33868,主语
33869,谓语
33870,榎
33871,茶碗
33872,企望
33873,谙
33874,冻土
33875,讴
33876,拳术
33877,花布
33878,词人
33879,玛芬
33880,奴隶制度
33881,土豚
33882,干爹
33883,通气孔
33884,坑洞
33885,壳牌
33886,盂
33887,性器
33888,佃农
33889,勤务兵
33890,波卡
33891,多瑙河
33892,帕斯
33893,铸币
33894,光气
33895,嗵
33896,仲介
33897,对弈
33898,福田
33899,红霉素
33900,师大
33901,航天器
33902,复读
33903,公转
33904,病夫
33905,银鱼
33906,果汁机
33907,散兵游勇
33908,烧饼
33909,潵
33910,美术品
33911,飨
33912,船民
33913,垃
33914,莱卡
33915,理想国
33916,馆藏
33917,硫化氢
33918,克莉奥佩特拉
33919,火山灰
33920,美兰
33921,散打
33922,马群
33923,石川
33924,钯
33925,仙后座
33926,褥子
33927,水军
33928,法拉
33929,水族箱
33930,博览
33931,咨文
33932,蓓
33933,书生
33934,电离层
33935,永登
33936,洞开
33937,碑铭
33938,拦网
33939,冰霜
33940,大足
33941,萩
33942,嶋
33943,旱獭
33944,四两拨千斤
33945,浆洗
33946,虚数
33947,挺举
33948,丁克
33949,省会
33950,山东
33951,疫病
33952,毒刺
33953,附加费
33954,蛎
33955,姜黄
33956,钢珠
33957,祭祖
33958,体操队
33959,舍己为人
33960,金橘
33961,叛党
33962,匀速
33963,电子管
33964,夹竹桃
33965,挨批
33966,酵母菌
33967,节选
33968,枫木
33969,氙
33970,结语
33971,台中
33972,埃斯库罗斯
33973,史学
33974,军嫂
33975,娑
33976,详实
33977,伕
33978,工党
33979,示例
33980,鲁昂
33981,剑道
33982,狸猫
33983,倭
33984,猩红热
33985,塔希提
33986,回执
33987,哥利亚
33988,珥
33989,富强
33990,诸侯
33991,投递员
33992,加德满都
33993,增兵
33994,菰
33995,日头
33996,乐平
33997,交谊
33998,喀尔巴阡山脉
33999,石蕊
34000,蒸锅
34001,加尔文
34002,玄武岩
34003,扳子
34004,系列片
34005,巾帼
34006,特殊教育
34007,亚哈
34008,靖
34009,祠堂
34010,埃尔金
34011,小黄
34012,格鲁吉亚
34013,保底
34014,先锋派
34015,金龟子
34016,古朴
34017,不衰
34018,缓步
34019,邵
34020,冰晶
34021,论理
34022,党徽
34023,油库
34024,管理费
34025,妇联
34026,灵猫
34027,阿特拉斯
34028,史迪威
34029,妃子
34030,下调
34031,精算师
34032,卡宴
34033,宕
34034,补药
34035,供需
34036,哈布斯堡
34037,歼
34038,枪栓
34039,篦
34040,树冠
34041,瑟缩
34042,空肠
34043,具象
34044,桃源
34045,胎生
34046,平行线
34047,豆类
34048,厄立特里亚
34049,白熊
34050,粉盒
34051,译名
34052,柏柏尔
34053,轼
34054,递补
34055,怀春
34056,追逐赛
34057,耳鼓
34058,俚
34059,网膜
34060,苏里南
34061,信风
34062,风霜
34063,镂空
34064,鲑
34065,肥美
34066,恩仇
34067,暸
34068,青丝
34069,禽类
34070,摇撼
34071,凭吊
34072,二氧化硫
34073,义父
34074,敬语
34075,阿米巴
34076,第纳尔
34077,核糖核酸
34078,提拉米苏
34079,判明
34080,平常心
34081,姨母
34082,橡胶树
34083,使领馆
34084,吐根
34085,强身健体
34086,向心力
34087,欧芹
34088,阙
34089,绒线
34090,棚户区
34091,甾
34092,曾祖
34093,飞轮
34094,低效
34095,纸人
34096,马拉维
34097,晖
34098,镫
34099,木船
34100,锡兰
34101,阻尼
34102,咸兴
34103,肠衣
34104,毡子
34105,农机
34106,破冰船
34107,冷峻
34108,稚气
34109,巨轮
34110,蒙彼利埃
34111,震中
34112,鳎
34113,埔
34114,帘布
34115,复活节岛
34116,攀比
34117,负极
34118,鹫
34119,承建
34120,课业
34121,嘌
34122,鲣
34123,何如
34124,雅马哈
34125,夜袭
34126,卫生球
34127,压岁钱
34128,棉纱
34129,圆规
34130,拉脱维亚
34131,臼
34132,火山学
34133,声明书
34134,作乱
34135,词性
34136,麻油
34137,浣
34138,果树
34139,眼波
34140,精瘦
34141,品红
34142,美乐
34143,融融
34144,展销
34145,政论
34146,红场
34147,复方
34148,插秧
34149,缪斯
34150,复学
34151,佘
34152,临行
34153,教案
34154,蒙古族
34155,怪相
34156,宛
34157,牧群
34158,扩音机
34159,塔吉克斯坦
34160,石阶
34161,甲亢
34162,本内特
34163,土丘
34164,现行犯
34165,顺服
34166,茉莉花茶
34167,巴哈
34168,肃
34169,海迪
34170,狮身人面像
34171,锦缎
34172,辉长岩
34173,才艺秀
34174,发射场
34175,强身
34176,外宾
34177,标尺
34178,市场占有率
34179,电泳
34180,小辫
34181,卢卡
34182,安曼
34183,小金
34184,周公
34185,守恒
34186,普吉
34187,试用品
34188,盈亏
34189,奸计
34190,肺泡
34191,多哥
34192,百褶裙
34193,豆油
34194,大数
34195,宁安
34196,呼叫器
34197,相见恨晚
34198,亚种
34199,古籍
34200,幻景
34201,念诵
34202,联运
34203,外挂
34204,引证
34205,裁军
34206,危殆
34207,接轨
34208,油亮
34209,环环相扣
34210,蓓蕾
34211,贺拉斯
34212,左宗棠
34213,遴选
34214,坯
34215,瘘
34216,囊中羞涩
34217,玉蜀黍
34218,奥斯陆
34219,明矾
34220,莫吉托
34221,合家欢
34222,卷笔刀
34223,角子
34224,毛笔
34225,执拗
34226,秦始皇
34227,白净
34228,要账
34229,放射源
34230,鱼肝油
34231,范式
34232,七分之一
34233,消夜
34234,惩办
34235,续签
34236,暗潮
34237,丞相
34238,聘书
34239,维珍
34240,侠义
34241,不育症
34242,牟
34243,毁伤
34244,冬衣
34245,抗菌素
34246,社会化
34247,灵堂
34248,佛学
34249,教学法
34250,生物战
34251,小产
34252,缆索
34253,小城
34254,谁料
34255,大黄
34256,滴管
34257,室女
34258,铡
34259,淇
34260,福斯
34261,对偶
34262,空防
34263,气象卫星
34264,贴边
34265,追授
34266,自由民主党
34267,塔夫绸
34268,不孕症
34269,赛车场
34270,姻
34271,地震波
34272,记叙
34273,喜宴
34274,人事部门
34275,引咎辞职
34276,半音
34277,衍生物
34278,跳台
34279,阿拉木图
34280,梗概
34281,龙嵩
34282,师长
34283,朦
34284,痊
34285,诵经
34286,报馆
34287,乙肝
34288,图鉴
34289,歌舞团
34290,电表
34291,螺旋藻
34292,勤工俭学
34293,鼓吹者
34294,迦纳
34295,催产
34296,镬
34297,微分
34298,男丁
34299,讹
34300,黄飞鸿
34301,血癌
34302,青翠
34303,审判官
34304,惮
34305,碘化钾
34306,证章
34307,短工
34308,草料
34309,妖气
34310,风能
34311,妖娆
34312,喉音
34313,义愤
34314,洋槐
34315,达尔福尔
34316,断语
34317,弟媳
34318,裇
34319,鹞
34320,阿多尼斯
34321,前驱
34322,三叶虫
34323,风华
34324,常量
34325,集邮册
34326,路透社
34327,雅阁
34328,惊叹号
34329,短衣
34330,雷克萨斯
34331,伊利亚特
34332,贵妃
34333,金昌
34334,诈取
34335,四季豆
34336,各别
34337,冕
34338,达赖
34339,巴祖卡
34340,角膜炎
34341,纂
34342,风沙
34343,拜年
34344,肉松
34345,心驰神往
34346,槟
34347,庄稼汉
34348,胳
34349,凡尔赛宫
34350,电热
34351,含含糊糊
34352,格律
34353,企业主
34354,绒球
34355,自不量力
34356,密令
34357,铁环
34358,擦澡
34359,晴雨表
34360,提货单
34361,电价
34362,槭
34363,低热
34364,寡居
34365,斋期
34366,币值
34367,嚓嚓
34368,苏黎士
34369,深长
34370,见习生
34371,蹶
34372,血吸虫
34373,消费群
34374,伊萨卡
34375,开市
34376,燎
34377,巴尔干
34378,国语
34379,运筹帷幄
34380,国贼
34381,长海
34382,匹夫
34383,即位
34384,诽
34385,重于泰山
34386,明文
34387,铱
34388,掸子
34389,农会
34390,初赛
34391,泰然
34392,叹词
34393,神妙
34394,宰相
34395,翼手龙
34396,地块
34397,肆
34398,斯瓦希里
34399,洲际导弹
34400,谷口
34401,宫城
34402,互信
34403,红山
34404,鼻翼
34405,教条主义
34406,工科
34407,己方
34408,验钞机
34409,万人空巷
34410,儿马
34411,特立尼达
34412,金玉
34413,恳
34414,布施
34415,脉象
34416,照准
34417,冥顽
34418,总书记
34419,泰和
34420,银婚
34421,炷
34422,阿华田
34423,诞辰
34424,痩
34425,胯骨
34426,历史剧
34427,媒婆
34428,事体
34429,北国
34430,跃然纸上
34431,扬长避短
34432,专著
34433,鸵
34434,老丈人
34435,乳齿
34436,江西
34437,痉
34438,一往直前
34439,倾角
34440,删去
34441,笔帽
34442,同床异梦
34443,叹服
34444,镶牙
34445,芝麻油
34446,观后感
34447,脸盆
34448,身先士卒
34449,经血
34450,婚姻法
34451,殓
34452,谒
34453,求是
34454,昏沉
34455,月相
34456,冷艳
34457,高丽参
34458,曲轴
34459,蚤
34460,饲
34461,政治局
34462,禁绝
34463,李斯特
34464,吧嗒
34465,东条英机
34466,白开水
34467,安全阀
34468,希波克拉底
34469,粤
34470,镕
34471,讴歌
34472,眼底
34473,笔杆子
34474,命相
34475,避让
34476,垠
34477,探矿
34478,织锦
34479,荆
34480,黄书
34481,贝塔
34482,三明
34483,马刀
34484,高僧
34485,水貂
34486,增幅
34487,泊位
34488,蜚
34489,交管
34490,尿盆
34491,石工
34492,摩擦力
34493,雏鸡
34494,青铜器
34495,奋发图强
34496,就里
34497,闭幕式
34498,四级
34499,沧海桑田
34500,汉江
34501,甲状腺素
34502,佝偻病
34503,演剧
34504,胶泥
34505,硝酸银
34506,澎
34507,涓涓
34508,亚硝酸盐
34509,宿愿
34510,仕女
34511,水烟
34512,水灵
34513,层级
34514,王侯
34515,馏
34516,偏重
34517,泾渭分明
34518,阿维拉
34519,偏题
34520,摊贩
34521,酸疼
34522,探雷
34523,斑白
34524,民警
34525,悔棋
34526,故事片
34527,芳龄
34528,几多
34529,菩提树
34530,西湖
34531,扫雷
34532,编录
34533,绚
34534,银狐
34535,载荷
34536,锦旗
34537,流光溢彩
34538,积雨云
34539,事在人为
34540,依仗
34541,严防
34542,中草药
34543,幻灯机
34544,胆气
34545,足金
34546,雷阵雨
34547,多糖
34548,外债
34549,大公无私
34550,怄气
34551,减负
34552,口出狂言
34553,思春
34554,扈
34555,猴拳
34556,够戗
34557,压价
34558,普京
34559,圆桌会议
34560,白卷
34561,天安门
34562,腰椎间盘
34563,拖带
34564,养生之道
34565,运动病
34566,卑怯
34567,阿莫西林
34568,凶相毕露
34569,痦子
34570,味同嚼蜡
34571,民不聊生
34572,古今
34573,校订
34574,珐琅质
34575,黏合剂
34576,瘫子
34577,供状
34578,大我
34579,渊
34580,重镇
34581,猛涨
34582,狂言
34583,贺电
34584,服帖
34585,安南
34586,真真
34587,冰糕
34588,毫不客气
34589,克莱蒙特
34590,战列舰
34591,优选
34592,显山露水
34593,婉拒
34594,大梁
34595,大漠
34596,阔步
34597,姥
34598,流程图
34599,大义灭亲
34600,漩
34601,进犯
34602,啥子
34603,嫩叶
34604,白热
34605,兰开斯特
34606,老大妈
34607,周章
34608,细菌战
34609,水平面
34610,耗油量
34611,白米
34612,悲泣
34613,风吹雨打
34614,谋财害命
34615,溃散
34616,哏
34617,加赛
34618,中小学
34619,加试
34620,留底
34621,瞬息
34622,怦然心动
34623,肮
34624,脱俗
34625,形态学
34626,贻贝
34627,封号
34628,旧交
34629,睚眦必报
34630,一年半载
34631,连续不断
34632,发妻
34633,时政
34634,稀有元素
34635,加码
34636,祸福
34637,苯基
34638,内分泌腺
34639,淡水鱼
34640,竖井
34641,风雨飘摇
34642,惊惧
34643,旧友
34644,耳刮子
34645,油印
34646,手抄本
34647,斜阳
34648,住院部
34649,中共
34650,寒心
34651,焚香
34652,角力
34653,中流
34654,历年
34655,蛛蛛
34656,惊厥
34657,糖精
34658,春意
34659,蕈
34660,评比
34661,选课
34662,甘苦
34663,人声鼎沸
34664,奥特曼
34665,任用
34666,着笔
34667,北回归线
34668,走兽
34669,望而却步
34670,启明星
34671,敷料
34672,地线
34673,大姨子
34674,朗姆
34675,蒙蒙
34676,坟头
34677,怒斥
34678,享乐主义
34679,艳照
34680,娇纵
34681,要端
34682,五光十色
34683,大一统
34684,卸职
34685,算子
34686,力保
34687,极化
34688,苯胺
34689,村镇
34690,置业
34691,旧貌
34692,候机楼
34693,鳏
34694,封里
34695,乱石
34696,解题
34697,中耳
34698,野狗
34699,闻风而动
34700,村舍
34701,油饼
34702,隐隐约约
34703,酱紫
34704,撩开
34705,留连
34706,牛栏
34707,殷切
34708,一失足成千古恨
34709,体育场馆
34710,升任
34711,舰只
34712,顺口溜
34713,电化学
34714,量力而行
34715,要旨
34716,近水楼台
34717,腕子
34718,扼腕
34719,加温
34720,遮天蔽日
34721,认账
34722,插口
34723,百闻不如一见
34724,尼加拉瀑布
34725,力战
34726,上层建筑
34727,花花绿绿
34728,知趣
34729,错案
34730,乔木
34731,鱼龙混杂
34732,用度
34733,气象台
34734,就地取材
34735,聚宝盆
34736,英雄无用武之地
34737,风韵犹存
34738,顶风
34739,瞅见
34740,轻取
34741,吉达
34742,换工
34743,维权
34744,梧
34745,管理学
34746,肄业
34747,少年宫
34748,贫贱
34749,脂粉
34750,独生子女
34751,炒米
34752,夫婿
34753,令牌
34754,表决权
34755,降旗
34756,洼地
34757,契据
34758,溪谷
34759,佛寺
34760,黄色炸药
34761,瓜熟蒂落
34762,关怀备至
34763,广播剧
34764,将令
34765,计算尺
34766,大考
34767,粗浅
34768,白蜡
34769,鹅绒
34770,批示
34771,忙不迭
34772,刘德华
34773,八仙
34774,大要
34775,广播室
34776,鸭绿江
34777,空洞无物
34778,粗枝大叶
34779,二心
34780,传达室
34781,纲要
34782,软木
34783,独轮车
34784,发祥地
34785,扎扎实实
34786,贪杯
34787,不意
34788,匮
34789,绛
34790,大江南北
34791,花果山
34792,一马平川
34793,房室
34794,白饭
34795,古装
34796,补足
34797,钢缆
34798,联欢
34799,针头线脑
34800,曾经沧海
34801,查访
34802,重听
34803,喹
34804,自我批评
34805,气鼓鼓
34806,截面
34807,圣婴
34808,保驾
34809,附着物
34810,华里
34811,婀娜
34812,嫌恶
34813,零落
34814,水平仪
34815,可心
34816,百尺竿头
34817,重印
34818,对号
34819,凋落
34820,迸裂
34821,对内
34822,肝肠寸断
34823,交易额
34824,权位
34825,死结
34826,枪杆
34827,穷国
34828,雷厉风行
34829,梅花鹿
34830,编纂
34831,服软
34832,追悔
34833,蝶骨
34834,史奴比
34835,丧尽天良
34836,徒劳无益
34837,职称
34838,恭祝
34839,坐禅
34840,消费品
34841,透亮
34842,婚龄
34843,蠹
34844,老伯伯
34845,阴险毒辣
34846,打坐
34847,猝不及防
34848,欧亚
34849,主人翁
34850,急行军
34851,踌躇满志
34852,纠错
34853,劳模
34854,双氧水
34855,牛市
34856,山楂
34857,星图
34858,逼上梁山
34859,幼体
34860,鱼虫
34861,环氧树脂
34862,自然法
34863,街景
34864,康乐
34865,清心寡欲
34866,风烛残年
34867,摆阔
34868,只说不做
34869,不胜枚举
34870,阴湿
34871,广博
34872,里手
34873,欧姆
34874,果农
34875,回帖
34876,迦南
34877,水涨船高
34878,畚箕
34879,招蜂引蝶
34880,雄健
34881,康定
34882,专营店
34883,撺掇
34884,姑息养奸
34885,高压线
34886,抵押物
34887,适龄
34888,讲坛
34889,淫威
34890,拯
34891,安身立命
34892,叨念
34893,节余
34894,马失前蹄
34895,赘言
34896,龙潭
34897,叫苦
34898,林西
34899,转道
34900,求职者
34901,许配
34902,赘述
34903,壮美
34904,阴功
34905,山体
34906,红头文件
34907,语意
34908,诟病
34909,深谋远虑
34910,水电站
34911,钓鱼台
34912,有增无减
34913,转赠
34914,卖价
34915,输电
34916,符号学
34917,一步到位
34918,豆科
34919,鬼画符
34920,尔虞我诈
34921,瑰丽
34922,番号
34923,捐税
34924,循循善诱
34925,殇
34926,先礼后兵
34927,分属
34928,衩
34929,定钱
34930,砧骨
34931,带头人
34932,宝丽来
34933,包车
34934,怀柔
34935,母系
34936,变电站
34937,落户
34938,古方
34939,分号
34940,镗
34941,索非亚
34942,看得起
34943,高朋满座
34944,绿水
34945,糟心
34946,正负
34947,易燃物品
34948,给付
34949,义女
34950,衣扣
34951,纪念奖
34952,评头品足
34953,弛
34954,挽歌
34955,抖落
34956,说书
34957,光谱分析
34958,贮备
34959,创痕
34960,毒化
34961,生拉硬拽
34962,揣度
34963,争名夺利
34964,愕
34965,官话
34966,劳动改造
34967,白炽灯
34968,印花税
34969,感召力
34970,刚愎自用
34971,洪灾
34972,净收入
34973,蝗灾
34974,怠工
34975,黑洞洞
34976,白令海
34977,面面相觑
34978,不约而同
34979,过眼烟云
34980,习题
34981,伊索
34982,深明大义
34983,来势
34984,奢靡
34985,高压锅
34986,克里特岛
34987,藏污纳垢
34988,短粗
34989,荒山
34990,难兄难弟
34991,恍如
34992,来复线
34993,遐
34994,控制论
34995,斗室
34996,对话框
34997,辨析
34998,你争我夺
34999,杨树
35000,左邻右舍
35001,孵卵
35002,步履维艰
35003,坐椅
35004,含糊其词
35005,分枝
35006,卡尔加里
35007,苦思
35008,城乡
35009,仿皮
35010,精明能干
35011,磨刀霍霍
35012,长毛绒
35013,乒乓球台
35014,常情
35015,黑炭
35016,草书
35017,凭单
35018,正弦
35019,各级
35020,哭穷
35021,超导体
35022,空格键
35023,断点
35024,器件
35025,议政
35026,中间派
35027,队旗
35028,狡滑
35029,撑门面
35030,雪柜
35031,敬奉
35032,车斗
35033,壤
35034,拙作
35035,牛脾气
35036,有声有色
35037,消闲
35038,生力军
35039,分词
35040,结伙
35041,家徒四壁
35042,交流电
35043,莱温斯基
35044,诓骗
35045,信佛
35046,有条有理
35047,映入
35048,豪气
35049,掉换
35050,焦灼
35051,放款
35052,习气
35053,年终奖
35054,遗属
35055,三连胜
35056,贵庚
35057,电子琴
35058,名分
35059,四声
35060,探索性
35061,历久弥新
35062,成年累月
35063,奔命
35064,各奔前程
35065,心惊胆颤
35066,电子版
35067,天网恢恢
35068,不绝于耳
35069,韭菜
35070,雉鸡
35071,炼丹
35072,组织学
35073,医务所
35074,达观
35075,手记
35076,幽怨
35077,赞叹不已
35078,乱弹琴
35079,呆笨
35080,住宅楼
35081,犯得着
35082,两袖清风
35083,摆样子
35084,彩画
35085,右倾
35086,英雄好汉
35087,风云变幻
35088,原生质
35089,檐
35090,包管
35091,孙悟空
35092,守身
35093,渡鸦
35094,抢险
35095,悱
35096,各持己见
35097,正本
35098,惨祸
35099,绵绵不绝
35100,拍案叫绝
35101,伪劣
35102,惊羡
35103,包场
35104,幻梦
35105,嫦娥
35106,才思
35107,锯末
35108,劝诫
35109,险象环生
35110,绚丽多彩
35111,病原
35112,羔
35113,血脂
35114,丈量
35115,塔吉克
35116,水杨酸
35117,别号
35118,盐碱地
35119,嬉笑怒骂
35120,回访
35121,伤病员
35122,壹
35123,触景伤情
35124,记录器
35125,转用
35126,昭然若揭
35127,走江湖
35128,乐极生悲
35129,瓦尔德
35130,忌口
35131,报恩
35132,退换
35133,会意
35134,账房
35135,张三李四
35136,报晓
35137,薄暮
35138,抓取
35139,不忍
35140,图景
35141,统御
35142,拍马
35143,泰斗
35144,重婚罪
35145,奸污
35146,叵
35147,有识之士
35148,草本植物
35149,堂皇
35150,豆瓣酱
35151,宇宙射线
35152,经书
35153,吃不开
35154,阴风
35155,山西
35156,纵隔
35157,茹毛饮血
35158,爆破手
35159,脚背
35160,各抒己见
35161,报幕
35162,唯一性
35163,硬气
35164,言不及义
35165,璀璨夺目
35166,扉
35167,双绞线
35168,水力学
35169,浓艳
35170,鱼种
35171,安家落户
35172,坚贞
35173,甚高频
35174,面市
35175,赋闲
35176,科尔多瓦
35177,苦思冥想
35178,酒令
35179,决议案
35180,靛青
35181,牛马
35182,大喜过望
35183,铰
35184,划不来
35185,装璜
35186,山麓
35187,畜牧
35188,扯裂
35189,冻肉
35190,气喘病
35191,明示
35192,国联
35193,冷暖
35194,笔锋
35195,次氯酸
35196,通商
35197,沿袭
35198,瘁
35199,摇船
35200,国运
35201,榴莲
35202,风疹
35203,神怪
35204,稳如泰山
35205,瞻前顾后
35206,兽行
35207,月老
35208,行路
35209,剿灭
35210,有心人
35211,虚实
35212,贤内助
35213,长石
35214,肝病
35215,出口商
35216,饴糖
35217,虚夸
35218,势不两立
35219,多劳多得
35220,翠鸟
35221,施礼
35222,现场会
35223,陪酒
35224,农事
35225,归程
35226,密电
35227,明处
35228,阴毛
35229,撩拨
35230,大包大揽
35231,血书
35232,平米
35233,秤砣
35234,归依
35235,觥筹交错
35236,改锥
35237,明喻
35238,通牒
35239,施主
35240,盐湖
35241,躁狂症
35242,人事处
35243,单刀赴会
35244,筹募
35245,双喜临门
35246,长叹
35247,横溢
35248,忽闪
35249,乙状结肠
35250,拟人
35251,扫帚星
35252,木鱼
35253,圆弧
35254,马尔他
35255,一手包办
35256,归天
35257,量筒
35258,沉积岩
35259,和颜悦色
35260,崭
35261,晨星
35262,当夜
35263,伊比利亚
35264,冲垮
35265,全南
35266,造次
35267,全权代表
35268,震波
35269,黏住
35270,红叶
35271,哨所
35272,返璞归真
35273,瞠目
35274,酥脆
35275,遐思
35276,防微杜渐
35277,身外之物
35278,一品红
35279,勉励
35280,建功立业
35281,台布
35282,有理数
35283,黑格尔
35284,成名作
35285,末节
35286,拉杆
35287,海米
35288,饱览
35289,海狗
35290,孤掌难鸣
35291,精微
35292,下里巴人
35293,潸
35294,笑脸相迎
35295,瓦匠
35296,嶙峋
35297,复写纸
35298,二分之一
35299,乳白
35300,搏杀
35301,社会活动
35302,河南
35303,语序
35304,清朝
35305,兵荒马乱
35306,同工同酬
35307,拼抢
35308,军民
35309,古生物学
35310,余韵
35311,反语
35312,特为
35313,污痕
35314,割让
35315,切线
35316,绿茵
35317,争锋
35318,近代史
35319,燃眉之急
35320,枕席
35321,南通
35322,流年
35323,东芝
35324,切点
35325,熔炼
35326,冶炼
35327,专事
35328,婆娑
35329,块根
35330,营养品
35331,箝
35332,江东
35333,灯丝
35334,撸
35335,初露锋芒
35336,麦穗
35337,自由王国
35338,造孽
35339,矿渣
35340,乳剂
35341,瑞士人
35342,承袭
35343,眸子
35344,等闲
35345,松露
35346,博物院
35347,骨刺
35348,厦
35349,打天下
35350,蜚声
35351,纨
35352,以柔克刚
35353,颓势
35354,跌价
35355,呋
35356,珠联璧合
35357,负电
35358,清汤
35359,航海家
35360,脉络
35361,上座
35362,叫化子
35363,溯
35364,侨居
35365,影印本
35366,李维斯
35367,互联
35368,南特
35369,木马计
35370,偷空
35371,攀援
35372,承租
35373,异体
35374,江北
35375,活期
35376,乱蓬蓬
35377,潘安
35378,尽收眼底
35379,请调
35380,谋职
35381,俑
35382,巧计
35383,细分
35384,底蕴
35385,虫牙
35386,悼辞
35387,独占鳌头
35388,陈设
35389,暗箱
35390,事主
35391,登岸
35392,荒山野岭
35393,照说
35394,劝解
35395,挑毛病
35396,兵权
35397,相辅相成
35398,阶级斗争
35399,骨血
35400,基点
35401,南开
35402,青花
35403,充塞
35404,准保
35405,苯乙烯
35406,叮咛
35407,跨上
35408,声情并茂
35409,亚硫酸
35410,方法论
35411,争先
35412,年事已高
35413,铁面无私
35414,唇齿相依
35415,着眼点
35416,香粉
35417,荒谬绝伦
35418,宿命论
35419,摹
35420,崇山峻岭
35421,细目
35422,跌破
35423,有为
35424,勃兰登堡
35425,赤脚医生
35426,上水
35427,高帽子
35428,众口一词
35429,戈比
35430,等分
35431,融会贯通
35432,荟萃
35433,讳莫如深
35434,暗害
35435,俸
35436,曲线图
35437,香烛
35438,着意
35439,浩荡
35440,兑付
35441,上期
35442,理直气壮
35443,困顿
35444,剪除
35445,旷日持久
35446,打工仔
35447,先行者
35448,批驳
35449,菲姬
35450,应诊
35451,地缘
35452,麸皮
35453,体征
35454,浅尝辄止
35455,不争
35456,俭
35457,熟习
35458,磕碰
35459,中立国
35460,天蓝
35461,畜牧业
35462,板擦
35463,对流层
35464,国书
35465,荡气回肠
35466,国债
35467,平视
35468,起头
35469,菜市
35470,公德
35471,蚕丝
35472,富态
35473,电磁铁
35474,开讲
35475,引吭高歌
35476,菲律宾人
35477,溏
35478,墨绿色
35479,软着陆
35480,易洛魁
35481,始建
35482,船工
35483,呈送
35484,膀胱炎
35485,忌辰
35486,吨位
35487,掌勺
35488,扁舟
35489,摩挲
35490,故伎
35491,熟手
35492,思虑
35493,积存
35494,饱眼福
35495,检查哨
35496,黄粱一梦
35497,留后路
35498,战抖
35499,起早贪黑
35500,菜板
35501,蓦然
35502,笔法
35503,冒头
35504,兽欲
35505,调入
35506,战祸
35507,门可罗雀
35508,圆锥
35509,馨香
35510,抹煞
35511,墩布
35512,冻疮
35513,积习
35514,积云
35515,五行
35516,数量级
35517,无烟
35518,伉俪
35519,忽忽
35520,红药水
35521,冒名
35522,木器
35523,梦呓
35524,洒水机
35525,细水长流
35526,绞车
35527,海洋学
35528,老实巴交
35529,哑语
35530,铋
35531,瑶
35532,年历
35533,作奸犯科
35534,电焊
35535,缴付
35536,异心
35537,奥委会
35538,雀巢
35539,美甲
35540,花斑
35541,早出晚归
35542,气呼呼
35543,侮
35544,禀赋
35545,芬达
35546,淤积
35547,田径运动
35548,随俗
35549,单元房
35550,景物
35551,个人崇拜
35552,一斑
35553,一方
35554,小商贩
35555,掺假
35556,红男绿女
35557,珍异
35558,化整为零
35559,眼高手低
35560,盟誓
35561,坐井观天
35562,科特迪瓦
35563,抑扬顿挫
35564,紫苏
35565,生产能力
35566,支使
35567,多事之秋
35568,吉尔吉斯斯坦
35569,如数家珍
35570,杀人越货
35571,茶道
35572,金大中
35573,无理数
35574,望眼欲穿
35575,舌根
35576,电报机
35577,个体户
35578,征得
35579,正正
35580,排雷
35581,痍
35582,丹田
35583,秋后算账
35584,代数和
35585,帐幕
35586,疾走
35587,天灾人祸
35588,制式
35589,计价器
35590,圣奥古斯丁
35591,栋梁
35592,烽烟
35593,滑石
35594,无由
35595,景况
35596,话茬
35597,姝
35598,占先
35599,敢作敢为
35600,笑逐颜开
35601,布匹
35602,变速箱
35603,蜗居
35604,维度
35605,癞
35606,亚热带
35607,戕害
35608,抛砖引玉
35609,紧邻
35610,哗变
35611,阿拉丁
35612,损人利己
35613,落落大方
35614,二极管
35615,光度
35616,雷山
35617,淋巴腺
35618,光州
35619,投产
35620,雨靴
35621,整流
35622,镣
35623,航站楼
35624,孺子
35625,半路出家
35626,巩膜
35627,多姿
35628,肟
35629,核裂变
35630,满目
35631,扣帽子
35632,咋呼
35633,泥垢
35634,豪言壮语
35635,走形式
35636,踯躅
35637,藤椅
35638,马友友
35639,嫁祸于人
35640,栈桥
35641,水货
35642,牙龈炎
35643,茸
35644,生肖
35645,札记
35646,高寿
35647,孕吐
35648,天长日久
35649,水螅
35650,咕咚
35651,微血管
35652,石灰岩
35653,高扬
35654,光笔
35655,闺秀
35656,架式
35657,花花肠子
35658,复归
35659,眼病
35660,植根
35661,悔不当初
35662,散光
35663,含笑
35664,神学家
35665,余辉
35666,受访者
35667,斑岩
35668,三五成群
35669,甲胄
35670,略胜一筹
35671,中子弹
35672,铲土机
35673,干贝
35674,扬鞭
35675,山崎
35676,复利
35677,苦大仇深
35678,高汤
35679,纡
35680,保守主义
35681,江东区
35682,强心针
35683,藤井
35684,子程序
35685,增益
35686,光标
35687,厚薄
35688,喜形于色
35689,立传
35690,酗
35691,夜盲症
35692,表叔
35693,索多玛
35694,雷波
35695,代管
35696,华彩
35697,浮桥
35698,涂装
35699,庚
35700,翻然
35701,教育界
35702,西汉
35703,偏巧
35704,捶胸顿足
35705,浮沉
35706,传种
35707,乌纱帽
35708,临街
35709,整备
35710,童男
35711,水灵灵
35712,背鳍
35713,盘绕
35714,层叠
35715,同源
35716,刻度盘
35717,奇缺
35718,犯戒
35719,捏一把汗
35720,沙石
35721,沙盘
35722,雷龙
35723,装卸工
35724,水力发电
35725,民乐
35726,牛毛
35727,装门面
35728,牧歌
35729,艺术片
35730,杈
35731,余数
35732,演义
35733,传诵
35734,余晖
35735,甲方
35736,杏树
35737,约莫
35738,默祷
35739,霄
35740,浮萍
35741,杀灭
35742,锅铲
35743,硝酸钠
35744,土库曼斯坦
35745,芸
35746,悲壮
35747,病根
35748,赠款
35749,抱不平
35750,敌阵
35751,豆腐皮
35752,酿酒业
35753,父系
35754,有机磷
35755,证监会
35756,策动
35757,踩水
35758,硝石
35759,齿冠
35760,冥顽不灵
35761,江河日下
35762,借故
35763,任人唯亲
35764,临刑
35765,法纪
35766,议定
35767,皮克斯
35768,信心百倍
35769,病容
35770,花鸟
35771,尼桑
35772,重元素
35773,兵士
35774,脱钩
35775,早婚
35776,马自达
35777,能屈能伸
35778,父兄
35779,获得性
35780,榖
35781,良苦用心
35782,告急
35783,化纤
35784,街巷
35785,侃侃而谈
35786,细密
35787,临了
35788,晶状体
35789,总分
35790,议价
35791,橹
35792,坤
35793,侧卧
35794,创刊号
35795,统一体
35796,人次
35797,尽数
35798,考入
35799,颔
35800,条码
35801,基本法
35802,鄙弃
35803,自然保护区
35804,生啤酒
35805,参赞
35806,申冤
35807,悔罪
35808,塞维利亚
35809,苦味
35810,慕名
35811,见笑
35812,暴龙
35813,老城
35814,沾光
35815,胡志明市
35816,补给站
35817,离乡背井
35818,弄臣
35819,眼馋
35820,维多利亚州
35821,娇滴滴
35822,抄件
35823,老幺
35824,袜带
35825,倒像
35826,后继有人
35827,授奖
35828,倒叙
35829,倒刺
35830,四边形
35831,杜布罗夫尼克
35832,藻
35833,骄兵必败
35834,抠字眼
35835,东方航空
35836,新井
35837,疏解
35838,辅料
35839,讪笑
35840,椽子
35841,前哨战
35842,走马观花
35843,奔走相告
35844,寻的
35845,桀骜不驯
35846,谢拉
35847,不祥之兆
35848,既得利益
35849,斑块
35850,验票
35851,弑君
35852,歪门邪道
35853,四平八稳
35854,悟性
35855,恋歌
35856,验明
35857,羊肠小道
35858,鸸鹋
35859,讼案
35860,吃闲饭
35861,老父
35862,休止符
35863,眉梢
35864,哥林多
35865,相乘
35866,匿迹
35867,触类旁通
35868,炆
35869,划得来
35870,申斥
35871,节流阀
35872,开小灶
35873,泥人
35874,序数
35875,正经八百
35876,速食店
35877,正房
35878,孛
35879,宫女
35880,秀雅
35881,雅丽
35882,苇
35883,彬
35884,胡图族
35885,野村
35886,苏瓦
35887,澈
35888,吉尔达
35889,大林
35890,外来语
35891,凯尼恩
35892,皮尔森
35893,阿斯兰
35894,欧若拉
35895,麒麟
35896,库伦
35897,格兰芬多
35898,瓦尔基里
35899,卍
35900,绱
35901,兀
35902,杜拜
35903,奶娘
35904,暹粒
35905,玆
35906,普格
35907,美英
35908,基加利
35909,巡抚
35910,搪瓷
35911,烧夷弹
35912,清正
35913,民生
35914,安卓
35915,乌尔姆
35916,杜冷丁
35917,阿德莱德
35918,洋服
35919,枸
35920,艹
35921,吉拉尼
35922,彼拉多
35923,后藤
35924,渋
35925,经传
35926,斡
35927,陈皮
35928,国宾
35929,纬
35930,嘤
35931,稔
35932,斯莱特林
35933,普世
35934,开尔文
35935,字据
35936,萤火
35937,枪术
35938,比勒陀利亚
35939,穂
35940,纳赛尔
35941,铪
35942,睪
35943,基普
35944,皮诺切特
35945,比亚
35946,李维
35947,斋藤
35948,马丘比丘
35949,沙特阿拉伯人
35950,巻
35951,藤原
35952,特里尔
35953,莲藕
35954,无人机
35955,隆德
35956,萨蒂
35957,皓
35958,大典
35959,野驴
35960,集合论
35961,挽具
35962,柰
35963,电视塔
35964,稣
35965,贞烈
35966,法衣
35967,约翰斯顿
35968,兀鹫
35969,琥
35970,宁波
35971,聒
35972,葵花子
35973,门径
35974,努尔哈赤
35975,舅父
35976,超短波
35977,砂岩
35978,附则
35979,祼
35980,沭
35981,攻坚
35982,安西
35983,列岛
35984,查韦斯
35985,阡
35986,笑哈哈
35987,子粒
35988,醉态
35989,宥
35990,约数
35991,燕窝
35992,蒋
35993,锐角
35994,横纹肌
35995,姑爷
35996,安利
35997,共和派
35998,忍冬
35999,泡泡纱
36000,吉布提
36001,箕
36002,擂台赛
36003,鳗鲡
36004,化学键
36005,白露
36006,袖章
36007,李舜臣
36008,康佳
36009,血崩
36010,滤器
36011,八音盒
36012,谟
36013,青龙
36014,哈萨克人
36015,殖
36016,伊斯坦堡
36017,师弟
36018,哗啦啦
36019,纸婚
36020,安达曼群岛
36021,楚楚
36022,西门子
36023,杨百翰
36024,马海毛
36025,船位
36026,箱根
36027,摩尔多瓦
36028,谢赫
36029,祺
36030,曼荼罗
36031,膀臂
36032,费拉
36033,塞勒姆
36034,留言簿
36035,埃塔
36036,抗药性
36037,堑
36038,剋
36039,苯酚
36040,帕尼尼
36041,拉巴特
36042,撑竿跳
36043,噔
36044,塔拉瓦
36045,藤球
36046,生源
36047,保护色
36048,蕃
36049,金刚石
36050,拉普拉斯
36051,活佛
36052,防灾
36053,泽普
36054,萨拉曼卡
36055,印行
36056,贸易额
36057,森田
36058,佩饰
36059,大节
36060,耆
36061,板斧
36062,特克斯
36063,钱庄
36064,爱尔兰共和国
36065,博物
36066,出血热
36067,摄食
36068,文娱
36069,喷壶
36070,转轴
36071,寒窗
36072,氰酸
36073,巴塞隆纳
36074,显明
36075,仟
36076,车辙
36077,祝寿
36078,疫区
36079,掼
36080,耶利哥
36081,炯
36082,雨燕
36083,遗恨
36084,砟
36085,篠
36086,罗圈腿
36087,鞍前马后
36088,阿比让
36089,齐步
36090,鼓噪
36091,阿提拉
36092,画架
36093,印刷体
36094,自强不息
36095,九龙
36096,惶
36097,玖
36098,蒙山
36099,拼版
36100,标灯
36101,谐波
36102,皮筏
36103,订书针
36104,鸨母
36105,快意
36106,随访
36107,培养液
36108,枱
36109,幼发拉底河
36110,图瓦卢
36111,咖喱粉
36112,原田
36113,毖
36114,萨菲
36115,新都
36116,狸
36117,惰
36118,萨那
36119,丑相
36120,亚运会
36121,花卷
36122,罗致
36123,瑞尔
36124,病毒学
36125,嫂嫂
36126,卫视
36127,彩民
36128,稻谷
36129,悬雍垂
36130,獭
36131,琉球
36132,栎
36133,丹阳
36134,冷却塔
36135,佝
36136,舒马赫
36137,加利西亚
36138,漏电
36139,开屏
36140,桀
36141,泥水匠
36142,卷尾猴
36143,昆布
36144,姑母
36145,多元
36146,平叛
36147,侨
36148,瓜德罗普
36149,乌拉尔
36150,椰子汁
36151,禁脔
36152,斜角
36153,勃朗宁
36154,夜叉
36155,原子钟
36156,哈伯
36157,中天
36158,德安
36159,醛
36160,旋梯
36161,射电
36162,时价
36163,隘
36164,故国
36165,湍
36166,发蜡
36167,伤风败俗
36168,坎帕拉
36169,拉斯帕尔马斯
36170,神汉
36171,梅雨
36172,马可尼
36173,茕
36174,辞行
36175,傻瓜相机
36176,福尔
36177,兴旺发达
36178,闲书
36179,锗
36180,股息
36181,男工
36182,捶背
36183,赛璐珞
36184,蒙巴顿
36185,音律
36186,金阳
36187,上等兵
36188,义军
36189,阿克伦
36190,硬脂酸
36191,黑痣
36192,滚圆
36193,车铃
36194,草体
36195,莎草
36196,黑貂
36197,粑
36198,裕仁
36199,婶子
36200,娴
36201,金桔
36202,名媛
36203,蒙罗维亚
36204,克里特
36205,金石
36206,硼酸
36207,髯
36208,硬座
36209,鳐
36210,戛
36211,滂沱
36212,夙敌
36213,佃
36214,华盖
36215,西斯廷
36216,泸
36217,伽马
36218,诏
36219,口译
36220,眨巴
36221,军政府
36222,盐碱
36223,镴
36224,震源
36225,公安局
36226,温布尔登
36227,残月
36228,铡刀
36229,薪俸
36230,虹吸
36231,海内
36232,骨化
36233,清泉
36234,罗经
36235,泻湖
36236,签字笔
36237,陈货
36238,诹
36239,龙山
36240,田七
36241,国民党
36242,阳春面
36243,板桥
36244,铿
36245,禹
36246,讣闻
36247,公办
36248,华航
36249,战旗
36250,磁体
36251,木剑
36252,善忘
36253,聚苯乙烯
36254,讷河
36255,弄堂
36256,异同
36257,罩袍
36258,徙
36259,亡国
36260,织补
36261,石柱
36262,水运
36263,藤本
36264,植株
36265,殷
36266,鼓风
36267,芸豆
36268,李德
36269,赏月
36270,蒸馏器
36271,海警
36272,康科德
36273,髭
36274,歹人
36275,富士通
36276,甲骨文
36277,沙士
36278,沙律
36279,埃涅阿斯
36280,策应
36281,背囊
36282,刚强
36283,新城
36284,年金
36285,凝集
36286,三菱
36287,萨摩
36288,爬格子
36289,罗城
36290,谚
36291,试行
36292,招降
36293,黄麻
36294,安纳托利亚
36295,琢
36296,假公济私
36297,安神
36298,校风
36299,马斯河
36300,孱
36301,空港
36302,空泛
36303,油盐酱醋
36304,静冈县
36305,格罗兹尼
36306,坐骨
36307,书画
36308,白山
36309,厦门
36310,候车室
36311,绿松石
36312,周波
36313,嬗变
36314,冰水
36315,扑空
36316,安人
36317,糯
36318,毛坯
36319,困厄
36320,吐丝
36321,水翼船
36322,零零星星
36323,赴任
36324,旧俗
36325,评奖
36326,掰腕子
36327,波峰
36328,李嘉诚
36329,席子
36330,佰
36331,发愣
36332,凯旋门
36333,方丈
36334,产区
36335,韩江
36336,壕
36337,草屋
36338,托洛茨基
36339,鬼魔
36340,绿林好汉
36341,发辫
36342,污染区
36343,贻笑大方
36344,七巧板
36345,凄美
36346,刊载
36347,淡水湖
36348,大姨
36349,棉裤
36350,苏美尔
36351,吉隆
36352,尼日尔
36353,复会
36354,舒芙蕾
36355,老龄化
36356,废置
36357,稀土
36358,叉腰
36359,穆沙拉夫
36360,动物油
36361,馐
36362,纳吉布
36363,额定
36364,尘俗
36365,荠菜
36366,大邱
36367,大模大样
36368,查考
36369,孤高
36370,坳
36371,瑰
36372,凝血酶
36373,大鼓
36374,对攻
36375,配用
36376,丽水
36377,剃度
36378,玻璃罩
36379,袖标
36380,来华
36381,滋补品
36382,卡斯特里
36383,集镇
36384,死缓
36385,燃料油
36386,国势
36387,克赖斯特彻奇
36388,招贤纳士
36389,统计表
36390,忠义
36391,编目
36392,书院
36393,窜逃
36394,密约
36395,椰蓉
36396,飞禽
36397,骥
36398,蜂蜡
36399,组分
36400,鸟类学
36401,牵牛
36402,绣花鞋
36403,现代派
36404,打前站
36405,脚爪
36406,打眼
36407,丁冬
36408,急救站
36409,软泥
36410,福克纳
36411,叨唠
36412,金沙萨
36413,拖网
36414,狨
36415,股利
36416,信用社
36417,冲剂
36418,节子
36419,半壁江山
36420,惯量
36421,山峡
36422,符文
36423,髌骨
36424,官非
36425,藁
36426,质检
36427,正切
36428,乒乓球拍
36429,凹坑
36430,穿小鞋
36431,裙带
36432,落枕
36433,数点
36434,威仪
36435,西林区
36436,地老天荒
36437,核燃料
36438,哀泣
36439,荷花
36440,麻酱
36441,字画
36442,加拉帕戈斯群岛
36443,洋琴
36444,旗开得胜
36445,杓
36446,自谦
36447,音素
36448,雕版
36449,守势
36450,影碟机
36451,分母
36452,走弯路
36453,义勇军
36454,囟
36455,影展
36456,司马
36457,上首
36458,囤积居奇
36459,解嘲
36460,全勤
36461,浓缩铀
36462,南回归线
36463,义士
36464,雪暴
36465,解放区
36466,懊
36467,碳酸钠
36468,放权
36469,幽幽
36470,狮子头
36471,马鲛鱼
36472,金夏沙
36473,姘妇
36474,草食
36475,炼乳
36476,兰姆
36477,炸糕
36478,幽禁
36479,埂
36480,迅疾
36481,拜师
36482,长篇小说
36483,抖搂
36484,膦
36485,偿债
36486,汉口
36487,金合欢
36488,鱼雷艇
36489,荡涤
36490,锯条
36491,走私货
36492,浬
36493,宾治
36494,经络
36495,塔吉克人
36496,家法
36497,佻
36498,风纪
36499,瓦尔纳
36500,林县
36501,庵
36502,依然如故
36503,雪铁龙
36504,伟力
36505,点金术
36506,产能
36507,裨益
36508,文化大革命
36509,阿斗
36510,鳝鱼
36511,柴油机
36512,类毒素
36513,密实
36514,熟铁
36515,菲菲
36516,头绳
36517,裤腰
36518,深井
36519,金翅雀
36520,农户
36521,连枷
36522,葵花
36523,蔚山
36524,神交
36525,奄
36526,河狸
36527,髻
36528,海潮
36529,香蒲
36530,乌青
36531,合叶
36532,河神
36533,支解
36534,钧
36535,梓
36536,警衔
36537,骨碌
36538,河曲
36539,骨病
36540,褡
36541,骨瘤
36542,先天不足
36543,霹
36544,主席团
36545,反诘
36546,细胞膜
36547,秋色
36548,等价交换
36549,鼻烟
36550,鼻炎
36551,互斥
36552,夹角
36553,连字号
36554,清盘
36555,格洛斯特郡
36556,阳春白雪
36557,多项式
36558,忿
36559,振幅
36560,乞食
36561,银屏
36562,逆光
36563,整流器
36564,锔
36565,以讹传讹
36566,静修
36567,白蜡树
36568,细化
36569,蝮蛇
36570,熔融
36571,卞
36572,海宁
36573,怔
36574,驼子
36575,竹笋
36576,提花
36577,线段
36578,稿酬
36579,图卢兹
36580,莱比锡
36581,微机
36582,置之死地而后生
36583,费洛蒙
36584,南下
36585,乌木
36586,灯节
36587,细碎
36588,工龄
36589,壁龛
36590,起亚
36591,镁粉
36592,阿美尼亚
36593,乌兹别克人
36594,结石
36595,茅舍
36596,废液
36597,嘶叫
36598,顶板
36599,国殇
36600,帮厨
36601,辘
36602,育儿袋
36603,俭省
36604,中继器
36605,界碑
36606,规范化
36607,萧邦
36608,远藤
36609,争权夺利
36610,青花瓷
36611,巴豆
36612,旗袍
36613,试样
36614,砸锅卖铁
36615,匆
36616,皇粮
36617,全日空
36618,笆
36619,涂脂抹粉
36620,皇城
36621,士人
36622,千岛湖
36623,假案
36624,蛋白石
36625,尚武
36626,乐音
36627,塔河
36628,乐都
36629,塔林
36630,诺曼第
36631,强震
36632,水陆
36633,沧
36634,蔷
36635,石竹
36636,昂扬
36637,无产者
36638,客轮
36639,芸芸
36640,庶
36641,廖
36642,复工
36643,润饰
36644,泠
36645,代换
36646,制动器
36647,甲酸
36648,瞩
36649,李安
36650,祯
36651,干扰素
36652,奇绝
36653,图林根
36654,呓
36655,政法
36656,水城
36657,干流
36658,抗震
36659,病愈
36660,青壮年
36661,恣
36662,蓝藻
36663,马芬
36664,沙河
36665,拍卖商
36666,避嫌
36667,虬
36668,吾辈
36669,书斋
36670,硅酮
36671,水疱
36672,沙岩
36673,胶体
36674,教头
36675,余弦
36676,脑际
36677,耿
36678,布朗士
36679,硅藻
36680,巩
36681,苦刑
36682,偏振光
36683,小熊座
36684,规例
36685,智人
36686,本科生
36687,哈恩
36688,斯威士兰
36689,串供
36690,光宗耀祖
36691,西域
36692,陈规陋习
36693,敦刻尔克
36694,钢丝绳
36695,假说
36696,三段论
36697,送殡
36698,排印
36699,鹾
36700,宅院
36701,丰姿
36702,捍
36703,售后服务
36704,讲习班
36705,肾炎
36706,眉睫
36707,热水袋
36708,载运
36709,佳洁士
36710,倒灌
36711,敕
36712,奸险
36713,坦途
36714,须眉
36715,诉讼法
36716,太公
36717,气节
36718,悲凉
36719,幸会
36720,荏
36721,方方正正
36722,辊
36723,握力
36724,胜似
36725,摘抄
36726,辞令
36727,鞭长莫及
36728,职衔
36729,檫
36730,缘起
36731,肋间肌
36732,汇编
36733,折扇
36734,进价
36735,大东
36736,标定
36737,三角铁
36738,砹
36739,多礼
36740,猴戏
36741,安祥
36742,民主化
36743,分列式
36744,汤力水
36745,后父
36746,二老
36747,减震
36748,热电偶
36749,效法
36750,满坑满谷
36751,打擂台
36752,次女
36753,医理
36754,嫌隙
36755,小舌
36756,强弩之末
36757,白城
36758,百废待兴
36759,计价
36760,外侨
36761,奸臣
36762,蹑
36763,豪华型
36764,大宝
36765,大安
36766,蟹黄
36767,涡旋
36768,集权
36769,镇守
36770,挖墙脚
36771,靳
36772,硬梆梆
36773,空暇
36774,依兰
36775,白带
36776,稚
36777,吽
36778,逗哏
36779,多哈
36780,消暑
36781,车水马龙
36782,地黄
36783,安第斯山脉
36784,冰砖
36785,愁苦
36786,对骂
36787,保德
36788,权能
36789,蜂王
36790,胚胎学
36791,百度
36792,销子
36793,其三
36794,化学战
36795,汇兑
36796,怙
36797,氨气
36798,近年
36799,太子港
36800,躬身
36801,根底
36802,腆
36803,炒冷饭
36804,祢
36805,鱼目混珠
36806,耳聪目明
36807,钢轨
36808,后任
36809,毛收入
36810,膘肥体壮
36811,本义
36812,普法
36813,核技术
36814,权谋
36815,屈光度
36816,叩首
36817,一病不起
36818,贤淑
36819,潭水
36820,大班
36821,亮堂
36822,畅想
36823,磁悬浮
36824,黎曼
36825,三番五次
36826,栽倒
36827,重聚
36828,微贱
36829,蛰居
36830,晌午
36831,正职
36832,里弗赛德
36833,博大精深
36834,民风
36835,高强
36836,近东
36837,输送带
36838,书局
36839,大跃进
36840,履约
36841,折光
36842,聊以
36843,圣药
36844,家政学
36845,冉
36846,阜
36847,后年
36848,补缺
36849,当事者
36850,晦
36851,掷地有声
36852,太婆
36853,梁山
36854,商号
36855,圣约瑟夫
36856,怒容
36857,先导
36858,印泥
36859,朝日
36860,外办
36861,马恩岛
36862,商埠
36863,万家灯火
36864,底数
36865,离休
36866,纵横交错
36867,威风凛凛
36868,喀土穆
36869,山梁
36870,印染
36871,久别
36872,甜橙
36873,搀杂
36874,延展性
36875,料及
36876,骶
36877,劳而无功
36878,危房
36879,大义
36880,高露洁
36881,料器
36882,长波
36883,莫衷一是
36884,原子量
36885,立体图
36886,拉丁字母
36887,连珠炮
36888,印刷业
36889,缳
36890,站牌
36891,词尾
36892,嘘寒问暖
36893,阿比西尼亚
36894,走穴
36895,下挫
36896,脱开
36897,貌合神离
36898,濒于
36899,玉露
36900,辺
36901,意兴
36902,点阵
36903,唯物主义
36904,不卑不亢
36905,九分之一
36906,飒飒
36907,经久不息
36908,力道
36909,旋即
36910,靶机
36911,北达科他
36912,纪年
36913,屡教不改
36914,裸麦
36915,桦木
36916,屠户
36917,消解
36918,入木三分
36919,补办
36920,阿拉伯半岛
36921,贝加尔湖
36922,万水千山
36923,祖祖辈辈
36924,草草收场
36925,波德
36926,剩余价值
36927,众星捧月
36928,佳话
36929,祸及
36930,蝗
36931,毛猪
36932,时令
36933,剥削者
36934,饮水器
36935,交易日
36936,赶集
36937,观察哨
36938,先烈
36939,工学院
36940,下工
36941,暖色
36942,孽障
36943,知交
36944,港口区
36945,汇演
36946,商科
36947,中方
36948,春播
36949,口诛笔伐
36950,禀性
36951,汩汩
36952,由此可见
36953,中央集权
36954,艳羡
36955,暖风
36956,眉清目秀
36957,吉凶
36958,吉兆
36959,佛门
36960,毽子
36961,獴
36962,危局
36963,绝缘体
36964,论争
36965,哈米吉多顿
36966,中秋
36967,商旅
36968,耗损
36969,立法委员
36970,含饴弄孙
36971,幕墙
36972,门对
36973,耗材
36974,抛物面
36975,萦
36976,惊恐万状
36977,蒙巴萨
36978,娇羞
36979,库藏
36980,亟
36981,区位
36982,托福
36983,愣头愣脑
36984,出口额
36985,舞剑
36986,腹水
36987,伦琴
36988,并吞
36989,邸
36990,笞
36991,朱红
36992,地貌
36993,弘扬
36994,炊烟
36995,窨
36996,毛重
36997,小金库
36998,燃煤
36999,油菜
37000,缺德事
37001,脱肛
37002,虚妄
37003,经济作物
37004,纪要
37005,结核病
37006,含片
37007,抚恤
37008,笑谈
37009,卸装
37010,久长
37011,劳动模范
37012,白骨精
37013,下乡
37014,绿油油
37015,舞弄
37016,混水摸鱼
37017,唱针
37018,属国
37019,倚赖
37020,倒映
37021,渔港
37022,斜度
37023,药到病除
37024,斑马线
37025,科茨沃尔德
37026,事业心
37027,党魁
37028,褔
37029,贝纳通
37030,投票率
37031,劳什子
37032,科举
37033,抚爱
37034,毛豆
37035,偕同
37036,毛象
37037,解调
37038,手书
37039,涤
37040,皮开肉绽
37041,酉
37042,殷实
37043,轻慢
37044,殿卫
37045,锲
37046,皇亲国戚
37047,脱靶
37048,阿留申群岛
37049,罪恶滔天
37050,因地制宜
37051,要子
37052,各行其是
37053,同业公会
37054,苍茫
37055,启封
37056,故而
37057,四通八达
37058,亚硝酸
37059,大运河
37060,奥斯曼
37061,加权
37062,拱桥
37063,炳
37064,点明
37065,聘礼
37066,圣约
37067,高新技术
37068,各执一词
37069,齿根
37070,大帅
37071,军国主义
37072,并称
37073,执政党
37074,岷
37075,勤学苦练
37076,碳酸盐
37077,朝觐
37078,祸首
37079,腹带
37080,哄抢
37081,愁肠百结
37082,华达呢
37083,内弟
37084,卡农
37085,拾取
37086,筵
37087,消损
37088,朝野
37089,内室
37090,甘德
37091,沧桑感
37092,林肯郡
37093,原子笔
37094,孀
37095,流荡
37096,互通有无
37097,印鉴
37098,巴别塔
37099,冬菇
37100,豪雨
37101,苍鹰
37102,柴科夫斯基
37103,瓦努阿图
37104,圣礼
37105,微秒
37106,毋宁
37107,美滋滋
37108,三角学
37109,优生
37110,猛跌
37111,河蚌
37112,化学能
37113,备品
37114,一目十行
37115,泄底
37116,狞笑
37117,亚齐
37118,扶手椅
37119,校徽
37120,欢欢喜喜
37121,木村
37122,票箱
37123,博世
37124,放空炮
37125,宝贝疙瘩
37126,畅顺
37127,外长
37128,库尔
37129,大连
37130,蓄水
37131,淀
37132,介乎
37133,闲情逸致
37134,芥子气
37135,计步器
37136,欢娱
37137,豆苗
37138,藜
37139,凸轮
37140,尚可
37141,物理疗法
37142,悲苦
37143,咬嚼
37144,普选
37145,烹饪法
37146,龈
37147,有口皆碑
37148,试金石
37149,麦地那
37150,次货
37151,普降
37152,椿
37153,迭起
37154,足下
37155,蓄积
37156,贪求
37157,混淆是非
37158,阳寿
37159,重洋
37160,璞
37161,贺词
37162,初等教育
37163,愁绪
37164,踏雪
37165,棋谱
37166,迎春花
37167,小强
37168,强买强卖
37169,小幅
37170,豆花
37171,死信
37172,安阳
37173,逋
37174,捡拾
37175,根须
37176,伙夫
37177,安卡拉
37178,不言不语
37179,欢畅
37180,垂直线
37181,不遂
37182,苏州
37183,荤菜
37184,安闲
37185,交接班
37186,哺
37187,以次
37188,指甲盖
37189,阳极
37190,圣心
37191,小春
37192,效验
37193,遮羞
37194,锐意
37195,白头翁
37196,蒙蒙亮
37197,解放后
37198,杳
37199,民以食为天
37200,关停
37201,岗楼
37202,小民
37203,古田
37204,关公
37205,叩头
37206,世贸组织
37207,不粘锅
37208,后账
37209,技校
37210,泓
37211,顽疾
37212,默读
37213,所有格
37214,安营
37215,刚正
37216,教职工
37217,夜不闭户
37218,搞活
37219,小球
37220,对仗
37221,打桩
37222,有始无终
37223,医道
37224,劲旅
37225,外来词
37226,泪如雨下
37227,刚性
37228,大雁
37229,潮气
37230,速度计
37231,多达
37232,多边
37233,金钱豹
37234,连锅端
37235,百无禁忌
37236,崁
37237,粗劣
37238,值夜
37239,欧亚大陆
37240,妯娌
37241,座子
37242,善男信女
37243,目力
37244,全斗焕
37245,统计员
37246,出操
37247,玻璃体
37248,与世长辞
37249,倏然
37250,文秘
37251,发育期
37252,锿
37253,险要
37254,因小失大
37255,铁锨
37256,改错
37257,抓药
37258,凤仙花
37259,铁马
37260,鱼苗
37261,饮水思源
37262,舛
37263,定音鼓
37264,山歌
37265,热得快
37266,色拉油
37267,公式化
37268,雕饰
37269,捷豹
37270,爆炒
37271,捷达
37272,翩
37273,飘泊
37274,山火
37275,秆
37276,缉私
37277,高级中学
37278,镅
37279,喜乐
37280,回单
37281,名不符实
37282,黑龙江
37283,中老年
37284,果不其然
37285,钝角
37286,中老年人
37287,打伞
37288,岔流
37289,老虎凳
37290,灵长目
37291,株式会社
37292,阴曹
37293,黄体酮
37294,白金汉郡
37295,文学史
37296,目下
37297,名存实亡
37298,绯红
37299,名目
37300,长三
37301,卖春
37302,马斯克
37303,丸剂
37304,舍下
37305,进项
37306,瘳
37307,创业者
37308,尼米兹
37309,男单
37310,仙桃
37311,文库
37312,粉扑
37313,黄斑
37314,飞升
37315,胄
37316,鸿门宴
37317,出气口
37318,树种
37319,图坦卡蒙
37320,回潮
37321,叔伯
37322,布拉吉
37323,喷墨
37324,群架
37325,悬臂
37326,旁门
37327,泡饭
37328,嫡
37329,脏乱差
37330,宝岛
37331,念念有词
37332,蜣螂
37333,欧巴桑
37334,从江
37335,爆冷
37336,月中
37337,为虎作伥
37338,果皮
37339,湄
37340,速射
37341,喜气
37342,除号
37343,乌兰巴托
37344,电钮
37345,酒花
37346,媳
37347,莹
37348,生产率
37349,浸没
37350,叔公
37351,断裂带
37352,语种
37353,升压
37354,淫亵
37355,浸润
37356,瑭
37357,盘石
37358,哈哈镜
37359,猝然
37360,蓬乱
37361,凶相
37362,那末
37363,褡裢
37364,牵就
37365,语音学
37366,猫熊
37367,礼赞
37368,菱
37369,客饭
37370,齐集
37371,立项
37372,款子
37373,短句
37374,运程
37375,苦境
37376,假冒伪劣
37377,磁铁矿
37378,沉吟
37379,肉鸡
37380,煸
37381,霎时间
37382,午时
37383,倒行逆施
37384,音变
37385,数控
37386,质料
37387,蜜柑
37388,前导
37389,良性肿瘤
37390,严词
37391,腋
37392,说媒
37393,福泽
37394,运输量
37395,洪堡
37396,呻
37397,鱼肚白
37398,还原剂
37399,愚鲁
37400,数理
37401,圆心
37402,黑店
37403,银两
37404,幽香
37405,玉米花
37406,独霸
37407,动因
37408,售票口
37409,落笔
37410,功名
37411,官职
37412,庞杂
37413,磁带机
37414,疖
37415,众人拾柴火焰高
37416,法学家
37417,悲歌
37418,心细
37419,双杠
37420,灶间
37421,说亲
37422,俸禄
37423,煤焦油
37424,圣卢西亚
37425,反动派
37426,气吁吁
37427,对开
37428,中篇小说
37429,敬告
37430,定货
37431,斥资
37432,质点
37433,拜金主义
37434,耿直
37435,抗坏血酸
37436,献宝
37437,勤务员
37438,痹
37439,场区
37440,电烙铁
37441,妖媚
37442,友邦
37443,中国人
37444,桉
37445,秉承
37446,千军万马
37447,茚
37448,鞋楦
37449,遗风
37450,布告栏
37451,大敌当前
37452,前瞻
37453,香子兰
37454,自由度
37455,义齿
37456,牌九
37457,遗腹子
37458,安适
37459,少壮派
37460,哈拉雷
37461,忆苦思甜
37462,痛定思痛
37463,弹簧门
37464,波塞冬
37465,健儿
37466,斯特拉特福
37467,二把刀
37468,株连
37469,衣夹
37470,撰
37471,大惊失色
37472,献血者
37473,钻机
37474,抢亲
37475,雕刻品
37476,嗷嗷待哺
37477,干女儿
37478,麦德林
37479,氯化氢
37480,储气罐
37481,博尔德
37482,首轮
37483,杨梅
37484,前朝
37485,两会
37486,尾鳍
37487,满当当
37488,变奏曲
37489,有恃无恐
37490,洪涝
37491,吞吐
37492,终身大事
37493,松江
37494,吹胡子瞪眼
37495,樟脑丸
37496,洋气
37497,嚣张气焰
37498,优裕
37499,羸弱
37500,创刊
37501,戾
37502,得天独厚
37503,痛快淋漓
37504,饮泣
37505,科罗娜
37506,涤荡
37507,手不释卷
37508,和会
37509,中长跑
37510,姨夫
37511,水彩画
37512,购物券
37513,珐琅
37514,奔月
37515,官场
37516,敬赠
37517,峻
37518,腘
37519,鞋袜
37520,呆傻
37521,七窍生烟
37522,庸碌
37523,卢瓦尔河
37524,搭钩
37525,浓墨重彩
37526,官府
37527,盥洗
37528,处治
37529,右派
37530,遗照
37531,义肢
37532,官宦
37533,凑份子
37534,渺无人烟
37535,递增
37536,哈里斯堡
37537,踊跃
37538,百年不遇
37539,馋涎欲滴
37540,斯诺克
37541,包尔
37542,耐磨
37543,爱岗敬业
37544,胸无大志
37545,绸子
37546,耐穿
37547,囡
37548,通信地址
37549,仞
37550,基隆
37551,资财
37552,脑力劳动
37553,腑
37554,子子孙孙
37555,遗族
37556,柩
37557,贵方
37558,左传
37559,巯
37560,趋同
37561,引得
37562,金华
37563,宽畅
37564,前述
37565,高风亮节
37566,有头有尾
37567,组织法
37568,皮脂腺
37569,矽肺
37570,真知灼见
37571,量角器
37572,断案
37573,定例
37574,鼻烟盒
37575,为准
37576,马赛曲
37577,邋
37578,狮子山
37579,冗余
37580,色度
37581,严打
37582,劳逸结合
37583,创见
37584,严整
37585,元年
37586,针织品
37587,定睛
37588,首尾
37589,歇后语
37590,心胆
37591,耿耿
37592,垂暮之年
37593,正电
37594,坦陈
37595,天门冬
37596,和数
37597,不甘寂寞
37598,分庭抗礼
37599,尺蠖
37600,活菩萨
37601,白发苍苍
37602,婴幼儿
37603,飘带
37604,声泪俱下
37605,肉皮
37606,信筒
37607,砂子
37608,功德无量
37609,蚂蟥
37610,和缓
37611,瀬
37612,澳大利亚联邦
37613,学无止境
37614,揠
37615,左思
37616,长吁短叹
37617,做操
37618,自忖
37619,正比
37620,页岩
37621,宽待
37622,贵金属
37623,边塞
37624,特立尼达和多巴哥
37625,酥软
37626,欢悦
37627,班会
37628,平顶山
37629,高深莫测
37630,正教
37631,百步穿杨
37632,风挡
37633,衣襟
37634,名位
37635,奔丧
37636,明察秋毫
37637,把脉
37638,诣
37639,石斑鱼
37640,误工
37641,电杆
37642,勤俭
37643,吭气
37644,翘板
37645,沙县
37646,简史
37647,龙蒿
37648,谊
37649,回落
37650,别字
37651,五月节
37652,西番莲
37653,麻脸
37654,越秀
37655,细软
37656,旗帜鲜明
37657,劝诱
37658,砖瓦
37659,报端
37660,邪气
37661,回返
37662,刀背
37663,授人以柄
37664,如花似玉
37665,爱琴海
37666,薄礼
37667,填鸭式
37668,二话没说
37669,病句
37670,余孽
37671,均势
37672,喜酒
37673,段位
37674,峥嵘岁月
37675,赛博
37676,拉练
37677,图版
37678,薄纸
37679,午前
37680,乙方
37681,二来
37682,分数线
37683,沙俄
37684,珠江
37685,边角料
37686,遮阳板
37687,佳绩
37688,图恩
37689,龙门
37690,推而广之
37691,封地
37692,生态学
37693,经纬
37694,风箱
37695,暖烘烘
37696,山羊绒
37697,博士后
37698,礼教
37699,金沙
37700,付印
37701,酒意
37702,妊
37703,秋高气爽
37704,奈洛比
37705,装帧
37706,工薪族
37707,宾格
37708,不可分割
37709,鱼具
37710,伏罪
37711,桃仁
37712,劝退
37713,旁门左道
37714,啮合
37715,咆
37716,哈迪斯
37717,热处理
37718,居留证
37719,匈
37720,劳资
37721,会友
37722,画法
37723,安大略省
37724,家宅
37725,半票
37726,希伯莱文
37727,沥
37728,椰油
37729,图尔
37730,报关
37731,种植业
37732,文风
37733,宠信
37734,渲
37735,酣
37736,酒具
37737,阋
37738,番薯
37739,磋
37740,出迎
37741,娴静
37742,股长
37743,家兄
37744,低矮
37745,规律性
37746,大白话
37747,退守
37748,装料
37749,惠普
37750,变老
37751,释迦牟尼
37752,望而生畏
37753,改成
37754,受权
37755,舍己救人
37756,母机
37757,宾主
37758,啼哭
37759,戴表
37760,聩
37761,心急火燎
37762,噙
37763,流毒
37764,咨
37765,调幅
37766,统率
37767,受戒
37768,窜改
37769,叫屈
37770,赤褐色
37771,法塔赫
37772,懦
37773,明虾
37774,小羊
37775,凹凸不平
37776,打算盘
37777,画皮
37778,流民
37779,电学
37780,碳化物
37781,统管
37782,嵩山
37783,主干线
37784,唾骂
37785,海森堡
37786,负荆请罪
37787,阿塞拜疆
37788,霎时
37789,梅派
37790,批复
37791,阻燃
37792,车马
37793,横山
37794,茗
37795,前半夜
37796,典籍
37797,执委会
37798,农历
37799,红扑扑
37800,长拳
37801,渐变
37802,滚水
37803,驿
37804,节衣缩食
37805,天伦
37806,国营
37807,国葬
37808,弗格森
37809,瑞典人
37810,浩浩荡荡
37811,冲杀
37812,机宜
37813,瞿
37814,壁垒
37815,撩乱
37816,月饼
37817,顷
37818,批号
37819,丙烯
37820,机床
37821,交杯酒
37822,夏延
37823,沃野
37824,摩丝
37825,绑腿
37826,唾液腺
37827,秘传
37828,棉衣
37829,熏染
37830,优生学
37831,引申义
37832,深秋
37833,椽
37834,各自为政
37835,长物
37836,圆环
37837,证交所
37838,鬼使神差
37839,蚕豆
37840,天山
37841,带鱼
37842,宋代
37843,盲流
37844,明澈
37845,协理
37846,挑花
37847,借题发挥
37848,长白
37849,肥肠
37850,葱郁
37851,饼子
37852,密使
37853,体貌
37854,天公
37855,原虫
37856,锈蚀
37857,高歌猛进
37858,笔者
37859,兼营
37860,天坛
37861,押车
37862,菲薄
37863,秀才
37864,结膜
37865,建都
37866,擘
37867,娇宠
37868,贩运
37869,隐讳
37870,隐语
37871,开票
37872,孑立
37873,至交
37874,门类
37875,平素
37876,悍然
37877,输尿管
37878,黑沉沉
37879,通盘
37880,庄子
37881,狗年
37882,垂线
37883,吸烟室
37884,热呼呼
37885,歪歪斜斜
37886,隽
37887,机务段
37888,略图
37889,官架子
37890,保护主义
37891,跗
37892,长乐
37893,调速
37894,至宝
37895,晏
37896,剪枝
37897,牙床
37898,协办
37899,木香
37900,抖擞精神
37901,长势
37902,曝光表
37903,迷魂阵
37904,叛贼
37905,磊磊
37906,男篮
37907,结队
37908,帮腔
37909,炉台
37910,曲率
37911,抱病
37912,长安
37913,预购
37914,归心
37915,归并
37916,筚
37917,必由之路
37918,懊丧
37919,孳生
37920,牟取
37921,冲床
37922,违者
37923,宋朝
37924,叱责
37925,憨厚
37926,陈兵
37927,严于律己
37928,蹉跎
37929,裸机
37930,版式
37931,火柱
37932,竹马
37933,清朗
37934,微醺
37935,墨汁
37936,跌跤
37937,主轴
37938,合办
37939,便桶
37940,清代
37941,奠
37942,综述
37943,买断
37944,切削
37945,切切
37946,烟筒
37947,世态炎凉
37948,直愣愣
37949,英武
37950,购买力
37951,堪忧
37952,其貌不扬
37953,脊髓炎
37954,航空站
37955,枪乌贼
37956,绵长
37957,袅袅
37958,上访
37959,特赦令
37960,应用科学
37961,捧腹
37962,烧制
37963,电话网
37964,胃液
37965,青葱
37966,上达
37967,簇新
37968,噫
37969,导论
37970,不过尔尔
37971,责成
37972,兰花指
37973,电饭煲
37974,军务
37975,蛇年
37976,活化石
37977,孝心
37978,一无所长
37979,澡塘
37980,乌苏
37981,转捩点
37982,倩碧
37983,自养
37984,蒙昧
37985,蟑
37986,陆基
37987,黏合
37988,扑面
37989,核试验
37990,峭
37991,河沟
37992,河北
37993,惟恐
37994,头面人物
37995,绝灭
37996,买价
37997,豆蔻年华
37998,习惯法
37999,腈
38000,人烟稀少
38001,育儿
38002,寓教于乐
38003,卫校
38004,密特朗
38005,喀拉拉邦
38006,水果刀
38007,作东
38008,拼杀
38009,索道
38010,时任
38011,热辐射
38012,叶绿素
38013,细胞质
38014,绝笔
38015,英吉利
38016,钉锤
38017,枕巾
38018,黏性
38019,飘流
38020,黄褐斑
38021,衣角
38022,鲠
38023,糖类
38024,航空学
38025,食火鸡
38026,害病
38027,唻
38028,参照系
38029,切盼
38030,皮货
38031,哈蜜瓜
38032,甚而
38033,专司
38034,不识时务
38035,布林
38036,镀层
38037,海堤
38038,信步
38039,疆场
38040,党政
38041,教育工作者
38042,嫁娶
38043,皮面
38044,骨子
38045,仗义执言
38046,约定俗成
38047,连词
38048,哨卡
38049,烧纸
38050,耦
38051,红河
38052,承运
38053,赤身
38054,琴师
38055,清秀
38056,本土化
38057,钉耙
38058,动产
38059,锱铢必较
38060,发人深思
38061,夹馅
38062,固定资产
38063,冈比亚
38064,老佛爷
38065,丰美
38066,上声
38067,贼亮
38068,管住
38069,螳
38070,枉然
38071,三鹿
38072,氰化钾
38073,氰化钠
38074,空城计
38075,泻盐
38076,羞答答
38077,滝
38078,概念化
38079,激奋
38080,北亚
38081,东洋
38082,丰硕
38083,无形中
38084,松气
38085,鸡冠
38086,绵力
38087,语塞
38088,末年
38089,庭园
38090,上古
38091,张弛
38092,罗马字
38093,霓虹
38094,万国
38095,人格化
38096,竹制
38097,俯拾皆是
38098,松柏
38099,棕毛
38100,割据
38101,委实
38102,半公开
38103,三班倒
38104,欠安
38105,墓葬
38106,全胜
38107,烬
38108,孝道
38109,仁厚
38110,在位
38111,疟原虫
38112,鸡肋
38113,溜须拍马
38114,上供
38115,主干
38116,贲门
38117,人心不古
38118,了局
38119,连日
38120,衍射
38121,切莫
38122,东瀛
38123,棕红
38124,嚎哭
38125,生产者
38126,收益率
38127,鞋拔子
38128,兵家
38129,烟酸
38130,攀亲
38131,银票
38132,上算
38133,实效
38134,耶稣教
38135,搪
38136,头昏脑涨
38137,泰西
38138,竹管
38139,阳奉阴违
38140,七叶树
38141,捏合
38142,粼粼
38143,日全食
38144,店小二
38145,杀虫药
38146,上焦
38147,盛极一时
38148,寅
38149,兵源
38150,拉家常
38151,粽
38152,错落有致
38153,翼侧
38154,丰功
38155,唐朝
38156,鸣不平
38157,银白
38158,海蚀
38159,麋
38160,赂
38161,租界
38162,持家
38163,北朝
38164,荧光屏
38165,惨淡经营
38166,东安
38167,吃闭门羹
38168,浓淡
38169,副教授
38170,秋分
38171,戎
38172,保温瓶
38173,大观园
38174,松原
38175,铟
38176,着慌
38177,等号
38178,失察
38179,一脉相承
38180,大器晚成
38181,克朗代克
38182,手腕子
38183,寄存器
38184,惶惑
38185,狼心狗肺
38186,休戚相关
38187,阎王爷
38188,献计
38189,盛景
38190,霎
38191,公使
38192,国际歌
38193,振聋发聩
38194,秧
38195,囹
38196,平顺
38197,笔套
38198,相望
38199,烧炭
38200,旋绕
38201,多边形
38202,台北市
38203,月宫
38204,鲮鱼
38205,体式
38206,搭架子
38207,年表
38208,骂骂咧咧
38209,燧
38210,福斯塔夫
38211,备至
38212,未来派
38213,开金
38214,灰蒙蒙
38215,铑
38216,扽
38217,娣
38218,军令状
38219,通邮
38220,道人
38221,黑黢黢
38222,坚强不屈
38223,开远
38224,笔会
38225,排水量
38226,女真
38227,照发
38228,步步为营
38229,初等
38230,板结
38231,知识库
38232,国名
38233,积淀
38234,寄出
38235,废渣
38236,挡驾
38237,唱高调
38238,国大
38239,针叶树
38240,毛线针
38241,顾全
38242,留有余地
38243,讶
38244,轮休
38245,茅草
38246,菜场
38247,案由
38248,公克
38249,猪年
38250,黄花菜
38251,公假
38252,内需
38253,禁品
38254,公历
38255,通胀
38256,沉鱼落雁
38257,昆仑山
38258,菜油
38259,布劳恩
38260,口疮
38261,揖
38262,调色板
38263,成批
38264,梦中
38265,战法
38266,致函
38267,泱
38268,恳切
38269,世风
38270,兽类
38271,磁头
38272,长虫
38273,雾霭
38274,掌柜
38275,仄
38276,界标
38277,嬷
38278,长衫
38279,棉线
38280,感念
38281,琳琅满目
38282,帮办
38283,动员令
38284,暝
38285,昏庸
38286,长达
38287,起敬
38288,结余
38289,台独
38290,三不管
38291,当雄
38292,直达车
38293,冷遇
38294,祖鲁
38295,体性
38296,板岩
38297,锈斑
38298,乐陶陶
38299,盛年
38300,决口
38301,操作台
38302,撒种
38303,中点
38304,缮
38305,交割
38306,阿布扎比
38307,体校
38308,深闺
38309,泄私愤
38310,建交
38311,培养基
38312,庖
38313,鄙陋
38314,户口本
38315,入眼
38316,卢克索
38317,五边形
38318,消化酶
38319,热中
38320,三弦
38321,照妖镜
38322,巴贝多
38323,亡故
38324,衰微
38325,入球
38326,留驻
38327,占星
38328,枯槁
38329,皇权
38330,因式分解
38331,胸膜炎
38332,芭乐
38333,花椒
38334,西药
38335,美称
38336,西芹
38337,牛肝菌
38338,年内
38339,紫金
38340,花柱
38341,三国
38342,得荣
38343,授衔
38344,支店
38345,异化
38346,老账
38347,考题
38348,三原
38349,涉外
38350,单行
38351,发面
38352,辉瑞
38353,黄海
38354,藏族
38355,灯心草
38356,削价
38357,千里马
38358,闭会
38359,赌窝
38360,申购
38361,缺衣少食
38362,肥皂沫
38363,基团
38364,哺乳期
38365,富庶
38366,夹道欢迎
38367,查缉
38368,脑门子
38369,照葫芦画瓢
38370,年事
38371,年产
38372,老龄
38373,拦腰
38374,顾此失彼
38375,总人口
38376,恰似
38377,花甲
38378,桡
38379,因噎废食
38380,肄业生
38381,辉映
38382,蹙眉
38383,笼头
38384,炯炯
38385,欧共体
38386,取巧
38387,语感
38388,但书
38389,铜钱
38390,参天
38391,尓
38392,忖度
38393,话梅
38394,甘泉
38395,随想
38396,砌砖
38397,颦
38398,学人
38399,欧罗巴
38400,源程序
38401,包心菜
38402,无所不包
38403,腮腺
38404,饰词
38405,书法家
38406,漫山遍野
38407,滑竿
38408,千夫
38409,排错
38410,罐车
38411,美声
38412,上弦
38413,勤俭节约
38414,昆士兰
38415,豁然
38416,热敷
38417,精算
38418,饯别
38419,变速杆
38420,挥洒自如
38421,征候
38422,帐子
38423,真空泵
38424,倘佯
38425,若即若离
38426,六边形
38427,温故知新
38428,顺遂
38429,繁育
38430,桦
38431,登陆舰
38432,喜滋滋
38433,排山倒海
38434,脚心
38435,茶花
38436,乘除
38437,学弟
38438,蹩
38439,市场化
38440,疾速
38441,生石灰
38442,年息
38443,童言无忌
38444,学子
38445,携手并肩
38446,干着急
38447,秀气
38448,资本论
38449,热电
38450,技术学校
38451,饬
38452,有权
38453,一准
38454,勾肩搭背
38455,招引
38456,有价证券
38457,连篇累牍
38458,学力
38459,花农
38460,求索
38461,剖面
38462,破土
38463,中耳炎
38464,畸变
38465,县城
38466,经济特区
38467,光大
38468,蹲伏
38469,不亚于
38470,凤毛麟角
38471,推进剂
38472,旌旗
38473,本名
38474,钳工
38475,追记
38476,油耗
38477,锐不可当
38478,温带
38479,本字
38480,五线谱
38481,末子
38482,发令枪
38483,浇筑
38484,仇怨
38485,维罗纳
38486,回炉
38487,温婉
38488,妄言
38489,东道主
38490,继往开来
38491,石窟
38492,敌敌畏
38493,绶
38494,曼海姆
38495,超导
38496,日裔
38497,结党营私
38498,生词
38499,天象仪
38500,猝
38501,黄铁矿
38502,强辩
38503,半工半读
38504,泥菩萨
38505,僧多粥少
38506,涌泉
38507,稻穗
38508,日货
38509,印欧语
38510,峙
38511,厂主
38512,高密
38513,胡瓜
38514,伶仃
38515,饽饽
38516,传布
38517,莫内
38518,浇注
38519,海德堡
38520,成事
38521,成例
38522,匍
38523,马累
38524,增收
38525,暖水瓶
38526,绿荫
38527,杂色
38528,绽
38529,严惩不贷
38530,浮石
38531,弋
38532,架桥
38533,复命
38534,表侄
38535,代收
38536,酐
38537,所多玛
38538,冽
38539,日晒雨淋
38540,甲肝
38541,能耗
38542,干警
38543,贺年卡
38544,朴智星
38545,梭哈
38546,喜闻乐见
38547,杂费
38548,鸟枪换炮
38549,缱绻
38550,过五关斩六将
38551,煨
38552,复写
38553,类书
38554,歪斜
38555,贪官污吏
38556,剪贴板
38557,比热
38558,萧瑟
38559,李四
38560,塌实
38561,矜
38562,坚忍不拔
38563,连珠
38564,盘货
38565,垫片
38566,干燥剂
38567,高盛
38568,三合一
38569,兵临城下
38570,扮装
38571,删改
38572,入海口
38573,王昭君
38574,本体论
38575,胡天
38576,鳝
38577,甲鱼
38578,点将
38579,致病菌
38580,虔
38581,无独有偶
38582,温温
38583,插孔
38584,鲯
38585,满满当当
38586,相持不下
38587,马枪
38588,余钱
38589,打游击
38590,易北河
38591,北山
38592,米字旗
38593,饭食
38594,鬃
38595,立方米
38596,恩施
38597,毫米波
38598,高职
38599,不甘示弱
38600,萨尔茨堡
38601,厂长
38602,鹿茸
38603,史诗性
38604,半衰期
38605,出生率
38606,湛
38607,咋舌
38608,收兵
38609,埠
38610,正当中
38611,病程
38612,旧居
38613,法军
38614,夜郎自大
38615,鲫鱼
38616,绥
38617,军师
38618,白刃战
38619,讲堂
38620,生育率
38621,显像管
38622,马靴
38623,水垢
38624,核威慑
38625,顶尖级
38626,鹿谷
38627,水圈
38628,强嘴
38629,滞销
38630,市委
38631,政令
38632,磨洋工
38633,共价键
38634,彩旗
38635,少来
38636,扎染
38637,杂牌
38638,抛掷
38639,日产
38640,独领风骚
38641,抑扬
38642,温良
38643,造反派
38644,顺产
38645,乡民
38646,硝酸钾
38647,化冻
38648,超龄
38649,总称
38650,土方
38651,专题片
38652,始终不渝
38653,弥合
38654,半瓶醋
38655,乜
38656,高飞
38657,袈
38658,愠怒
38659,衍
38660,天刚亮
38661,干粉
38662,勾兑
38663,棕榈油
38664,脑充血
38665,杂粮
38666,旅居
38667,千差万别
38668,蠹虫
38669,婴儿期
38670,武将
38671,层状
38672,纺纱
38673,盘弄
38674,抗病
38675,胗
38676,蝙
38677,鞭挞
38678,借据
38679,乐理
38680,同上
38681,民政
38682,借方
38683,寸头
38684,黄金屋
38685,告罄
38686,天道酬勤
38687,武官
38688,孙大圣
38689,五湖四海
38690,布里奇顿
38691,水珠
38692,收纳
38693,音叉
38694,收编
38695,打哆嗦
38696,早市
38697,硅酸
38698,寰宇
38699,冒险主义
38700,拉贾斯坦邦
38701,海德尔堡
38702,颠来倒去
38703,阿拉法特
38704,舶来品
38705,低头不见抬头见
38706,外国语
38707,逼和
38708,同心同德
38709,拉锯战
38710,铁树开花
38711,琉璃
38712,抓瞎
38713,涌起
38714,龇
38715,平等互利
38716,生涩
38717,逼债
38718,掇
38719,人文主义
38720,圆括号
38721,纳凉
38722,腰肢
38723,涣
38724,风声鹤唳
38725,余党
38726,总合
38727,告捷
38728,良友
38729,螺丝帽
38730,病休
38731,杀出重围
38732,政纲
38733,手写体
38734,王府
38735,温差
38736,随声附和
38737,散记
38738,邮袋
38739,柿子椒
38740,无题
38741,万贯家财
38742,排炮
38743,鸩
38744,声浪
38745,灸
38746,新军
38747,大步流星
38748,巍峨
38749,苦劳
38750,铜丝
38751,腚
38752,说长道短
38753,言之有物
38754,人材
38755,捞油水
38756,敦厚
38757,残垣断壁
38758,窝巢
38759,活气
38760,理亏
38761,真才实学
38762,探问
38763,滑音
38764,新妇
38765,辅修
38766,淡妆
38767,茴
38768,抄家
38769,辅以
38770,懈
38771,晰
38772,认识论
38773,考官
38774,参院
38775,得宠
38776,分句
38777,密麻麻
38778,扶助
38779,砜
38780,上半年
38781,骄气
38782,新浪
38783,何许人
38784,乡邻
38785,分子量
38786,单击
38787,节油
38788,视力表
38789,媾和
38790,磷酸盐
38791,民营化
38792,火烛
38793,西华
38794,跨越式
38795,倨
38796,阿拉伯海
38797,刮痧
38798,预警机
38799,松仁
38800,制备
38801,送气
38802,新乐
38803,精诚
38804,年货
38805,灰度
38806,基本点
38807,漏勺
38808,媚俗
38809,埇
38810,滑腻
38811,慈和
38812,草编
38813,慌神
38814,萨德
38815,切格瓦拉
38816,波美拉尼亚
38817,四方步
38818,一朝一夕
38819,非金属
38820,席梦思
38821,接收机
38822,袜套
38823,贯注
38824,藏语
38825,单日
38826,教书匠
38827,衙
38828,遗传工程
38829,新知
38830,寐
38831,糖衣炮弹
38832,回车键
38833,咕唧
38834,挖土机
38835,馨
38836,呡
38837,风调雨顺
38838,多明尼加
38839,招贴
38840,门脸
38841,衣不蔽体
38842,卡纳维拉尔角
38843,折算
38844,远望
38845,厚待
38846,得法
38847,区间
38848,液泡
38849,倒悬
38850,花蕊
38851,应声虫
38852,统一性
38853,主力军
38854,打埋伏
38855,犁地
38856,轻机枪
38857,兽医学
38858,提纲挈领
38859,征象
38860,骄人
38861,制版
38862,道岔
38863,以权谋私
38864,躲债
38865,黄酒
38866,患处
38867,新村
38868,肾盂
38869,曳光弹
38870,西皮
38871,衍变
38872,人居
38873,腿肚子
38874,花魁
38875,眉眼
38876,洛阳
38877,阿尔伯塔
38878,丐帮
38879,个位
38880,恋旧
38881,石破天惊
38882,一刀切
38883,老粗
38884,推手
38885,阿卡贝拉
38886,策士
38887,窥望
38888,籁
38889,双数
38890,珞
38891,枕边风
38892,泉眼
38893,锇
38894,铁木真
38895,沙特鲁
38896,海珠
38897,俳
38898,国玺
38899,修武
38900,香椿
38901,乐安
38902,烁
38903,阿修罗
38904,沆
38905,武田
38906,费马
38907,隠
38908,黎利
38909,哥吉拉
38910,杪
38911,新田
38912,小薰
38913,彛
38914,马列
38915,大洋洲
38916,塔塔尔
38917,弗洛姆
38918,莜
38919,波莱罗
38920,龙华
38921,葛优
38922,戸
38923,阿贝尔
38924,蓼
38925,艾塔
38926,沅
38927,嗤笑
38928,宝玉
38929,九尾狐
38930,棘轮
38931,哈蒙德
38932,土窑
38933,永吉
38934,値
38935,漾
38936,幽僻
38937,南宫
38938,丹东
38939,世锦赛
38940,胡乐
38941,昱
38942,重水
38943,拉科鲁尼亚
38944,钸
38945,海峡群岛
38946,望月
38947,晔
38948,小雅
38949,诠
38950,郇
38951,非国大
38952,瑞香
38953,穆萨维
38954,高迪
38955,顺义
38956,醍
38957,刳
38958,金箍棒
38959,祭器
38960,搓洗
38961,屏山
38962,片麻岩
38963,东阳
38964,菊池
38965,石岗
38966,进士
38967,毎
38968,甥
38969,淫书
38970,大吉大利
38971,泰文
38972,尕
38973,靛蓝
38974,希尔伯特
38975,氚
38976,海瑞
38977,巡礼
38978,奥塞罗
38979,词义
38980,大杂院
38981,编者
38982,谛
38983,永济
38984,阳平
38985,阿克苏
38986,粕
38987,竜
38988,矿主
38989,招聘会
38990,吴镇宇
38991,玛卡
38992,乌孙国
38993,大村
38994,差役
38995,常绿树
38996,阳炎
38997,康保
38998,草果
38999,金陵
39000,毕兹
39001,浆膜
39002,暂住证
39003,卡美拉
39004,旌
39005,甬道
39006,康巴
39007,百货大楼
39008,丹参
39009,山达基
39010,副食品
39011,本利
39012,玲玲
39013,航站
39014,盘古
39015,扶桑
39016,大校
39017,瓯
39018,票友
39019,久已
39020,苦尽甘来
39021,马科
39022,莆
39023,帷
39024,白鹭
39025,砚台
39026,蝻
39027,跐
39028,大字报
39029,世卫
39030,雅虎
39031,恺
39032,二房
39033,甥女
39034,布拉迪斯拉发
39035,龙舟
39036,鲛
39037,城北区
39038,菲达
39039,平纹
39040,泰武
39041,海碗
39042,秀英
39043,苗族
39044,铝土
39045,拐子
39046,膺
39047,巴解组织
39048,哈希
39049,南洋
39050,汉文
39051,武昌
39052,高宗
39053,枝子
39054,伊莉莎白
39055,洛扎
39056,贴现
39057,蛟龙
39058,火焰山
39059,凯彻
39060,泽兰
39061,苫
39062,永新
39063,缔
39064,彭斯
39065,毛竹
39066,射流
39067,汛
39068,传略
39069,瑢
39070,驽
39071,垂体
39072,福娃
39073,圣上
39074,村委会
39075,大久保
39076,喜力
39077,欧尼
39078,欧氏
39079,男双
39080,地震仪
39081,单极
39082,孔明灯
39083,省城
39084,圣菲
39085,洋人
39086,鹦鹉螺
39087,貘
39088,正子
39089,赤胆忠心
39090,福寿
39091,古驰
39092,乙巳
39093,鱼粉
39094,弗里敦
39095,花大姐
39096,天兵
39097,安全壳
39098,沪
39099,江夏
39100,东湖
39101,标竿
39102,香干
39103,谷草
39104,办报
39105,笔力
39106,知县
39107,骍
39108,国泰
39109,凡赛斯
39110,研华
39111,松岭
39112,美善
39113,黄山
39114,醌
39115,石松
39116,莫里哀
39117,椌
39118,马表
39119,泰铢
39120,欺世盗名
39121,牧业
39122,蔵
39123,萨满
39124,幂
39125,紫晶
39126,高低杠
39127,贺兰
39128,赊销
39129,拦阻
39130,鏽
39131,潞西
39132,木质部
39133,钎子
39134,科考
39135,炕
39136,螺线管
39137,德政
39138,志工
39139,素雅
39140,优待券
39141,昌吉
39142,孵化场
39143,大仲马
39144,白虎
39145,金丝燕
39146,以军
39147,珂罗版
39148,蛲虫
39149,宜山
39150,身量
39151,伞菌
39152,洪武
39153,自然数
39154,龙人
39155,茱萸
39156,重氢
39157,核桃仁
39158,蹙
39159,电门
39160,吕宋岛
39161,赫奇帕奇
39162,布拉德福德
39163,青田
39164,雨蛙
39165,舅母
39166,稗
39167,阿斯塔纳
39168,郴州
39169,孖
39170,尧
39171,酥麻
39172,鹈
39173,网点
39174,双轨
39175,门洞
39176,崇阳
39177,哈博罗内
39178,打酒
39179,果脯
39180,抽头
39181,解热
39182,偷安
39183,林奈
39184,病害
39185,或然率
39186,纸带
39187,编者按
39188,侍郎
39189,公论
39190,决定论
39191,笔耕
39192,雅人
39193,神女
39194,甴
39195,乌鳢
39196,高卢语
39197,银钱
39198,火狐
39199,清兵
39200,蚶
39201,鲀
39202,江川
39203,东营
39204,玉帝
39205,柔媚
39206,史泰博
39207,玉兰
39208,汤剂
39209,鲁班
39210,北安
39211,考察队
39212,桔梗
39213,绝命书
39214,警标
39215,东平
39216,骨针
39217,东兴
39218,菫
39219,女杰
39220,月岩
39221,燮
39222,平谷
39223,道外
39224,道姑
39225,虎牙
39226,巴罗克
39227,怅然
39228,公布栏
39229,堪培拉
39230,玉兔
39231,辐照
39232,安阳市
39233,皇朝
39234,荻
39235,奚
39236,垦荒
39237,舝
39238,高斯
39239,南京市
39240,楯
39241,沙虫
39242,粒子束
39243,翱
39244,成都
39245,螺蛳
39246,合股
39247,伯里克利
39248,纺锤
39249,希拉克
39250,还乡
39251,圆白菜
39252,新南威尔士
39253,茶楼
39254,哐啷
39255,西平
39256,池田
39257,单摆
39258,西沙
39259,帕瓦蒂
39260,老生
39261,峨
39262,依依
39263,古刹
39264,刀削面
39265,后母
39266,岌
39267,安福
39268,织女星
39269,桧
39270,冲绳县
39271,肠套叠
39272,介面
39273,太医
39274,大员
39275,丽水市
39276,础
39277,白子
39278,汇流
39279,弼
39280,网通
39281,空客
39282,保定
39283,阿斯图里亚斯
39284,犀鸟
39285,掟
39286,菟
39287,侧重点
39288,大油
39289,周济
39290,亚科
39291,卢氏
39292,树身
39293,霜花
39294,萍
39295,踏勘
39296,道袍
39297,歊
39298,艾尔米塔什
39299,糖原
39300,德保
39301,袮
39302,加航
39303,菊芋
39304,徽记
39305,北部湾
39306,会员国
39307,兔年
39308,守孝
39309,铳
39310,水产
39311,南冰洋
39312,发乳
39313,北方邦
39314,科伦坡
39315,凸透镜
39316,凄苦
39317,清凉油
39318,冬宫
39319,迅即
39320,韩国人
39321,李宇春
39322,聚赌
39323,助动词
39324,麝牛
39325,永善
39326,羽绒服
39327,故园
39328,框子
39329,卡顿
39330,波兹曼
39331,峨眉
39332,桲
39333,种树
39334,诤友
39335,小里小气
39336,济南
39337,酬宾
39338,防寒服
39339,殿宇
39340,书橱
39341,一元化
39342,木卫二
39343,潞
39344,顼
39345,巴宝莉
39346,相得益彰
39347,驮马
39348,维新
39349,神山
39350,格但斯克
39351,屋面
39352,门齿
39353,阿西莫夫
39354,韩城
39355,论著
39356,永顺
39357,运价
39358,滑行道
39359,软片
39360,叙永
39361,威士
39362,冰镐
39363,外销
39364,治丧
39365,编审
39366,督学
39367,雪岳山
39368,坨子
39369,辔头
39370,博彩
39371,督军
39372,自不必说
39373,丁二烯
39374,荪
39375,循环赛
39376,麻阳
39377,揾
39378,智多星
39379,情状
39380,阳物
39381,函馆
39382,泄洪
39383,三角法
39384,锡克
39385,金榜题名
39386,象形字
39387,职级
39388,舷梯
39389,莙
39390,除数
39391,叔母
39392,打夯
39393,盖浇饭
39394,解说词
39395,字符串
39396,和平乡
39397,调兵遣将
39398,股本
39399,脚癣
39400,次生
39401,果岭
39402,以弗所
39403,钆
39404,蜘
39405,血沉
39406,喜筵
39407,高聚物
39408,餠
39409,药膳
39410,吊窗
39411,山乡
39412,媾
39413,筛骨
39414,翳
39415,麦德龙
39416,蟾
39417,弭
39418,厅堂
39419,汴
39420,米粥
39421,食言而肥
39422,舆
39423,诬害
39424,寒微
39425,贷款人
39426,傧
39427,食疗
39428,分付
39429,外向型
39430,潍坊
39431,蓍
39432,焚风
39433,酥油茶
39434,正体
39435,分社
39436,樗
39437,杨森
39438,辻
39439,言明
39440,回归线
39441,怜恤
39442,酒店业
39443,比例尺
39444,马褂
39445,眛
39446,遗精
39447,湲
39448,官差
39449,过氧化物
39450,频带
39451,急眼
39452,汽灯
39453,前肢
39454,荠
39455,义项
39456,卡拉季奇
39457,荚果
39458,科罗纳
39459,那达慕
39460,邹
39461,五谷丰登
39462,饱经风霜
39463,诈唬
39464,承载力
39465,电子束
39466,汽轮机
39467,辨证
39468,金瓯
39469,朔望
39470,层流
39471,愚公移山
39472,描图
39473,矾
39474,拉文克劳
39475,镚
39476,跑表
39477,硬席
39478,榊
39479,鲥鱼
39480,淖
39481,金鸡纳霜
39482,预装
39483,正态分布
39484,图例
39485,特朗普
39486,区旗
39487,柴田
39488,吭哧
39489,不定式
39490,白茫茫
39491,新芬党
39492,世系
39493,名士
39494,厶
39495,卫生防疫
39496,稚子
39497,葱花
39498,附加值
39499,尊荣
39500,锡矿
39501,嚄
39502,移栽
39503,天干
39504,阿布哈兹
39505,马那瓜
39506,拟态
39507,密件
39508,卤水
39509,関
39510,秋田县
39511,帕夏
39512,卡森城
39513,凉面
39514,华县
39515,审察
39516,纸样
39517,歼击机
39518,钻探机
39519,樊笼
39520,门捷列夫
39521,宫刑
39522,阿姆哈拉
39523,揄
39524,兵船
39525,院落
39526,香脂
39527,烟缸
39528,银针
39529,火烧云
39530,韦格纳
39531,细部
39532,导言
39533,台基
39534,稿本
39535,歌咏
39536,家计
39537,军港
39538,标量
39539,熔点
39540,谷粒
39541,标高
39542,挌
39543,默克尔
39544,果品
39545,汕
39546,松蘑
39547,匪首
39548,冤孽
39549,核扩散
39550,土地改革
39551,负片
39552,戈壁
39553,紫杉
39554,玩赏
39555,桐油
39556,基岩
39557,獐
39558,条件句
39559,棕树
39560,东明
39561,斤斗
39562,万县
39563,清音
39564,姣
39565,词典学
39566,好逸恶劳
39567,虎骨
39568,暗盒
39569,烷烃
39570,嗉
39571,纯棉
39572,菏泽
39573,虎钳
39574,曼德勒
39575,松田
39576,保健操
39577,辕
39578,监察部
39579,烟雨
39580,实证主义
39581,秋令
39582,承平
39583,东宝
39584,恢
39585,涔
39586,东山
39587,主罚
39588,烟袋
39589,横队
39590,阿苏山
39591,汨罗
39592,海鞘
39593,宦官
39594,女排
39595,甑
39596,国企
39597,凉棚
39598,黑不溜秋
39599,纤夫
39600,行政区域
39601,羊年
39602,新安
39603,晡
39604,戆
39605,阻抗
39606,蓑
39607,公判
39608,窘况
39609,鸻
39610,齿龈
39611,欧佩克
39612,坼
39613,调匀
39614,闰
39615,央行
39616,环岛
39617,货柜车
39618,结子
39619,滨州
39620,斯科普里
39621,红卫兵
39622,靖宇
39623,假充
39624,煌
39625,辟谣
39626,帕特里夏
39627,翎
39628,明细表
39629,蟠桃
39630,紫阳
39631,水磨石
39632,逆子
39633,搅扰
39634,扁担
39635,入殓
39636,马里亚纳群岛
39637,士林
39638,品目
39639,基友
39640,罗锅
39641,勃然
39642,削球
39643,岀
39644,尼德兰
39645,继室
39646,碛
39647,银匠
39648,磷酸钙
39649,泼水节
39650,摊点
39651,絃
39652,学园
39653,卢萨卡
39654,诳
39655,荷兰猪
39656,民营
39657,螺号
39658,单眼皮
39659,柯那克里
39660,茖
39661,万紫千红
39662,架次
39663,酸楚
39664,洽商
39665,谥
39666,噶玛兰
39667,蒻
39668,门市部
39669,批阅
39670,新华社
39671,紫金山
39672,柳林
39673,巴哈伊
39674,成田
39675,渐近线
39676,港人
39677,保护国
39678,高炉
39679,温文
39680,盘诘
39681,甲酚
39682,弗雷
39683,甲醚
39684,芸香
39685,萨德尔市
39686,光斑
39687,教法
39688,投考
39689,正方体
39690,隆子
39691,翻车鱼
39692,榅
39693,成药
39694,花骨朵
39695,殻
39696,义和团
39697,鼓风炉
39698,高阳
39699,麦乳精
39700,希斯仑
39701,临战
39702,狸子
39703,土法
39704,地表水
39705,阿里斯托芬
39706,弥渡
39707,恭喜发财
39708,南京大屠杀
39709,醺
39710,逑
39711,锦衣卫
39712,鞭毛
39713,瓠
39714,临夏
39715,土布
39716,表语
39717,卡拉布里亚
39718,化痰
39719,汉学
39720,彩云
39721,籚
39722,福如东海
39723,津市
39724,土伦
39725,超绝
39726,加加林
39727,湖南省
39728,繁盛
39729,茶碱
39730,乐高
39731,骄矜
39732,白莲教
39733,单传
39734,珐
39735,慈姑
39736,波黑
39737,西周
39738,萨嘎
39739,萨达特
39740,罗文
39741,大总统
39742,精读
39743,卡介苗
39744,地磁场
39745,灭音器
39746,罗山
39747,犁头
39748,耶烈万
39749,气雾剂
39750,穿山甲
39751,疑惧
39752,香吻
39753,藏青
39754,桑科
39755,汨
39756,外分泌
39757,莫拉莱斯
39758,展室
39759,剖宫产
39760,护封
39761,顺化
39762,彝
39763,蒟
39764,订正
39765,不名誉
39766,楼兰
39767,铅锤
39768,工具书
39769,冰塔
39770,增减
39771,司马昭
39772,硐
39773,风中之烛
39774,人所共知
39775,赊购
39776,婚恋
39777,指事
39778,博蒂
39779,太原
39780,镤
39781,侈
39782,甏
39783,泅
39784,保税
39785,孪
39786,贺喜
39787,佐餐
39788,根系
39789,尼科西亚
39790,八股
39791,反面人物
39792,亚兰
39793,弥勒佛
39794,愚民
39795,湖西
39796,德莱塞
39797,自下而上
39798,根绝
39799,死面
39800,甘心情愿
39801,蚴
39802,骚客
39803,具结
39804,吩
39805,治装
39806,狒
39807,霾
39808,深情厚谊
39809,味素
39810,液化气
39811,裁撤
39812,扎猛子
39813,揆
39814,楼宇
39815,拾遗
39816,次生林
39817,太守
39818,阔人
39819,镇区
39820,撷
39821,大仙
39822,小贝
39823,亮星
39824,殷殷
39825,错落
39826,閒
39827,普鲁东
39828,怎么得了
39829,思乐冰
39830,楼市
39831,遂愿
39832,白区
39833,生态学家
39834,书简
39835,二重性
39836,萤石
39837,麴
39838,大厂
39839,能动性
39840,端午节
39841,辐射计
39842,嫡传
39843,大凡
39844,握别
39845,枝桠
39846,大关
39847,加的夫
39848,昆仑
39849,昆仲
39850,次之
39851,逗引
39852,开平
39853,用字
39854,圬
39855,套色
39856,根河
39857,方括号
39858,禅修
39859,琐细
39860,漆树
39861,饶有兴趣
39862,履带
39863,土皇帝
39864,幸喜
39865,从一而终
39866,辞别
39867,后患无穷
39868,化学式
39869,压力锅
39870,趋附
39871,普安
39872,语焉不详
39873,配重
39874,赏罚
39875,贤士
39876,胚芽
39877,卑污
39878,恧
39879,死记
39880,录放
39881,职高
39882,奸贼
39883,大姑
39884,二话
39885,标准时
39886,邓小平
39887,大庆
39888,嫩绿
39889,真书
39890,依傍
39891,暻
39892,旅顺
39893,贺信
39894,尘肺
39895,霜降
39896,贤才
39897,集居
39898,豆汁
39899,盖棺论定
39900,摸底
39901,棋王
39902,叩门
39903,亚琛
39904,牛鬼蛇神
39905,具名
39906,酥油
39907,装配线
39908,周易
39909,太田
39910,辞海
39911,陕西省
39912,安倍
39913,勇武
39914,赝
39915,韶
39916,大料
39917,大旗
39918,大族
39919,愆
39920,拖斗
39921,缥
39922,多山
39923,塞万提斯
39924,一语道破
39925,宁夏
39926,清茶
39927,人民党
39928,胜景
39929,关隘
39930,大样
39931,土石流
39932,蛇纹石
39933,麻山
39934,脸皮薄
39935,燃气轮机
39936,须子
39937,外电
39938,仿古
39939,多彩多姿
39940,归拢
39941,凸版
39942,多头
39943,安塞
39944,姑夫
39945,查究
39946,回肠荡气
39947,箍桶匠
39948,混淆黑白
39949,标准像
39950,鳌
39951,月子
39952,悲愁
39953,见缝插针
39954,白河
39955,丽日
39956,红宝书
39957,宁德
39958,阈值
39959,寸步不让
39960,座钟
39961,传真电报
39962,一国两制
39963,观澜湖
39964,收讫
39965,泳镜
39966,遂心
39967,空穴
39968,农妇
39969,八国联军
39970,圣诗
39971,势态
39972,小褂
39973,氤氲
39974,知青
39975,论语
39976,意见箱
39977,冰洞
39978,院士
39979,压电
39980,分文不取
39981,喹啉
39982,查扣
39983,愁闷
39984,大理
39985,软腭
39986,笑窝
39987,大略
39988,氟化氢
39989,婚嫁
39990,龚
39991,纷呈
39992,徯
39993,不伦不类
39994,外患
39995,密山
39996,羊痫风
39997,维管束
39998,树胶
39999,毛里塔尼亚
40000,二房东
40001,老大娘
40002,字书
40003,鸡犬升天
40004,斥力
40005,本本主义
40006,其内
40007,补票
40008,对联
40009,查核
40010,发电量
40011,昆明
40012,外敷
40013,弦乐队
40014,海南岛
40015,养颜
40016,戎装
40017,糁
40018,格斯塔
40019,钾盐
40020,恒等式
40021,解囊
40022,中专
40023,秋凉
40024,等差
40025,烂漫
40026,约维克
40027,绽裂
40028,减速器
40029,泱泱
40030,答词
40031,鲥
40032,聘金
40033,着重号
40034,城址
40035,悃
40036,毛刺
40037,若虫
40038,冬笋
40039,领有
40040,太学
40041,火烧火燎
40042,发包
40043,下狱
40044,近水楼台先得月
40045,绐
40046,尚方宝剑
40047,表面张力
40048,问津
40049,拮
40050,先决
40051,点名册
40052,瘿
40053,啸
40054,故此
40055,白斩鸡
40056,发屋
40057,畦
40058,印本
40059,封印
40060,蜡染
40061,掬
40062,唁电
40063,储蓄率
40064,梃
40065,煊赫
40066,东河区
40067,教育委员会
40068,樯
40069,兀自
40070,龌
40071,古尔邦节
40072,傀儡戏
40073,详解
40074,轮种
40075,修订版
40076,朽烂
40077,高保真
40078,拱道
40079,中庭
40080,永眠
40081,安乃近
40082,桂林
40083,言多必失
40084,贺岁
40085,川普
40086,微观世界
40087,雪佛龙
40088,民脂民膏
40089,宿舍楼
40090,艾奥瓦
40091,维萨
40092,封一
40093,趁势
40094,性状
40095,惊悉
40096,永珍
40097,梁龙
40098,自留地
40099,残部
40100,堂姊妹
40101,久之
40102,祸患
40103,谷神星
40104,达喀尔
40105,著述
40106,旧制
40107,刹住
40108,惊涛
40109,升结肠
40110,解乏
40111,领章
40112,下浮
40113,乘人之危
40114,布林迪西
40115,熟谙
40116,疵
40117,波束
40118,期票
40119,摩肩接踵
40120,桎
40121,编著
40122,旧宅
40123,桂格
40124,碳化硅
40125,复姓
40126,呼啦啦
40127,琼中
40128,眺
40129,蝉鸣
40130,溪口
40131,划拳
40132,赈
40133,笔调
40134,传动轴
40135,跃升
40136,白兰瓜
40137,涨跌
40138,廾
40139,节肢动物
40140,薫
40141,水柱
40142,大盖帽
40143,丛集
40144,钷
40145,早稻
40146,唱戏
40147,成活率
40148,花架子
40149,全球通
40150,帑
40151,臆造
40152,方士
40153,立法会
40154,托里
40155,纷纷扬扬
40156,雷亚尔
40157,永乐
40158,卷须
40159,诚笃
40160,屠场
40161,倾轧
40162,字正腔圆
40163,甘菊
40164,满园春色
40165,中华民国
40166,玉皇大帝
40167,涨落
40168,亚历山大里亚
40169,屠城
40170,轩辕
40171,纪检
40172,兵强马壮
40173,零点五
40174,慉
40175,商约
40176,脱敏
40177,搋子
40178,原始社会
40179,苋
40180,概览
40181,鹰犬
40182,辈分
40183,印刷版
40184,跃居
40185,杨桃
40186,发窘
40187,来不得
40188,概论
40189,糖瓜
40190,发端
40191,谏
40192,德班
40193,姆巴巴纳
40194,素鸡
40195,中缝
40196,永城
40197,党籍
40198,方位角
40199,乳胶漆
40200,拉什莫尔山
40201,种麻
40202,莽草
40203,海陆
40204,豪富
40205,促请
40206,苍劲
40207,慷
40208,中程
40209,囗
40210,故地
40211,祉
40212,故址
40213,卡尔巴拉
40214,绕嘴
40215,发急
40216,埋设
40217,前后文
40218,不管三七二十一
40219,谷壳
40220,时序
40221,地级
40222,交货期
40223,愤愤
40224,党章
40225,因陋就简
40226,要路
40227,科教片
40228,素颜
40229,故宅
40230,祸乱
40231,永康
40232,走味
40233,片剂
40234,腥风血雨
40235,中盘
40236,任情
40237,忄
40238,开拓性
40239,走嘴
40240,下世
40241,量变
40242,骁
40243,换防
40244,筷
40245,消耗量
40246,佛龛
40247,附耳
40248,楷
40249,保不齐
40250,巡捕
40251,痱
40252,鏊
40253,暖锋
40254,蘑
40255,裎
40256,蜡台
40257,山茶花
40258,刊号
40259,略略
40260,大茴香
40261,佛家
40262,炊
40263,略语
40264,略读
40265,枣树
40266,平仄
40267,暖棚
40268,见风转舵
40269,朱砂
40270,民谚
40271,吐诉
40272,薮
40273,木卫四
40274,淑静
40275,力促
40276,卡昂
40277,力主
40278,囍
40279,蚂
40280,抵账
40281,太白山
40282,去职
40283,杜嘉班纳
40284,准考证
40285,择偶
40286,中装
40287,草鸡
40288,呈请
40289,画地为牢
40290,政治部
40291,府第
40292,春运
40293,话锋
40294,改革家
40295,用料
40296,不下于
40297,素朴
40298,淙
40299,牛痘
40300,脱胎
40301,脱色
40302,趔趄
40303,撒赖
40304,春茶
40305,道院
40306,缢
40307,社稷
40308,迂
40309,社会性
40310,肠管
40311,鬼蜮
40312,莴
40313,凄清
40314,癸
40315,明眼人
40316,要略
40317,陈冠希
40318,佝偻
40319,中国人民解放军
40320,胸鳍
40321,酒饭
40322,敢为人先
40323,古吉拉特
40324,舶
40325,无穷小
40326,管理站
40327,维吾尔
40328,评阅
40329,陆运
40330,令弟
40331,腹稿
40332,睫状体
40333,三棱镜
40334,农民起义
40335,相敬如宾
40336,居民点
40337,哀怜
40338,佛爷
40339,厚此薄彼
40340,哼唧
40341,净利
40342,查铺
40343,祟
40344,不定冠词
40345,毛边
40346,前臼齿
40347,吉野家
40348,腐蚀剂
40349,集散
40350,炼焦炉
40351,题写
40352,振振有词
40353,自营
40354,斯沃琪
40355,发运
40356,地拉那
40357,杭州
40358,蚩
40359,塔拉哈西
40360,谵妄
40361,露头
40362,购货
40363,闱
40364,泰戈尔
40365,木卫三
40366,暂行
40367,腾越
40368,按劳分配
40369,酱瓜
40370,沷
40371,纷纭
40372,糬
40373,安泰
40374,坟茔
40375,蹴
40376,宝嘉康蒂
40377,欧莱雅
40378,弦月
40379,霍尔木兹
40380,普拉亚
40381,池沼
40382,嵌套
40383,科盲
40384,点题
40385,舞狮
40386,镮
40387,种仁
40388,麦肯锡
40389,蜡质
40390,经济界
40391,换代
40392,死而后已
40393,门萨
40394,苍苍
40395,侯门
40396,渔妇
40397,齿条
40398,露怯
40399,瞌
40400,下野
40401,韩亚
40402,徽号
40403,倏
40404,清华
40405,钌
40406,拱柱
40407,走读
40408,力挫
40409,灵体
40410,灵位
40411,科级
40412,森森
40413,迄
40414,雨夹雪
40415,餍
40416,题意
40417,棉袄
40418,消火栓
40419,拜天地
40420,要图
40421,失和
40422,上馆子
40423,苛捐杂税
40424,佗
40425,野史
40426,陶冶
40427,吡啶
40428,追认
40429,上半叶
40430,朝见
40431,煞住
40432,性行
40433,令箭
40434,朝露
40435,涨幅
40436,鹭鸶
40437,本息
40438,静力学
40439,屯子
40440,维族
40441,后缘
40442,夜来香
40443,浮浅
40444,脍
40445,讦
40446,丧权辱国
40447,位次
40448,急务
40449,姊夫
40450,私企
40451,软脂酸
40452,渼
40453,政治委员
40454,光导纤维
40455,桂花
40456,及时雨
40457,瑶池
40458,点穴
40459,锫
40460,妇幼
40461,自耕农
40462,圣凯瑟琳
40463,榔
40464,语助词
40465,军事科学
40466,桥头堡
40467,陴
40468,铈
40469,盐度
40470,贴现率
40471,冶金学
40472,讨饶
40473,浮光掠影
40474,灵床
40475,黄金海岸
40476,殷红
40477,流芳
40478,混世魔王
40479,廉政
40480,齿龈炎
40481,浏
40482,外耳道
40483,力矩
40484,续借
40485,续假
40486,彗
40487,门首
40488,斜率
40489,降息
40490,苍鹭
40491,巴士海峡
40492,加点
40493,腋臭
40494,闭月羞花
40495,城楼
40496,白莲
40497,补色
40498,笑貌
40499,因势利导
40500,群雄逐鹿
40501,古都
40502,开幕词
40503,皇储
40504,二副
40505,挤占
40506,即或
40507,死区
40508,冷冷清清
40509,安国
40510,套印
40511,号哭
40512,钢枪
40513,害人虫
40514,足协
40515,酣畅
40516,翔实
40517,垡
40518,稽核
40519,配发
40520,羽化
40521,来犯
40522,刚度
40523,藩国
40524,协约国
40525,肃立
40526,能者多劳
40527,哓
40528,凸面
40529,集体主义
40530,外孙子
40531,落花生
40532,淮
40533,配属
40534,放卫星
40535,鸸
40536,所罗门群岛
40537,玄之又玄
40538,鼠年
40539,陶俑
40540,前奏曲
40541,大解
40542,大观
40543,瘫软
40544,钢梁
40545,瘦身
40546,屠格涅夫
40547,校官
40548,阳世
40549,调查团
40550,对比色
40551,成千成万
40552,小传
40553,粗豪
40554,痧
40555,小丘
40556,醢
40557,福建
40558,来文
40559,将就
40560,圆柱体
40561,渕
40562,鸿鹄
40563,票证
40564,贤慧
40565,咬啮
40566,铯
40567,外设
40568,坐化
40569,誓师
40570,嫔妃
40571,吐故纳新
40572,重来
40573,白道
40574,扡
40575,力所不及
40576,名满天下
40577,白霜
40578,减号
40579,外资
40580,九泉
40581,憧
40582,粗笨
40583,炊事员
40584,重托
40585,漠然置之
40586,固件
40587,蓐
40588,将官
40589,滴灌
40590,执法如山
40591,压阵
40592,嶙
40593,贫农
40594,酣梦
40595,好学
40596,博斯普鲁斯
40597,古诗
40598,杂食
40599,屐
40600,蚋
40601,锐减
40602,水利部
40603,拓扑学
40604,对本
40605,棋赛
40606,曼切斯特
40607,小将
40608,粗率
40609,库仑
40610,燿
40611,锝
40612,二世
40613,古谚
40614,忖
40615,必不可缺
40616,灌渠
40617,折射率
40618,蚌壳
40619,雪雁
40620,空额
40621,触媒
40622,贪嘴
40623,被除数
40624,旱情
40625,引咎
40626,倡议书
40627,煞气
40628,阳春
40629,哈特福德
40630,恩平
40631,身无长物
40632,炮仗
40633,重剑
40634,牙周炎
40635,生机盎然
40636,差数
40637,双立人
40638,莘
40639,阳历
40640,司马迁
40641,元山
40642,刚烈
40643,后记
40644,漓江
40645,炎夏
40646,房檐
40647,茇
40648,套红
40649,谩
40650,重庆
40651,炮舰
40652,重开
40653,面面观
40654,泚
40655,权且
40656,碇
40657,田径赛
40658,唢呐
40659,搛
40660,集子
40661,坚定性
40662,财阀
40663,拗不过
40664,圣君
40665,来安
40666,两讫
40667,一潭死水
40668,气泵
40669,脂粉气
40670,戌
40671,叶落归根
40672,顽症
40673,小灶
40674,钟乳石
40675,书香
40676,计议
40677,韬光养晦
40678,加的斯
40679,镄
40680,后金
40681,览胜
40682,天网
40683,平装
40684,一神教
40685,卫星城
40686,眼底下
40687,德清
40688,矢志
40689,会合处
40690,韵文
40691,标准语
40692,袖管
40693,画饼充饥
40694,须臾
40695,奴工
40696,吊兰
40697,皮山
40698,南山区
40699,座号
40700,皴
40701,刚愎
40702,集萃
40703,冰火
40704,陟
40705,泳帽
40706,不依
40707,牙周病
40708,以史为鉴
40709,南北朝
40710,增订本
40711,三天两头
40712,大武
40713,韵母
40714,重修
40715,国宾馆
40716,踏青
40717,词汇学
40718,浑然一体
40719,琛
40720,莫测高深
40721,月球车
40722,出版者
40723,报忧
40724,菲亚特
40725,栅极
40726,减租
40727,髙
40728,为富不仁
40729,阱
40730,小结
40731,内贾德
40732,变法
40733,受降
40734,星冰乐
40735,田产
40736,吕贝克
40737,簪
40738,狡
40739,凶信
40740,舍利
40741,碧空
40742,冰糖葫芦
40743,番椒
40744,奶品
40745,星子
40746,课间操
40747,莴笋
40748,节水
40749,师资
40750,烤烟
40751,云云
40752,柬
40753,重灾区
40754,喜子
40755,烈女
40756,消耗战
40757,大老婆
40758,蔗
40759,应敌
40760,铢
40761,凸轮轴
40762,铁骑
40763,最多
40764,五加
40765,步调一致
40766,文理
40767,士多啤梨
40768,纤小
40769,统辖
40770,宏愿
40771,风马牛不相及
40772,除根
40773,淫猥
40774,出活
40775,绵里藏针
40776,催熟
40777,硅橡胶
40778,孺
40779,梯度
40780,记工
40781,朝不保夕
40782,铁饼
40783,水天一色
40784,诱拐者
40785,笑骂
40786,含沙量
40787,付讫
40788,形貌
40789,商品化
40790,笏
40791,囹圄
40792,山涧
40793,碧玉
40794,不才
40795,眦
40796,生灵涂炭
40797,白铁
40798,糖苷
40799,艉
40800,康健
40801,思春期
40802,香车宝马
40803,筲
40804,小集团
40805,母蜂
40806,龙城
40807,庙堂
40808,飘洒
40809,普氏
40810,累进
40811,哈利伯顿
40812,大厦将倾
40813,秋老虎
40814,摩德纳
40815,鱼鹰
40816,云雨
40817,金泳三
40818,鲆
40819,拉普兰
40820,巴勒莫
40821,阴毒
40822,罗摩衍那
40823,受胎
40824,占优势
40825,糊涂账
40826,格勒诺布尔
40827,盐滩
40828,文武
40829,库尔斯克
40830,修正液
40831,孕激素
40832,话务员
40833,大江健三郎
40834,坚振
40835,飘摇
40836,血泪史
40837,山冈
40838,文教
40839,零乱
40840,文昌
40841,捐弃
40842,唯心论
40843,形骸
40844,点击数
40845,顿觉
40846,申报单
40847,牵累
40848,墨笔
40849,久别重逢
40850,搬兵
40851,康平
40852,飘拂
40853,抱恨
40854,股指
40855,绿树成荫
40856,广德
40857,宝清
40858,瘠薄
40859,林茨
40860,粉条
40861,忘年交
40862,已往
40863,果木
40864,幼教
40865,头寸
40866,梯田
40867,抵罪
40868,恕罪
40869,阴山
40870,飞地
40871,阴德
40872,首战告捷
40873,倏地
40874,镥
40875,对照表
40876,青出于蓝而胜于蓝
40877,延髓
40878,会集
40879,文士
40880,蝈蝈
40881,星等
40882,国有化
40883,营建
40884,普天同庆
40885,酒酿
40886,宏亮
40887,硼砂
40888,译码器
40889,国际主义
40890,咍
40891,胖墩墩
40892,塞斯纳
40893,慈眉善目
40894,经贸
40895,良港
40896,婚变
40897,出使
40898,戈壁沙漠
40899,东帝汶
40900,髌
40901,立身
40902,蚵
40903,悲戚
40904,才识
40905,电流表
40906,三角函数
40907,宝安
40908,华发
40909,北辰
40910,马致远
40911,产业化
40912,现代史
40913,省亲
40914,湖北
40915,小巴
40916,回波
40917,立论
40918,昏聩
40919,平假名
40920,广汉
40921,覃
40922,各有所好
40923,童叟无欺
40924,第三十
40925,大鹏
40926,宝山
40927,颏
40928,萜
40929,雾化器
40930,宝志
40931,频仍
40932,血晕
40933,文史
40934,奉若神明
40935,文县
40936,氢氧化物
40937,转译
40938,打更
40939,真善美
40940,搓板
40941,麻辣烫
40942,痨病
40943,秧苗
40944,挥戈
40945,毫安
40946,山南
40947,浸渍
40948,胆红素
40949,变天
40950,油汪汪
40951,封闭性
40952,脚夫
40953,苺
40954,温度表
40955,霍山
40956,增资
40957,甬
40958,举不胜举
40959,马提尼克
40960,哈喇子
40961,敲边鼓
40962,闭关自守
40963,棠
40964,帕萨特
40965,家老
40966,回绕
40967,爰
40968,端子
40969,交换器
40970,转脸
40971,挥毫
40972,生光
40973,礼让
40974,祖师
40975,萨满教
40976,人民公社
40977,良缘
40978,潢
40979,浸染
40980,惜别
40981,亲征
40982,家蝇
40983,撬棒
40984,仙界
40985,窠
40986,运筹
40987,哀乐
40988,证照
40989,彼拉提斯
40990,赛璐玢
40991,驭手
40992,床沿
40993,司线员
40994,护航舰
40995,由此看来
40996,网袋
40997,风骨
40998,日夜兼程
40999,利宾纳
41000,康斯坦茨
41001,字号
41002,苦寒
41003,形式化
41004,卡美洛
41005,氯丁橡胶
41006,高锰酸钾
41007,凭栏
41008,心气
41009,恩慈
41010,醣
41011,亻
41012,偃旗息鼓
41013,包赔
41014,芷
41015,山包
41016,蓑衣
41017,擗
41018,怅惘
41019,肌理
41020,陋
41021,独苗
41022,青稞
41023,伛
41024,铺陈
41025,修造
41026,独资
41027,牺
41028,糖葫芦
41029,米糠
41030,青瓷
41031,正音
41032,市制
41033,于心不忍
41034,庞培
41035,洗涤器
41036,苦参
41037,零嘴
41038,滩涂
41039,孟子
41040,手活
41041,和稀泥
41042,迷梦
41043,分列
41044,双肩包
41045,双糖
41046,官样文章
41047,杜马
41048,挨门挨户
41049,平江
41050,中行
41051,薏苡
41052,摇头摆尾
41053,扣压
41054,佃户
41055,米果
41056,纵览
41057,双拐
41058,栲
41059,尤克里里
41060,鞋帮
41061,秸
41062,菠
41063,哀婉
41064,瘾头
41065,储备粮
41066,开方
41067,自然选择
41068,义子
41069,滤纸
41070,郁郁葱葱
41071,青森
41072,益虫
41073,自由港
41074,苦主
41075,抢白
41076,龛
41077,金领
41078,痴想
41079,误人子弟
41080,镞
41081,呆账
41082,路数
41083,人头马
41084,包金
41085,和音
41086,民间艺术
41087,钱粮
41088,定规
41089,恍然
41090,暪
41091,育龄
41092,青松
41093,力挺
41094,曼城
41095,音位
41096,营垒
41097,有道是
41098,炸雷
41099,显晶
41100,手紧
41101,奴隶社会
41102,举报者
41103,一点一点
41104,谤
41105,雅号
41106,开本
41107,走南闯北
41108,奘
41109,官子
41110,徬
41111,蒲扇
41112,草海
41113,佷
41114,萼
41115,直翅目
41116,镨
41117,侄孙
41118,酵
41119,升格
41120,二愣子
41121,字义
41122,运输舰
41123,阿克拉
41124,门户之见
41125,铁山
41126,锤骨
41127,满洲国
41128,自诉
41129,长孙
41130,祥云
41131,径向
41132,七级浮屠
41133,朝鲜战争
41134,附议
41135,附设
41136,显微
41137,轿夫
41138,生物制品
41139,家长制
41140,概率论
41141,祭文
41142,华夏
41143,返国
41144,牌位
41145,寒带
41146,氧化汞
41147,哀歌
41148,牌价
41149,丧假
41150,涝
41151,西游记
41152,诉冤
41153,觊
41154,全罗南道
41155,隧洞
41156,蘖
41157,开炉
41158,绦
41159,零敲碎打
41160,两全
41161,出漏子
41162,骷
41163,勒紧
41164,马革裹尸
41165,麦粒肿
41166,惇
41167,罢课
41168,丧志
41169,书皮
41170,妖冶
41171,讫
41172,圣庙
41173,积弱
41174,炒锅
41175,按图索骥
41176,处警
41177,误车
41178,货值
41179,诈降
41180,敬祝
41181,传输率
41182,伊曼
41183,诗体
41184,反刍动物
41185,叶绿体
41186,欧美
41187,名臣
41188,车驾
41189,镌刻
41190,波阿斯
41191,分配器
41192,姫
41193,惨变
41194,矫捷
41195,斯洛维尼亚
41196,徇私枉法
41197,恩公
41198,坍方
41199,腱鞘炎
41200,囔
41201,爆冷门
41202,丘脑
41203,担纲
41204,簿记
41205,坐失良机
41206,奥胡斯
41207,函件
41208,辐射仪
41209,田中角荣
41210,拜金
41211,纽埃
41212,牌匾
41213,布基纳法索
41214,凛
41215,灰不溜秋
41216,耶哥尼雅
41217,商数
41218,杨斌
41219,嘟噜
41220,黎民
41221,広
41222,恩德
41223,拥塞
41224,美国之音
41225,衡山
41226,边长
41227,沙朗
41228,矫治
41229,呢子
41230,杨柳
41231,鳞茎
41232,冰川期
41233,字汇
41234,音标
41235,行酒令
41236,陲
41237,偏听偏信
41238,铆
41239,城中区
41240,法线
41241,罢黜
41242,心坎
41243,汍
41244,七星
41245,妙趣
41246,沉陷
41247,金乌
41248,党龄
41249,正德
41250,做功
41251,铺展
41252,小亚细亚
41253,娥眉
41254,音韵
41255,保长
41256,驸马
41257,花展
41258,风寒
41259,车次
41260,修宪
41261,敬贺
41262,官倒
41263,纳福
41264,核黄素
41265,悠远
41266,习用
41267,自洁
41268,官办
41269,彦
41270,槊
41271,梱
41272,拨号盘
41273,官印
41274,揭底
41275,圣多明各
41276,取景框
41277,碱金属
41278,禽蛋
41279,婢
41280,干瘦
41281,随风倒
41282,昙花
41283,金毛狗
41284,敬茶
41285,动辄
41286,十六进制
41287,乌鸡
41288,斗笠
41289,呆帐
41290,毒腺
41291,炼油
41292,绎
41293,光辐射
41294,件数
41295,赁
41296,颧
41297,捞取
41298,添加物
41299,沉香
41300,牛黄
41301,反革命
41302,定影
41303,纲纪
41304,诃
41305,耳垢
41306,餐饮店
41307,伊蚊
41308,叔祖母
41309,科西嘉岛
41310,非独
41311,控制棒
41312,酒药
41313,禽鸟
41314,倬
41315,阎
41316,嗐
41317,叛匪
41318,镯
41319,自缢
41320,缡
41321,鹜
41322,脾胃
41323,树挂
41324,包工
41325,咸鸭蛋
41326,酒精灯
41327,肉丁
41328,司炉
41329,乌鱼
41330,百慕达
41331,二维
41332,名落孙山
41333,牧犬
41334,工艺美术
41335,蕴藏量
41336,辘轳
41337,狡狯
41338,缱
41339,冈山
41340,宽绰
41341,临河
41342,常设
41343,摹写
41344,山西省
41345,砂浆
41346,遗教
41347,讧
41348,亚的斯亚贝巴
41349,疾恶如仇
41350,敷衍塞责
41351,独尊
41352,短见
41353,信从
41354,癸亥
41355,哑然失笑
41356,自治州
41357,直男
41358,矿床
41359,洋货
41360,夙
41361,四合院
41362,和县
41363,正常化
41364,美人蕉
41365,崂
41366,洋车
41367,篙
41368,阿利坎特
41369,元月
41370,弦乐器
41371,递回
41372,管路
41373,首季
41374,隘路
41375,载弹量
41376,小桥流水
41377,首家
41378,鲳
41379,豪情壮志
41380,结出
41381,衣钩
41382,铁甲舰
41383,草酸
41384,肉票
41385,申讨
41386,妖风
41387,赤道几内亚
41388,儒教
41389,名城
41390,皋
41391,电子云
41392,杜尔伯特
41393,官位
41394,拙笨
41395,职分
41396,芚
41397,骓
41398,铺砌
41399,网民
41400,扼制
41401,遗存
41402,科考队
41403,惨杀
41404,满洲里
41405,帏
41406,教练机
41407,农民工
41408,嘉士伯
41409,毛玻璃
41410,盛器
41411,犯嘀咕
41412,汽油机
41413,首倡
41414,军体
41415,官署
41416,将军肚
41417,慇
41418,奔头
41419,刺激素
41420,贬抑
41421,小标题
41422,柒
41423,网架
41424,葛布
41425,冒天下之大不韪
41426,様
41427,马普托
41428,揭破
41429,届满
41430,大小写
41431,糍
41432,七龙珠
41433,数词
41434,非分
41435,钢丝锯
41436,反比
41437,爱民如子
41438,管中窥豹
41439,爱憎分明
41440,良田
41441,葫芦巴
41442,眷念
41443,斥骂
41444,赎款
41445,圃
41446,脱水机
41447,炼化
41448,溧
41449,春光明媚
41450,自得
41451,首例
41452,雨幕
41453,显见
41454,炼制
41455,边寨
41456,戳记
41457,斮
41458,铗
41459,潦
41460,雪片
41461,门源
41462,鸣禽
41463,单宁酸
41464,商学
41465,翘尾巴
41466,挂面
41467,包罗
41468,村寨
41469,饕餮之徒
41470,青蒜
41471,罢官
41472,奥斯瓦尔德
41473,脱脂棉
41474,天鹰座
41475,放之四海而皆准
41476,派生词
41477,生员
41478,雨具
41479,当权派
41480,艾伯塔
41481,雪城
41482,暧
41483,耨
41484,严紧
41485,民女
41486,显耀
41487,名产
41488,海森伯
41489,瞩望
41490,相位差
41491,像章
41492,耐劳
41493,马来人
41494,焦化
41495,贷方
41496,八股文
41497,国事访问
41498,三国演义
41499,逗闷子
41500,龙虎
41501,经纬线
41502,万灵丹
41503,骝
41504,倌
41505,洋洋洒洒
41506,窑洞
41507,核武库
41508,抽噎
41509,龙葵
41510,地图集
41511,谱系
41512,百家姓
41513,提案人
41514,数得着
41515,卡扎菲
41516,电控
41517,黑咕隆咚
41518,连忙
41519,铷
41520,盘山
41521,果胶
41522,籥
41523,壮阔
41524,延绵
41525,指示剂
41526,均值
41527,铁子
41528,摆轮
41529,钔
41530,酒糟
41531,遽
41532,伊利诺
41533,浦东
41534,乙未
41535,住友
41536,起早摸黑
41537,群聚
41538,临城
41539,竺
41540,形似
41541,兕
41542,一纸空文
41543,累及
41544,同音字
41545,刻毒
41546,祈使句
41547,随风
41548,经管
41549,据守
41550,打虫
41551,曼尼托巴
41552,师妹
41553,师姐
41554,赓
41555,挨整
41556,龙飞凤舞
41557,泔
41558,挨斗
41559,险峰
41560,同业
41561,林火
41562,阿萨姆
41563,节气
41564,经线
41565,鳏寡孤独
41566,伟绩
41567,雕梁画栋
41568,薄板
41569,组阁
41570,转游
41571,寄宿生
41572,会期
41573,尘暴
41574,蒙代尔
41575,腊月
41576,箭竹
41577,龙里
41578,传动带
41579,师徒
41580,惯窃
41581,统共
41582,中央委员会
41583,模压
41584,患难之交
41585,碗筷
41586,逐日
41587,硬实
41588,英姿飒爽
41589,毛姆
41590,延揽
41591,画坛
41592,高等学校
41593,前茅
41594,锄奸
41595,酒泉
41596,面疱
41597,礼法
41598,打诨
41599,石炭纪
41600,克罗诺斯
41601,抗毒素
41602,一丁点
41603,能事
41604,刚果河
41605,生态圈
41606,干儿子
41607,橄榄绿
41608,肫
41609,譲
41610,家奴
41611,洗衣板
41612,国策
41613,退党
41614,童养媳
41615,薄利
41616,退冰
41617,报单
41618,枕木
41619,套汇
41620,受病
41621,牛皮菜
41622,耳提面命
41623,延安
41624,投其所好
41625,捷报
41626,饶有
41627,倘然
41628,大白菜
41629,钦差
41630,安贞
41631,笔供
41632,疡
41633,蚍蜉
41634,浩渺
41635,付托
41636,烷基
41637,经久
41638,忽地
41639,延展
41640,月全食
41641,项羽
41642,变流器
41643,铁球
41644,布尔诺
41645,鱼水
41646,寸土寸金
41647,倚仗
41648,面交
41649,延平
41650,铁甲
41651,钦奈
41652,薄命
41653,边防站
41654,苎麻
41655,改稿
41656,简章
41657,堆栈
41658,母线
41659,庄稼人
41660,臆
41661,铁砂
41662,校歌
41663,屈指
41664,卡拉卡斯
41665,省视
41666,攻关
41667,年代学
41668,戏台
41669,文选
41670,彩印
41671,简编
41672,红烧肉
41673,惠来
41674,头面
41675,律诗
41676,装机
41677,硬水
41678,排头兵
41679,水俣病
41680,挈
41681,大天鹅
41682,枰
41683,银质奖
41684,倘或
41685,才分
41686,西格马
41687,催讨
41688,埃里温
41689,图们
41690,硬玉
41691,蛟
41692,文身
41693,改悔
41694,皮袋
41695,电告
41696,寝具
41697,文辞
41698,莠
41699,落叶松
41700,蠓
41701,霭
41702,笑吟吟
41703,铁杉
41704,三级跳
41705,财长
41706,大路货
41707,林园
41708,钜
41709,熟石膏
41710,擢
41711,游子
41712,多义词
41713,纹饰
41714,鱼狗
41715,沦亡
41716,倒爷
41717,齿音
41718,畳
41719,吐鲁番
41720,嘉山
41721,老花眼
41722,添丁
41723,催肥
41724,脚面
41725,下情
41726,赛扬
41727,头虱
41728,惯偷
41729,胍
41730,计划经济
41731,筋络
41732,朴次茅斯
41733,骨骼肌
41734,名角
41735,宪制
41736,旽
41737,俾路支
41738,礼乐
41739,排名表
41740,哥布林
41741,刘翔
41742,靛
41743,审校
41744,人民法院
41745,陪读
41746,达尔马提亚
41747,钎
41748,通州
41749,伊尔库茨克
41750,体长
41751,流体力学
41752,平声
41753,一来二去
41754,纱笼
41755,飓
41756,城东区
41757,思恋
41758,挂怀
41759,长效
41760,开堂
41761,棰
41762,平川
41763,茅庐
41764,豪绅
41765,有的放矢
41766,斜体字
41767,弗拉明戈
41768,佐野
41769,深挚
41770,牛肉面
41771,糸
41772,公营
41773,欢蹦乱跳
41774,殁
41775,谄
41776,后庭
41777,副刊
41778,农学
41779,仪仗
41780,葱茏
41781,冧
41782,三伏天
41783,顶角
41784,通史
41785,归心似箭
41786,葱葱
41787,国货
41788,急难
41789,市北区
41790,列宁主义
41791,养殖业
41792,咸海
41793,通则
41794,骨肉相连
41795,国色天香
41796,农忙
41797,笳
41798,并联
41799,开卷
41800,苦心孤诣
41801,克隆人
41802,阿森
41803,吒
41804,安全期
41805,长清
41806,淬
41807,通例
41808,佪
41809,通体
41810,配电站
41811,绿茵场
41812,沙市
41813,仓惶
41814,万马齐喑
41815,纵横驰骋
41816,莫不是
41817,华灯
41818,采掘
41819,布琼布拉
41820,大意失荆州
41821,船闸
41822,安居工程
41823,以逸待劳
41824,应届
41825,抱屈
41826,长牙
41827,自动铅笔
41828,瞒骗
41829,二项式
41830,荒疏
41831,月偏食
41832,量力
41833,口腹
41834,闪击战
41835,冻雨
41836,小茴香
41837,量具
41838,忠烈
41839,振臂一呼
41840,量度
41841,遗训
41842,饱经沧桑
41843,冲积
41844,氹
41845,城西区
41846,天台
41847,菌种
41848,冲程
41849,丁字镐
41850,行船
41851,进水口
41852,脊索动物
41853,贬谪
41854,应召
41855,广域网
41856,憋闷
41857,索马利亚
41858,娟秀
41859,虚像
41860,物料
41861,头羊
41862,夏令
41863,世态
41864,摩苏尔
41865,吊嗓子
41866,桑葚
41867,省悟
41868,铣
41869,量杯
41870,民盟
41871,勘误
41872,载重量
41873,五岳
41874,拟声
41875,世局
41876,丝绸之路
41877,往时
41878,西斯汀
41879,守恒定律
41880,世宗
41881,西里西亚
41882,纳妾
41883,机甲
41884,秕
41885,天池
41886,通票
41887,支前
41888,天津
41889,移师
41890,隐衷
41891,隐血
41892,忠信
41893,催吐剂
41894,亚马孙
41895,闾
41896,拍案而起
41897,白云石
41898,平版
41899,民政局
41900,卢武铉
41901,牝
41902,思亲
41903,年关
41904,化学工业
41905,木耳
41906,单行本
41907,调谐
41908,百香果
41909,天南地北
41910,言行一致
41911,华侨
41912,咸丰
41913,疏浚
41914,纸烟
41915,奇努克
41916,茅棚
41917,门童
41918,冒顶
41919,五世
41920,海盐
41921,滴水穿石
41922,锘
41923,帮衬
41924,锾
41925,中医师
41926,铭言
41927,穷山恶水
41928,家乐福
41929,紧巴巴
41930,秋毫无犯
41931,单行线
41932,末梢神经
41933,河源
41934,孔德
41935,孔径
41936,路桥
41937,阿卡
41938,花期
41939,盐田
41940,忠勇
41941,营寨
41942,平湖
41943,冷傲
41944,审度
41945,七喜
41946,释疑
41947,大吉岭
41948,学时
41949,奥斯曼帝国
41950,山海经
41951,天牛
41952,帚
41953,当归
41954,嫂
41955,量子场论
41956,管见
41957,扦
41958,批捕
41959,三民主义
41960,癞皮狗
41961,卓尔不群
41962,喷喷香
41963,曲直
41964,圆子
41965,丹顶鹤
41966,飞禽走兽
41967,楹
41968,曲高和寡
41969,量程
41970,按扣
41971,藐
41972,矽
41973,猢狲
41974,华山
41975,华屋
41976,长得
41977,阿妹
41978,牙冠
41979,阿妈
41980,采伐
41981,峻岭
41982,冷寂
41983,冷宫
41984,乌兹别克
41985,神位
41986,采买
41987,媒质
41988,谷城
41989,乌龙
41990,谷地
41991,陈冲
41992,遍地开花
41993,函购
41994,墓坑
41995,残毒
41996,正殿
41997,鞣
41998,收揽
41999,心腹之患
42000,海棠
42001,韩语
42002,别开生面
42003,南极光
42004,惊悸
42005,交通车
42006,近现代史
42007,峦
42008,垂柳
42009,海涅
42010,隶
42011,御赐
42012,手工业
42013,泰拳
42014,名目繁多
42015,香薰
42016,苗家
42017,震感
42018,清人
42019,清丽
42020,小白菜
42021,信手
42022,铕
42023,四面体
42024,美玉
42025,万隆
42026,综观
42027,金银花
42028,残敌
42029,合围
42030,慰唁
42031,好大喜功
42032,张飞
42033,全心
42034,切块
42035,樘
42036,泛音
42037,摩城
42038,荞
42039,侄女婿
42040,巧匠
42041,校运会
42042,卨
42043,造林
42044,勉力
42045,漕
42046,史官
42047,石质
42048,万豪
42049,削发
42050,台座
42051,满山遍野
42052,蹓
42053,瓦工
42054,火炭
42055,深绿
42056,导轨
42057,黏度
42058,白砂糖
42059,骟
42060,侨胞
42061,叶门
42062,铥
42063,火眼
42064,微电脑
42065,黑忽忽
42066,卫道
42067,拉杂
42068,虎将
42069,疆界
42070,考察团
42071,迟滞
42072,虎年
42073,诨
42074,衣裙
42075,莫逆之交
42076,瓦城
42077,基础教育
42078,烧心
42079,谈何容易
42080,工笔
42081,挥师
42082,卫城
42083,银耳
42084,蝉翼
42085,客流
42086,你追我赶
42087,依山傍水
42088,唛
42089,剑柄
42090,垆
42091,寂寂
42092,铁矿石
42093,等距
42094,绝然
42095,少奶奶
42096,马拉多纳
42097,绝热
42098,兴利除弊
42099,航空器
42100,白头鹰
42101,里奥格兰德
42102,镐头
42103,反贪
42104,偶人
42105,台江
42106,田螺
42107,产业工人
42108,班戈
42109,美智子
42110,迎新
42111,砾
42112,艺坛
42113,纯音
42114,捯
42115,终局
42116,标语牌
42117,拜别
42118,通古斯
42119,擭
42120,刀斧手
42121,射精管
42122,东莞
42123,冤仇
42124,摔打
42125,不得劲
42126,大兴土木
42127,睿
42128,鱼鼓
42129,蒙城
42130,航模
42131,脱稿
42132,中原区
42133,阅卷
42134,苴
42135,灯台
42136,红磷
42137,歌子
42138,鲁钝
42139,婆媳
42140,龙胆紫
42141,因斯布鲁克
42142,乌龙球
42143,合璧
42144,机器人学
42145,铼
42146,波导
42147,戏曲
42148,蒙哄
42149,海内外
42150,吃哑巴亏
42151,人造丝
42152,工分
42153,团练
42154,火印
42155,委任书
42156,玉山
42157,秋雨
42158,寒蝉
42159,蒙得维的亚
42160,工农
42161,终久
42162,提单
42163,颉
42164,连襟
42165,答礼
42166,儃
42167,军事家
42168,夹道
42169,丰裕
42170,直飞
42171,玉器
42172,班组
42173,航空信
42174,名扬四海
42175,海南
42176,犒
42177,语气词
42178,驼色
42179,高岭土
42180,悲喜剧
42181,冇
42182,提尔
42183,东郭
42184,索贿
42185,心神不安
42186,嬅
42187,红树
42188,巧思
42189,烧碱
42190,裥
42191,紫貂
42192,乳名
42193,狞
42194,哈吉斯
42195,灾荒
42196,开倒车
42197,快信
42198,改弦易辙
42199,核工程
42200,龙湾
42201,花柳病
42202,上官
42203,互访
42204,谐振
42205,竭泽而渔
42206,不畏强暴
42207,侵华
42208,田村
42209,微升
42210,合照
42211,清苦
42212,聚沙成塔
42213,年老体弱
42214,上峰
42215,闭门思过
42216,丰碑
42217,害鸟
42218,银川
42219,齑
42220,东江
42221,润发露
42222,丰盈
42223,坚贞不渝
42224,上半夜
42225,滦河
42226,江苏省
42227,吁请
42228,张灯结彩
42229,桌灯
42230,并行不悖
42231,班轮
42232,衿
42233,屹
42234,陈仁锡
42235,脲
42236,黏胶
42237,入学率
42238,蜂窝煤
42239,纯碱
42240,亚马孙河
42241,清谈
42242,巩俐
42243,基底
42244,直捷
42245,白话文
42246,内蒙古
42247,合音
42248,闭关锁国
42249,连片
42250,夹棍
42251,微电子
42252,故交
42253,军政
42254,勤俭持家
42255,水烟袋
42256,黑色金属
42257,挢
42258,充溢
42259,重阳节
42260,兴办
42261,巧辩
42262,潘婷
42263,老骥伏枥
42264,粤菜
42265,丰润
42266,万世
42267,析出
42268,万代
42269,刑事犯
42270,居安思危
42271,匪盗
42272,晌
42273,捧杯
42274,直笛
42275,练兵
42276,租价
42277,矿车
42278,扫雷艇
42279,争论点
42280,囫
42281,失盗
42282,回力球
42283,菌丝
42284,评点
42285,主帅
42286,香客
42287,奥尔布赖特
42288,唐山
42289,兵卒
42290,上代
42291,隆安
42292,氽
42293,阎罗王
42294,美乃滋
42295,财年
42296,睑
42297,乐开花
42298,准线
42299,増
42300,隆回
42301,暗笑
42302,失笑
42303,泥腿子
42304,未老先衰
42305,高纬度
42306,度量衡
42307,艳情
42308,赤潮
42309,刀光血影
42310,迢
42311,极右翼
42312,锛
42313,称谢
42314,化合价
42315,连战
42316,争持
42317,合葬
42318,小媳妇
42319,割爱
42320,陈迹
42321,德治
42322,壅
42323,吝
42324,蒙古包
42325,磅礴
42326,纯利
42327,白萝卜
42328,负值
42329,主格
42330,丰年
42331,磅秤
42332,诲
42333,移花接木
42334,颠扑不破
42335,商战
42336,实数
42337,电功率
42338,灰鹤
42339,负号
42340,夜阑人静
42341,埸
42342,登时
42343,千姿百态
42344,菌落
42345,省级
42346,鲁山
42347,苍凉
42348,潇
42349,南岸
42350,隋
42351,兵戎
42352,苏东坡
42353,四脚蛇
42354,墙根
42355,微火
42356,章子怡
42357,妇孺皆知
42358,戈瑞
42359,赤子
42360,伸冤
42361,犯不上
42362,海草
42363,江青
42364,百花齐放
42365,微细
42366,相映成趣
42367,海航
42368,贪婪无厌
42369,南华
42370,实测
42371,势不可当
42372,生不逢时
42373,南县
42374,室内乐
42375,卐
42376,忸
42377,五子棋
42378,刚果民主共和国
42379,上田
42380,免票
42381,英超
42382,渔轮
42383,坷
42384,充军
42385,快慰
42386,一路风尘
42387,真亮
42388,唁
42389,亚美利加
42390,专责
42391,骨节
42392,失修
42393,孔隙
42394,丄
42395,丰产
42396,漆布
42397,磷灰石
42398,爽直
42399,线绳
42400,寄存处
42401,江达
42402,江边
42403,酸辣汤
42404,浅见
42405,上款
42406,民主革命
42407,楽
42408,囊胚
42409,银根
42410,参考系
42411,死顽固
42412,洛阳纸贵
42413,璀
42414,海角天涯
42415,凡俗
42416,布雷斯特
42417,事权
42418,贻
42419,梾
42420,西洋景
42421,赭石
42422,暗器
42423,呼哧
42424,剑身
42425,夹具
42426,经济基础
42427,蜷伏
42428,持重
42429,暗堡
42430,金兰
42431,疏理
42432,导数
42433,褂子
42434,竹板
42435,东光
42436,河西
42437,暗娼
42438,广西
42439,皈
42440,反哺
42441,汲水
42442,发憷
42443,京剧
42444,轸
42445,别有洞天
42446,贼眼
42447,习习
42448,东坡
42449,粗茶淡饭
42450,上旬
42451,财税
42452,拉辛
42453,海阳
42454,睇
42455,兵种
42456,上林
42457,电饭锅
42458,导报
42459,天梯
42460,皮尺
42461,上杭
42462,特需
42463,碱度
42464,叫苦不迭
42465,小天鹅
42466,细胞壁
42467,钣
42468,肥壮
42469,副食
42470,月华
42471,金正恩
42472,饴
42473,帕米尔
42474,侄孙女
42475,原平
42476,木栅
42477,板栗
42478,熹
42479,应试
42480,应诉
42481,慧黠
42482,焊锡
42483,镢
42484,威势
42485,冬不拉
42486,软骨鱼
42487,轱
42488,板油
42489,信息学
42490,开锁
42491,宗派主义
42492,天良
42493,月季
42494,椁
42495,泰尔
42496,通霄
42497,板报
42498,船东
42499,迷魂汤
42500,菲力
42501,磊落
42502,密密实实
42503,民俗学
42504,秘闻
42505,开阳
42506,脸相
42507,顶事
42508,清炖
42509,挑夫
42510,体察
42511,笔划
42512,罗斯托夫
42513,树碑立传
42514,矍铄
42515,郑州
42516,筘
42517,陪嫁
42518,船埠
42519,毕宿五
42520,叱咤风云
42521,翟
42522,沿海地区
42523,国号
42524,仪陇
42525,遭逢
42526,猪倌
42527,训令
42528,升幅
42529,原义
42530,丁字尺
42531,原人
42532,女眷
42533,顾念
42534,倭瓜
42535,醮
42536,多一事不如少一事
42537,打工妹
42538,噬菌体
42539,普拉提斯
42540,甘之如饴
42541,针叶林
42542,万变不离其宗
42543,暖洋洋
42544,兵库县
42545,轮作
42546,伽师
42547,隐疾
42548,路虎
42549,木然
42550,道教徒
42551,国学
42552,横蛮
42553,责任事故
42554,冻害
42555,口传
42556,隐现
42557,公函
42558,曲靖
42559,冒用
42560,横肉
42561,观测员
42562,雅俗共赏
42563,通航
42564,公厘
42565,铭心刻骨
42566,党中央
42567,难解难分
42568,隐伏
42569,棉田
42570,建党
42571,槐树
42572,商酌
42573,加泰罗尼亚
42574,东道
42575,建制
42576,挂虑
42577,审订
42578,建华
42579,审读
42580,物理化学
42581,瘌
42582,挂职
42583,里维耶拉
42584,蜻
42585,泰兴
42586,帕格尼尼
42587,挂花
42588,品茗
42589,国术
42590,歌罗西
42591,丁字梁
42592,威玛
42593,维新派
42594,肥缺
42595,棕黄
42596,古吉拉特邦
42597,西城区
42598,采风
42599,月牙形
42600,哈士奇
42601,荣辱
42602,氮氧化物
42603,长诗
42604,霰
42605,钕
42606,拳头产品
42607,死记硬背
42608,挂轴
42609,调门
42610,人民警察
42611,界河
42612,满腔热忱
42613,马前卒
42614,倒买倒卖
42615,拟音
42616,不可名状
42617,辐条
42618,成文法
42619,雅尔塔
42620,林林总总
42621,冷语
42622,袅
42623,疚
42624,跬
42625,稳练
42626,女同
42627,悛
42628,侪
42629,违令
42630,六经
42631,勘定
42632,起稿
42633,梦寐
42634,滥伐
42635,月报
42636,结晶学
42637,适销
42638,归附
42639,中环
42640,威权
42641,挂靠
42642,富贵病
42643,牙髓
42644,马来亚
42645,抹灰
42646,刺柏
42647,寿堂
42648,雾里看花
42649,忧患
42650,复合材料
42651,葱翠
42652,木卫
42653,恒牙
42654,特拉法尔加
42655,原故
42656,明胶
42657,郁结
42658,娇美
42659,办学
42660,神经原
42661,鄂霍次克海
42662,殡
42663,囫囵吞枣
42664,鹅毛大雪
42665,浮尘
42666,结存
42667,六甲
42668,紧绷绷
42669,他乡遇故知
42670,初创
42671,筛糠
42672,当仁不让
42673,弹冠相庆
42674,有机玻璃
42675,工读生
42676,菲林
42677,邦交
42678,姮
42679,顾盼
42680,国粹
42681,昏乱
42682,扯后腿
42683,吸奶器
42684,俭朴
42685,休伦湖
42686,知识界
42687,提克里特
42688,女家
42689,调式
42690,调弄
42691,莨
42692,再生产
42693,渗透压
42694,陡然
42695,邬
42696,年均
42697,玷
42698,停当
42699,合成橡胶
42700,倒装
42701,窥伺
42702,欺生
42703,土岗
42704,捷报频传
42705,构件
42706,相持
42707,枞树
42708,蹉
42709,宅第
42710,洛宁
42711,潲
42712,瘢
42713,年号
42714,探家
42715,国民经济
42716,倒运
42717,精囊
42718,抄送
42719,远虑
42720,火山岛
42721,慢性子
42722,美眉
42723,达沃斯
42724,丹宁
42725,丝竹
42726,麦克维
42727,词缀
42728,纱窗
42729,老辣
42730,优哉游哉
42731,花旦
42732,纺织娘
42733,访查
42734,老赖
42735,莰
42736,棂
42737,有志
42738,冰清玉洁
42739,程序性
42740,栃
42741,张纯如
42742,皮影戏
42743,孙女婿
42744,花押
42745,储物
42746,芳烃
42747,辉石
42748,无后
42749,去年底
42750,学报
42751,肴
42752,三元
42753,长治久安
42754,品川
42755,三亚
42756,探井
42757,探伤
42758,凫
42759,景洪
42760,横扫千军
42761,型式
42762,磁通量
42763,绮罗
42764,里奇蒙
42765,格拉茨
42766,中山市
42767,量词
42768,入户
42769,一类
42770,预制
42771,张柏芝
42772,普里什蒂纳
42773,不过意
42774,大伯子
42775,坑骗
42776,年下
42777,外延
42778,承前启后
42779,学监
42780,沤
42781,人定胜天
42782,户口簿
42783,追根问底
42784,康马
42785,疑阵
42786,邮品
42787,喘嘘嘘
42788,罩衣
42789,亲代
42790,眼压
42791,聊以自慰
42792,层峦叠嶂
42793,保人
42794,船老大
42795,亚哈斯
42796,储户
42797,富国
42798,彪炳
42799,卢塞恩
42800,臃
42801,花灯
42802,镎
42803,安重根
42804,爱理不理
42805,烧荒
42806,绨
42807,救济粮
42808,年尾
42809,外路
42810,茶钱
42811,暗昧
42812,碧血
42813,绮丽
42814,呶
42815,一枝独秀
42816,鲽
42817,峒
42818,墓道
42819,支系
42820,辛巴威
42821,安设
42822,词形
42823,士卒
42824,踟蹰
42825,刀耕火种
42826,龙眼
42827,兼容并包
42828,汤圆
42829,中西
42830,征地
42831,储君
42832,游艺会
42833,精粹
42834,成交价
42835,掺水
42836,胸无城府
42837,变得
42838,油光光
42839,围护
42840,贝宝
42841,凝滞
42842,炔
42843,品系
42844,嘱托
42845,钽
42846,煅烧
42847,黄华
42848,清迈
42849,拾金不昧
42850,桁架
42851,爬山虎
42852,果戈里
42853,鸵鸟政策
42854,茶艺
42855,氯霉素
42856,铄
42857,一声
42858,嫚
42859,半推半就
42860,乘隙
42861,桃花源
42862,异步
42863,洗雪
42864,四川省
42865,学姐
42866,夕照
42867,几许
42868,降水量
42869,奇谈怪论
42870,连用
42871,品貌
42872,蠕
42873,绯
42874,皇子
42875,三昧
42876,诸君
42877,宾语
42878,唵
42879,淳厚
42880,黄秋葵
42881,涓
42882,任其自然
42883,崖壁
42884,花剑
42885,悲欢离合
42886,冶金
42887,掾
42888,听骨
42889,瞳仁
42890,等比级数
42891,谈虎色变
42892,告饶
42893,孙文
42894,书面语
42895,塔里木
42896,雹子
42897,奋笔疾书
42898,居高不下
42899,马年
42900,稀稀拉拉
42901,马帮
42902,悄然无声
42903,五角形
42904,萨其马
42905,槲
42906,瘈
42907,飕飕
42908,桑树
42909,针砭
42910,哄动
42911,偏旁
42912,生鲜
42913,偏房
42914,水龙卷
42915,次大陆
42916,蓬莱
42917,举人
42918,滴溜溜
42919,马大
42920,反间计
42921,填鸭
42922,高加索山脉
42923,沙漠化
42924,表意
42925,荷兰盾
42926,海城
42927,垫付
42928,生造
42929,有神论
42930,花露水
42931,苜
42932,价款
42933,胡搅
42934,旷古
42935,温州
42936,传代
42937,磷肥
42938,县府
42939,本应
42940,妄语
42941,石炭酸
42942,壬辰
42943,出借
42944,佚名
42945,招展
42946,马关
42947,积分学
42948,石笋
42949,哈拉
42950,寒武纪
42951,格勒
42952,科特布斯
42953,偏瘫
42954,纺车
42955,俪
42956,插班
42957,忍痛割爱
42958,烦劳
42959,眼目
42960,童女
42961,七弦琴
42962,二人转
42963,豸
42964,中秋节
42965,硕士生
42966,经年累月
42967,私有制
42968,逃遁
42969,十三点
42970,罪魁
42971,百分数
42972,板刷
42973,阳离子
42974,黄曲霉菌
42975,却步
42976,满清
42977,歩
42978,谗
42979,理化
42980,马哈拉施特拉邦
42981,价目
42982,赫拉
42983,约合
42984,提摩太
42985,奁
42986,覆没
42987,讲论
42988,水墨画
42989,狗尾续貂
42990,四平
42991,石泉
42992,直辖市
42993,间苗
42994,暑天
42995,天顺
42996,基里巴斯
42997,少年老成
42998,约坦
42999,拉文纳
43000,藿
43001,生药
43002,酞
43003,薄地
43004,本乡
43005,高平
43006,札达
43007,心宿二
43008,本位
43009,水溶性
43010,枸杞
43011,自负盈亏
43012,高居
43013,满期
43014,象声词
43015,霞光
43016,齐刷刷
43017,咹
43018,接踵
43019,病逝
43020,殉葬
43021,十一月份
43022,投敌
43023,栀子
43024,坎坷不平
43025,竦
43026,诰
43027,借重
43028,艄
43029,纳贿
43030,伊波拉
43031,任人唯贤
43032,扒拉
43033,痢
43034,石刻
43035,南联盟
43036,约摸
43037,散居
43038,秩
43039,举一反三
43040,针叶
43041,打吊针
43042,算卦
43043,乳酸菌
43044,马蹄形
43045,李俊
43046,包身工
43047,哄笑
43048,雹灾
43049,囟门
43050,比画
43051,各尽所能
43052,定时钟
43053,嗔
43054,石女
43055,抵扣
43056,锣鼓
43057,畑
43058,相公
43059,运河区
43060,尴
43061,散失
43062,乡音
43063,微服私访
43064,瘢痕
43065,土鳖
43066,橘红
43067,越冬
43068,散客
43069,镧
43070,添补
43071,喷饭
43072,电位
43073,垄沟
43074,华兹华斯
43075,层报
43076,语气助词
43077,含油
43078,报载
43079,复信
43080,混合泳
43081,投生
43082,半圆形
43083,掣肘
43084,传热
43085,表功
43086,溶洞
43087,覆盖率
43088,谨启
43089,大后年
43090,橘柑
43091,胡夫
43092,太上皇
43093,偏光
43094,招商
43095,稻子
43096,分子筛
43097,赧
43098,李广
43099,塔城
43100,高端
43101,杂项
43102,如泣如诉
43103,孵化期
43104,箬
43105,自由放任
43106,温润
43107,拉齐奥
43108,皇太后
43109,猫腰
43110,刨床
43111,石井
43112,高维
43113,塔勒
43114,港币
43115,翻盖
43116,表嫂
43117,豌
43118,阴离子
43119,奇葩
43120,土货
43121,剂型
43122,和平鸽
43123,茨城
43124,杏林
43125,代购
43126,光驱
43127,易学
43128,双休日
43129,温雅
43130,初级中学
43131,干才
43132,日增
43133,西乃山
43134,观瞻
43135,淡泊
43136,文化史
43137,抽风机
43138,徇私舞弊
43139,包衣
43140,厄洛斯
43141,太阳日
43142,晒斑
43143,葫
43144,老马识途
43145,彽
43146,梁上君子
43147,续篇
43148,报头
43149,代行
43150,曼哈坦
43151,拉帕斯
43152,气哼哼
43153,背时
43154,豆腐渣
43155,鸟兽
43156,同比
43157,厂址
43158,狭义
43159,鲜味
43160,润笔
43161,余悸
43162,量体裁衣
43163,奥援
43164,璨
43165,红领巾
43166,奇珍
43167,中途岛
43168,罗志祥
43169,日化
43170,收心
43171,南天门
43172,本题
43173,胰岛
43174,豆芽菜
43175,驱寒
43176,生分
43177,法号
43178,兴味
43179,行文
43180,榫眼
43181,玄孙
43182,日冕
43183,增补
43184,橄
43185,酒足饭饱
43186,水培
43187,总揽
43188,寥
43189,簸箕
43190,运动学
43191,彩礼
43192,今昔
43193,上城区
43194,王水
43195,教本
43196,法场
43197,阐
43198,花苞
43199,汉朝
43200,弹拨乐器
43201,垫被
43202,高足
43203,晚景
43204,钒
43205,比量
43206,良材
43207,毗连
43208,痛痒
43209,重办
43210,鹿野
43211,补语
43212,太阳灯
43213,高邑
43214,畸胎
43215,早春
43216,歪风
43217,下巴颏
43218,令行禁止
43219,王爷
43220,纪伯伦
43221,海港区
43222,增速
43223,立方根
43224,濒
43225,坐标系
43226,伏笔
43227,罗蒙诺索夫
43228,强令
43229,榨油
43230,鳇
43231,耳闻目睹
43232,牧畜
43233,病故
43234,土族
43235,打谷机
43236,土改
43237,总社
43238,胶木
43239,正当年
43240,民庭
43241,绿头鸭
43242,虚虚实实
43243,临海
43244,孭
43245,鲙
43246,同理
43247,被子植物
43248,成说
43249,抽税
43250,赋诗
43251,弧光
43252,航迹
43253,莺歌燕舞
43254,卤化物
43255,代际
43256,正骨
43257,土温
43258,山东省
43259,讲习
43260,燕雀
43261,主航道
43262,润湿
43263,谶
43264,馒
43265,庆尚道
43266,出新
43267,绰约
43268,称许
43269,叽叽嘎嘎
43270,贰
43271,弥勒
43272,幔
43273,日立
43274,石门
43275,满额
43276,二锅头
43277,巴西利亚
43278,水禽
43279,嘹亮
43280,骊
43281,屎壳郎
43282,背包袱
43283,汉诺威
43284,抗灾
43285,日经
43286,针鼹
43287,辇
43288,甲乙
43289,孙膑
43290,水绿
43291,萁
43292,良人
43293,伯恩茅斯
43294,多元论
43295,泾
43296,民怨
43297,豆腐乳
43298,议和
43299,默写
43300,汉代
43301,杰里科
43302,节流
43303,胡蝶
43304,鲹
43305,收罗
43306,海关总署
43307,蛌
43308,毛里求斯
43309,曳
43310,锕
43311,裁纸机
43312,新沂市
43313,难舍难离
43314,克西
43315,白斑病
43316,尔德
43317,食槽
43318,化武
43319,盘剥
43320,国界线
43321,桑蚕
43322,哈腰
43323,满门
43324,议席
43325,政派
43326,水淋淋
43327,抗税
43328,临安
43329,软磁盘
43330,莞
43331,诏书
43332,区划
43333,布隆方丹
43334,分类学
43335,法盲
43336,枢机主教
43337,鲁米诺
43338,茍
43339,殉国
43340,怒冲冲
43341,汉奸
43342,胶乳
43343,雨后春笋
43344,石蒜
43345,狗仗人势
43346,山茱萸
43347,堇
43348,奇花异卉
43349,武侠
43350,良家
43351,平板车
43352,选录
43353,单相
43354,表针
43355,威奇托
43356,笊
43357,三顾茅庐
43358,干呕
43359,易溶
43360,牧地
43361,巴马科
43362,铺面
43363,余年
43364,玛多
43365,揭短
43366,伏天
43367,洋白菜
43368,赤子之心
43369,抨
43370,单倍体
43371,超额利润
43372,练字
43373,林场
43374,怼
43375,镊
43376,颂赞
43377,王孙
43378,干娘
43379,龙须菜
43380,风华绝代
43381,水患
43382,渊薮
43383,鞘翅目
43384,杂居
43385,太平门
43386,世界贸易组织
43387,合作方
43388,沙丽
43389,红彤彤
43390,政绩
43391,扫黄打非
43392,转义
43393,蓧
43394,县级
43395,偏食
43396,女体盛
43397,民科
43398,整风
43399,噱
43400,自流井
43401,枞
43402,利欲
43403,锎
43404,来凤
43405,躲懒
43406,扬琴
43407,俵
43408,乘数
43409,阿皮亚
43410,异香
43411,同室操戈
43412,苟安
43413,走马灯
43414,搜括
43415,罗缎
43416,窗棂
43417,声气
43418,槽牙
43419,催逼
43420,扬眉
43421,耐药性
43422,泥煤
43423,支部
43424,锦州
43425,菅
43426,年富力强
43427,恬然
43428,铠
43429,声母
43430,巍巍
43431,斑羚
43432,恼恨
43433,戏剧家
43434,参股
43435,基布兹
43436,肺心病
43437,染毒
43438,考取
43439,句型
43440,补发
43441,相纸
43442,臭熏熏
43443,魏玛
43444,练习本
43445,库布里克
43446,彤
43447,规约
43448,酣饮
43449,涕泣
43450,城管
43451,麺
43452,气昂昂
43453,耳针
43454,新异
43455,法定人数
43456,杜伊斯堡
43457,金戈铁马
43458,萧墙
43459,芭菲
43460,研钵
43461,新庄
43462,坑人
43463,平野
43464,愉
43465,侧室
43466,伊玛目
43467,萨格勒布
43468,顺民
43469,聚酯纤维
43470,参议
43471,展期
43472,家丁
43473,见教
43474,默罕默德
43475,约法
43476,授业
43477,巴东
43478,三通
43479,疾步
43480,茶缸
43481,句式
43482,绿孔雀
43483,无际
43484,潜热
43485,子路
43486,挂羊头卖狗肉
43487,罗氏
43488,外耳
43489,过细
43490,蒸腾
43491,鲶
43492,烘炉
43493,牛年
43494,省却
43495,弈
43496,制假
43497,战兢兢
43498,硕果累累
43499,骄横
43500,能级
43501,罝
43502,济济
43503,老千
43504,停表
43505,帛
43506,人祸
43507,寞
43508,核糖
43509,汶川
43510,三无
43511,鲲
43512,活版
43513,音容
43514,谢帖
43515,戈壁滩
43516,喇叭花
43517,缯
43518,见状
43519,排比
43520,坏账
43521,克罗埃西亚
43522,澹
43523,时调
43524,黧
43525,远祖
43526,饯
43527,三藏
43528,蘩
43529,珍闻
43530,编辑家
43531,未竟
43532,测度
43533,虾酱
43534,法勒斯
43535,靡靡之音
43536,同温层
43537,孀居
43538,科佩尔
43539,石沉大海
43540,参预
43541,岁末
43542,如获至宝
43543,风起云涌
43544,维妙维肖
43545,蔼
43546,大分子
43547,斑斓
43548,岁暮
43549,西文
43550,新界
43551,花轿
43552,龙凤呈祥
43553,条形
43554,式微
43555,藤泽
43556,西林
43557,巴扎
43558,北流
43559,列治文
43560,屉子
43561,序章
43562,承兑
43563,一览
43564,巴格兰
43565,山墙
43566,头名
43567,结缔组织
43568,心硬
43569,漂洗
43570,继配
43571,织女
43572,平装本
43573,轧辊
43574,対
43575,锦绣
43576,茶坊
43577,远期
43578,灰浆
43579,报价单
43580,殂
43581,还愿
43582,播发
43583,部首
43584,抽检
43585,赵薇
43586,扩胸器
43587,诬
43588,繁密
43589,罗圈
43590,岩画
43591,温情脉脉
43592,邋里邋遢
43593,陈水扁
43594,负离子
43595,藴
43596,黄连
43597,福摩萨
43598,帝位
43599,相宜
43600,道里
43601,悻悻
43602,缶
43603,一霎
43604,得数
43605,藩篱
43606,悴
43607,疏落
43608,千里
43609,出点子
43610,大客车
43611,亚速尔群岛
43612,还礼
43613,椐
43614,稲
43615,点染
43616,记叙文
43617,抄查
43618,黄粱梦
43619,合成词
43620,异乡人
43621,滓
43622,昧心
43623,单眼
43624,一槌定音
43625,未名
43626,美谈
43627,胶合
43628,张艺谋
43629,钫
43630,顺和
43631,试航
43632,牵牛星
43633,百分率
43634,禅房
43635,起运
43636,坐吃山空
43637,融会
43638,莫如
43639,靠背椅
43640,煅
43641,利川
43642,乘号
43643,万般无奈
43644,皴裂
43645,宽以待人
43646,污七八糟
43647,一言堂
43648,睡相
43649,维纶
43650,愐
43651,藤森
43652,骨董
43653,皇马
43654,人心所向
43655,沮
43656,马大哈
43657,门庭若市
43658,倒班
43659,浊音
43660,入赘
43661,只见树木不见森林
43662,卓然
43663,尽孝
43664,嗟
43665,鼯鼠
43666,谢特
43667,正离子
43668,合同法
43669,国库券
43670,黄鼬
43671,顺差
43672,黄鹂
43673,黩武
43674,及至
43675,随机数
43676,荔
43677,逼良为娼
43678,西端
43679,顺德
43680,角马
43681,变质岩
43682,顺当
