"Chinese","Pinyin","English","Tag"
"的","de","(particle) of / 's / (marks a description)",""
"是","shì","to be / is / yes",""
"了","le","(particle) completed action or change of state (Malaysian: often said 'liao')","Malaysia"
"就","jiù","then / right away / as early as (happening sooner than expected)",""
"我","wǒ","I / me / my",""
"你","nǐ","you",""
"不","bù","not / no",""
"在","zài","at / in / (before a verb) in the middle of doing",""
"有","yǒu","to have / there is / there are",""
"会","huì","can (know how to) / will / likely to",""
"要","yào","to want / to need / will (for intentions and plans)",""
"说","shuō","to say / to speak",""
"我们","wǒ men","we / us","Malaysia"
"好","hǎo","good / well; (after a verb) done / ready",""
"这","zhè","this / these",""
"想","xiǎng","to want to / to think / to miss","Malaysia"
"一","yī","one / 1 / single",""
"很","hěn","(adverb of degree) / quite / very",""
"人","rén","person / people",""
"来","lái","to come",""
"个","gè","(general measure word) / individual",""
"能","néng","can / to be able to / might possibly",""
"去","qù","to go",""
"没","méi","not / have not / did not",""
"知道","zhī dào","to know / to become aware of",""
"吧","ba","(particle) let's… / …right? (suggestion or seeking agreement)",""
"那","nà","that / those / then (in that case)",""
"到","dào","to (a place) / until (a time) / up to",""
"上","shàng","on / above / up; (上个月) last / previous",""
"他","tā","he / him",""
"都","dōu","all / both / entirely",""
"也","yě","also / too",""
"过","guò","to pass / to cross; (after a verb) have done before",""
"还","hái","still / also / yet",""
"给","gěi","to give / for / to",""
"看","kàn","to look / to see / to watch / to read","Malaysia"
"把","bǎ","(marks the object before the verb) 把书放好 = put the book away properly",""
"让","ràng","to let / to allow / to make (someone feel)",""
"对","duì","right / correct / towards",""
"这个","zhè ge","this / this one",""
"现在","xiàn zài","now / at present","Malaysia"
"做","zuò","to do / to make",""
"什么","shén me","what? / something","Malaysia"
"真","zhēn","really / truly / indeed",""
"只","zhǐ","only / just",""
"着","zhe","(particle) ongoing state or action: 门开着 = the door is open",""
"没有","méi yǒu","don't have / there isn't / haven't (done)",""
"得","de","(particle) links a verb to its result or degree: 跑得快 = runs fast / 吃得完 = can finish",""
"和","hé","and / together with / with",""
"怎么","zěn me","how? / what?","Malaysia"
"可以","kě yǐ","can / may",""
"他们","tā men","they",""
"事","shì","matter / thing / business",""
"再","zài","again / then",""
"呢","ne","(particle) what about…? / and you? / (marks an ongoing situation)",""
"点","diǎn","o'clock / dot / a little",""
"这样","zhè yàng","like this / this way / so",""
"多","duō","many / much / (after a number) and a bit more: 九点多 = a little past nine",""
"太","tài","too (much) / very",""
"里","lǐ","inside / in",""
"用","yòng","to use",""
"你们","nǐ men","you (plural)",""
"下","xià","down / below; (下个月) next; (after a verb) down",""
"走","zǒu","to walk / to go / to leave",""
"如果","rú guǒ","if / in case",""
"自己","zì jǐ","oneself / one's own",""
"谁","shuí","who",""
"被","bèi","(passive marker) by: 被偷了 = got stolen",""
"因为","yīn wèi","because / owing to",""
"听","tīng","to listen / to hear",""
"别","bié","don't (imperative) / other",""
"告诉","gào su","to tell / to inform",""
"她","tā","she",""
"时候","shí hou","time / length of time",""
"从","cóng","from",""
"最","zuì","most / the most / -est (superlative suffix)",""
"啊","a","(particle) expressing surprise, agreement, or softening the sentence",""
"已经","yǐ jīng","already",""
"出","chū","to go out / to come out; (Malaysian, after a clock time) a little past: 七点九个字出","Malaysia"
"天","tiān","day / sky",""
"大","dà","big / large",""
"吗","ma","(question particle for yes-no questions)",""
"次","cì","next in sequence / second / the second (day, time etc)",""
"这么","zhè me","so much / this much",""
"为","wèi","for / because of / (wéi) to be",""
"还有","hái yǒu","furthermore / in addition",""
"才","cái","ability / talent / someone of a certain type",""
"为什么","wèi shén me","why? / for what reason?",""
"像","xiàng","to resemble / to be like / to look as if",""
"话","huà","words / speech / language (福建话 = Hokkien)",""
"那个","nà ge","that one / that thing",""
"谢谢","xiè xie","to thank / thanks",""
"找","zhǎo","to look for / to find",""
"可能","kě néng","might (happen) / possible",""
"又","yòu","(once) again / also / both... and...",""
"需要","xū yào","to need / to want",""
"起来","qi lai","to get up / to wake up; (after a verb) upward, or starting to: 看起来 = it looks like",""
"应该","yīng gāi","should / probably",""
"东西","dōng xi","thing / stuff","Malaysia"
"觉得","jué de","to think / to feel",""
"这些","zhè xiē","these",""
"两","liǎng","two (before a measure word) / both",""
"错","cuò","mistake / wrong / bad",""
"干","gàn","to do / to work",""
"回","huí","to return / to go back / (measure word for times)",""
"更","gèng","more / even more / further",""
"开始","kāi shǐ","to begin / beginning",""
"等","děng","to wait / and so on",""
"快","kuài","fast / quick / soon (快要 = about to)",""
"可","kě","can / may / able to",""
"那么","nà me","so / then / like that",""
"所以","suǒ yǐ","therefore / as a result",""
"一样","yí yàng","same / like",""
"时间","shí jiān","time / period",""
"而","ér","and / but / whereas",""
"这里","zhè lǐ","here",""
"该","gāi","should / ought to",""
"就是","jiù shì","exactly / precisely / that is",""
"一起","yì qǐ","in the same place / together","Malaysia"
"拿","ná","to hold / to seize / to catch",""
"喜欢","xǐ huan","to like / to be fond of",""
"见","jiàn","to see / to meet / to appear (to be something)",""
"叫","jiào","to call / to be called / to order (food) / to tell (someone to do something)",""
"带","dài","to bring / to take along",""
"问题","wèn tí","question / problem",""
"小","xiǎo","small / little",""
"中","zhōng","middle / in / among",""
"但","dàn","but",""
"跟","gēn","with / and / to follow",""
"当","dāng","to act as / when (当…的时候) / should",""
"它","tā","it",""
"然后","rán hòu","after / then (afterwards)",""
"死","sǐ","to die; (after an adjective) extremely: 累死我了 = I'm exhausted",""
"希望","xī wàng","to hope / hope",""
"当然","dāng rán","of course",""
"一直","yì zhí","always / continuously / straight ahead",""
"帮","bāng","to help / to assist / to support",""
"前","qián","front / before / ago",""
"一下","yí xià","(after a verb) briefly / a bit / once","Malaysia"
"开","kāi","to open / to turn on / to drive",""
"看看","kàn kan","to take a look",""
"所有","suǒ yǒu","all",""
"相信","xiāng xìn","to believe / to trust",""
"看到","kàn dào","to see",""
"打","dǎ","to hit / to play (a game) / to make (a call)",""
"但是","dàn shì","but / however",""
"家","jiā","home / family",""
"还是","hái shi","or (in questions) / still",""
"行","xíng","OK / all right / capable; to walk",""
"那些","nà xiē","those",""
"们","men","(plural suffix for people: 我们, 他们)",""
"几","jǐ","how many / a few",""
"请","qǐng","please / to invite / to treat (someone to a meal)",""
"年","nián","year",""
"是的","shì de","yes / that's right",""
"比","bǐ","than / to compare",""
"起","qǐ","to rise / to get up / (measure word for cases)",""
"地方","dì fang","area / place",""
"出来","chu lai","(after a verb, indicates coming out, completion of an action, or ability to discern or detect)",""
"后","hòu","after / behind",""
"今天","jīn tiān","today / at the present",""
"回来","huí lai","to return / to come back",""
"明白","míng bai","to understand / clear",""
"朋友","péng you","friend",""
"哦","ó","oh (surprise or understanding)",""
"正","zhèng","just (正在) / straight / correct",""
"些","xiē","some / a few (measure word)",""
"发生","fā shēng","to happen / to occur",""
"只是","zhǐ shì","merely / simply",""
"事情","shì qing","matter / thing / affair",""
"准备","zhǔn bèi","preparation / to prepare",""
"放","fàng","to put / to place / to let off","Malaysia"
"哪","nǎ","which / where",""
"一切","yí qiè","everything",""
"一点","yì diǎn","a bit / a little",""
"爱","ài","to love / to be fond of / to like",""
"时","shí","time / when / o'clock",""
"意思","yì si","meaning / idea / intention",""
"工作","gōng zuò","to work / job",""
"为了","wèi le","in order to / for",""
"问","wèn","to ask",""
"怎么样","zěn me yàng","how? / how about?",""
"一定","yí dìng","surely / certainly",""
"件","jiàn","(measure word for clothes, matters) / item",""
"进","jìn","to enter / to go in",""
"孩子","hái zi","child",""
"离开","lí kāi","to leave",""
"先生","xiān sheng","Mr. / sir / husband",""
"第一","dì yī","first / number one",""
"以为","yǐ wéi","to think (i.e. to take it to be true that ...) (Usually there is an implication that the notion is mistaken – except when expressing one's own current opinion.)",""
"先","xiān","first / in advance",""
"所","suǒ","(measure word for buildings) / place; 所以 / 所有",""
"住","zhù","to live / to dwell / to stay",""
"认为","rèn wéi","to think / to believe",""
"吃","chī","to eat",""
"找到","zhǎo dào","to find",""
"肯定","kěn dìng","to be certain / to be positive",""
"非常","fēi cháng","very / very much",""
"之前","zhī qián","before / prior to",""
"感觉","gǎn jué","to feel / to become aware of",""
"抱歉","bào qiàn","sorry",""
"而且","ér qiě","(not only ...) but also / moreover",""
"发现","fā xiàn","to find / to discover",""
"新","xīn","new",""
"向","xiàng","towards / to (a person): 向他学习 = learn from him",""
"并","bìng","and / (before a negative) actually not",""
"那样","nà yàng","like that / that kind",""
"也许","yě xǔ","perhaps / maybe",""
"搞","gǎo","to do / to make / to get (colloquial)",""
"不要","bú yào","don't / don't want",""
"不错","bú cuò","not bad / pretty good",""
"掉","diào","to fall / to drop / to lag behind",""
"必须","bì xū","must / have to",""
"过来","guò lai","see 過來|过来[guo4 lai2]",""
"种","zhǒng","kind / type (measure word)",""
"一些","yì xiē","some / a few",""
"这种","zhè zhǒng","this kind of",""
"最后","zuì hòu","final / last",""
"将","jiāng","will / shall (formal)",""
"高兴","gāo xìng","happy / glad",""
"地","de","(particle) -ly: 慢慢地 = slowly",""
"任何","rèn hé","any / whatever",""
"以","yǐ","with / by / in order to",""
"嘿","hēi","hey",""
"担心","dān xīn","anxious / worried",""
"对不起","duì bù qǐ","unworthy / to let down",""
"成","chéng","to become; (after a verb) as: 听成 = to mishear as",""
"过去","guò qu","(verb suffix)",""
"算","suàn","to count / to consider / to calculate",""
"三","sān","three / 3",""
"够","gòu","enough",""
"生活","shēng huó","life / activity",""
"手","shǒu","hand",""
"之","zhī","(literary particle, like 的): 之前 / 之后",""
"记得","jì de","to remember",""
"下来","xià lai","to come down / (completed action marker)",""
"坐","zuò","to sit / to take (a bus, plane)",""
"不过","bú guò","but / however / only",""
"等等","děng děng","wait / etc. / and so on",""
"其他","qí tā","other",""
"继续","jì xù","to continue / to proceed with",""
"那里","nà li","there / that place",""
"以前","yǐ qián","before / formerly",""
"或者","huò zhě","or / possibly",""
"送","sòng","to give (as a gift) / to deliver / to see someone off",""
"弄","nòng","to do / to manage / to handle",""
"钱","qián","money",""
"完","wán","to finish / to be over / whole",""
"却","què","but / yet",""
"名字","míng zi","name (of a person or thing)",""
"大家","dà jiā","everyone / influential family","Malaysia"
"早","zǎo","early / morning",""
"长","cháng","long / length",""
"认识","rèn shi","to know / to recognize",""
"老","lǎo","old / always / (before a surname) Old …",""
"重要","zhòng yào","important",""
"完全","wán quán","completely / complete",""
"别人","bié ren","other people / others",""
"车","chē","car / vehicle / machine",""
"位","wèi","(polite measure word for people) / position",""
"刚","gāng","just (a moment ago) / only just",""
"嗯","ng","mm / uh-huh / OK",""
"电话","diàn huà","telephone / phone call",""
"难","nán","difficult / hard",""
"只要","zhǐ yào","if only / so long as",""
"头","tóu","head / hair style / the top","Malaysia"
"机会","jī huì","opportunity / chance",""
"买","mǎi","to buy",""
"穿","chuān","to wear / to put on (clothes, shoes)",""
"出去","chū qù","to go out",""
"棒","bàng","great / excellent / stick",""
"条","tiáo","(measure word for long thin things: loaves, roads, fish) / strip",""
"得到","dé dào","to get / to obtain",""
"小时","xiǎo shí","hour",""
"变","biàn","to change / to become different / to transform",""
"嘛","ma","(particle) it's obvious / come on",""
"嗨","hāi","hi! / hey!",""
"有人","yǒu rén","someone / people",""
"与","yǔ","and / with",""
"马上","mǎ shàng","at once / right away",""
"总","zǒng","always / total / chief",""
"每","měi","each / every",""
"到底","dào dǐ","finally / in the end",""
"妈妈","mā ma","mama / mommy",""
"杀","shā","to kill",""
"关系","guān xi","relationship / connection (没关系 = it doesn't matter)",""
"喝","hē","to drink",""
"好像","hǎo xiàng","as if / to seem like",""
"接","jiē","to receive / to answer (the phone) / to meet or welcome someone",""
"之后","zhī hòu","after / later",""
"清楚","qīng chu","clear / distinct",""
"根本","gēn běn","at all (根本不) / fundamental",""
"真是","zhēn shi","really / truly (真是的! = honestly!)",""
"玩","wán","to play / to have fun / to trifle with",""
"结束","jié shù","to end / to finish",""
"留","liú","to stay / to keep / to leave (behind)",""
"没什么","méi shén me","nothing / it doesn't matter",""
"情况","qíng kuàng","circumstances / state of affairs",""
"女人","nǚ ren","woman",""
"多少","duō shao","how much? / how many?",""
"月","yuè","month / moon",""
"里面","lǐ miàn","inside / interior",""
"永远","yǒng yuǎn","forever / eternal",""
"了解","liǎo jiě","to understand / to know about",""
"关于","guān yú","about / concerning",""
"确定","què dìng","definite / certain",""
"家伙","jiā huo","guy / fellow",""
"另","lìng","another / other",""
"跑","pǎo","to run",""
"见到","jiàn dào","to see",""
"世界","shì jiè","world",""
"敢","gǎn","to dare",""
"活","huó","to live / alive",""
"如何","rú hé","how",""
"分钟","fēn zhōng","minute",""
"有些","yǒu xiē","some / somewhat",""
"管","guǎn","to manage / to care about / to be in charge",""
"帮助","bāng zhù","assistance / aid",""
"份","fèn","portion / (measure word for portions, copies, jobs)",""
"说话","shuō huà","to speak / to say",""
"谈","tán","to talk",""
"张","zhāng","(measure word for flat things: tickets, beds, tables) / to open",""
"决定","jué dìng","to decide (to do something) / to resolve",""
"站","zhàn","to stand / station",""
"唯一","wéi yī","only / sole",""
"哪里","nǎ lǐ","where? / somewhere",""
"写","xiě","to write",""
"场","chǎng","(measure word for events, games, films) / field / scene",""
"岁","suì","years old",""
"愿意","yuàn yì","to be willing to",""
"花","huā","to spend (money, time) / flower",""
"明天","míng tiān","tomorrow",""
"总是","zǒng shì","always",""
"受","shòu","to receive / to suffer / to bear",""
"成为","chéng wéi","to become / to turn into",""
"今晚","jīn wǎn","tonight",""
"定","dìng","to decide / to fix / (一定) surely",""
"漂亮","piào liang","pretty / beautiful",""
"看见","kàn jiàn","to see",""
"男人","nán rén","man",""
"于","yú","at / in / to (formal)",""
"打电话","dǎ diàn huà","to make a telephone call",""
"忙","máng","busy",""
"回家","huí jiā","to return home",""
"心","xīn","heart / mind",""
"原因","yuán yīn","reason / cause",""
"停","tíng","to stop / to halt / to park (a car)",""
"可是","kě shì","but / however",""
"晚上","wǎn shang","evening / night",""
"谈谈","tán tán","to talk / to have a chat",""
"从来","cóng lái","always (从来没 = never)",""
"以后","yǐ hòu","after / later",""
"爸爸","bà ba","(informal) father","Malaysia"
"本","běn","(measure word for books) / origin",""
"听说","tīng shuō","to hear (something said) / one hears (that)",""
"晚","wǎn","evening / night / late",""
"再见","zài jiàn","goodbye","Malaysia"
"坏","huài","bad / spoiled / broken",""
"好好","hǎo hǎo","well / carefully",""
"连","lián","even (连…都) / to connect",""
"办法","bàn fǎ","means / method",""
"上帝","shàng dì","God",""
"不管","bù guǎn","not to be concerned / regardless of",""
"只有","zhǐ yǒu","only have ... / there is only ...",""
"妈","mā","mum / mom",""
"第","dì","(prefix for ordinal numbers): 第三 = third",""
"出现","chū xiàn","to appear",""
"回去","huí qu","to return / to go back",""
"亲爱","qīn ài","dear / beloved",""
"身上","shēn shang","on one's body / on (someone)",""
"至少","zhì shǎo","at least",""
"保证","bǎo zhèng","to promise / to guarantee",""
"消息","xiāo xi","news / message",""
"怎样","zěn yàng","how / what kind","Malaysia"
"全","quán","all / whole",""
"女孩","nǚ hái","girl","Malaysia"
"久","jiǔ","a long time",""
"如此","rú cǐ","so / like this",""
"感谢","gǎn xiè","to thank / thanks",""
"接受","jiē shòu","to accept / to receive",""
"看来","kàn lai","it seems",""
"下去","xià qù","to go down / to descend",""
"甚至","shèn zhì","even / so much so that",""
"注意","zhù yì","to take note of / to pay attention to",""
"噢","ō","oh!",""
"此","cǐ","this",""
"忘","wàng","to forget / to overlook / to neglect",""
"进来","jìn lái","to come in",""
"名","míng","name / (measure word for people)",""
"者","zhě","(suffix) -er / one who: 记者 = journalist",""
"麻烦","má fan","inconvenient / troublesome",""
"求","qiú","to beg / to ask for",""
"门","mén","door / gate",""
"真正","zhēn zhèng","real / genuine / truly",""
"高","gāo","high / tall / above average",""
"特别","tè bié","especially / special",""
"集","jí","episode / collection / to gather",""
"两个","liǎng gè","two (of them) / both","Malaysia"
"俩","liǎ","two (people) / both (Malaysia: 两个 liǎng gè)","China"
"人们","rén men","people",""
"远","yuǎn","far",""
"怎么办","zěn me bàn","what's to be done",""
"无法","wú fǎ","unable to / no way to",""
"女士","nǚ shì","lady / madam",""
"女","nǚ","female / woman",""
"宝贝","bǎo bèi","baby / darling / treasure",""
"季","jì","season",""
"计划","jì huà","plan / project",""
"整个","zhěng gè","whole / entire",""
"选择","xuǎn zé","to choose / choice",""
"改变","gǎi biàn","to change / to alter",""
"听到","tīng dào","to hear",""
"伙计","huǒ ji","buddy / mate / fellow",""
"试","shì","to test / to try / experiment",""
"嘴","zuǐ","mouth",""
"正在","zhèng zài","in the middle of (doing)",""
"块","kuài","piece / lump; (money) dollar / ringgit",""
"抓","zhuā","to catch / to grab / to arrest",""
"呃","è","er / uh (hesitation)",""
"离","lí","(distance) from: 离我家不远 = not far from my home",""
"其实","qí shí","actually",""
"安全","ān quán","safe / secure",""
"确实","què shí","indeed / really",""
"衣服","yī fu","clothes",""
"动","dòng","(of something) to move / to set in movement / to displace",""
"蛮","mán","quite / pretty (colloquial)","Malaysia"
"挺","tǐng","quite / rather (Malaysia: 蛮 mán)","China"
"换","huàn","to change / to exchange",""
"倒","dào","to fall over / to collapse",""
"猜","cāi","to guess",""
"进去","jìn qù","to go in",""
"它们","tā men","they (for inanimate objects)",""
"打算","dǎ suàn","to plan / to intend",""
"句","jù","sentence / (measure word for sentences)",""
"无","wú","without / not have / no",""
"小心","xiǎo xīn","to be careful / to take care",""
"别的","bié de","other / else",""
"结果","jié guǒ","result / in the end",""
"闭","bì","to close / to shut (闭嘴 = shut up)",""
"号","hào","date (day of the month) / number",""
"么","me","(suffix in 什么 / 怎么 / 这么)",""
"之间","zhī jiān","between / among",""
"礼拜","lǐ bài","week / religious service","Malaysia"
"周","zhōu","week / around / circuit (Malaysia: 礼拜 lǐ bài)","China"
"绝对","jué duì","absolutely / definitely",""
"刚刚","gāng gang","just recently / just a moment ago",""
"拜托","bài tuō","please! / I beg you / to ask a favour",""
"段","duàn","section / passage (讲一段话 = to say a few words)",""
"啦","la","(particle) softens or emphasises a statement (= 了 + 啊)","Malaysia"
"美国","měi guó","United States / USA",""
"欢迎","huān yíng","to welcome / welcome",""
"除了","chú le","besides / apart from (... also...)",""
"主意","zhǔ yi","plan / idea",""
"有点","yǒu diǎn","a little",""
"睡","shuì","to sleep",""
"参加","cān jiā","to take part in / to attend",""
"哇","wa","wow",""
"疯","fēng","crazy / mad",""
"处理","chǔ lǐ","to deal with / to handle",""
"那边","nà bian","over there / yonder",""
"您","nín","you (polite)",""
"或","huò","or",""
"发","fā","to send / to issue / to get (rich, angry)",""
"刚才","gāng cái","just now / a moment ago",""
"感到","gǎn dào","to feel",""
"考虑","kǎo lǜ","to consider / to think about",""
"变成","biàn chéng","to change into / to turn into",""
"失去","shī qù","to lose",""
"懂","dǒng","to understand / to comprehend",""
"少","shǎo","few / less / to lack",""
"关","guān","to close / to turn off",""
"奇怪","qí guài","strange / odd",""
"想到","xiǎng dào","to think of",""
"解释","jiě shì","to explain / explanation",""
"父亲","fù qīn","father",""
"路","lù","road / journey / route",""
"最近","zuì jìn","recently / soon",""
"水","shuǐ","water / river / liquid",""
"杯","bēi","cup / trophy cup / measure word for certain containers of liquids: glass, cup",""
"如","rú","like / as / if",""
"帮忙","bāng máng","to help / to lend a hand",""
"作为","zuò wéi","as / in the role of",""
"医生","yī shēng","doctor","Malaysia"
"当时","dāng shí","then / at that time",""
"讲","jiǎng","to speak / to explain / to negotiate",""
"呆","dāi","to stay / dull / blank",""
"曾经","céng jīng","once / used to (in the past)",""
"喂","wèi","hello (on the phone) / hey / to feed",""
"容易","róng yì","easy / likely",""
"四","sì","four / 4",""
"难道","nán dào","surely… not? / could it be that…?",""
"努力","nǔ lì","great effort / to strive",""
"指","zhǐ","to point at / finger",""
"进行","jìn xíng","to carry out / to be in progress",""
"学","xué","to learn / to study",""
"害怕","hài pà","to be afraid / to be scared",""
"样子","yàng zi","appearance / look / manner",""
"内","nèi","inside / within",""
"外面","wài miàn","outside / surface","Malaysia"
"由","yóu","by / from / because of",""
"解决","jiě jué","to solve / to resolve",""
"简单","jiǎn dān","simple / not complicated",""
"救","jiù","to save / to rescue / help!",""
"房间","fáng jiān","room",""
"成功","chéng gōng","success / to succeed",""
"已","yǐ","already",""
"往","wǎng","towards / to (a direction)",""
"是否","shì fǒu","whether",""
"糟","zāo","bad / in a mess (糟糕)",""
"上面","shàng miàn","on top of / above-mentioned",""
"直到","zhí dào","until",""
"处","chù","place / office / point",""
"儿子","ér zi","son",""
"半","bàn","half / semi- / incomplete",""
"同意","tóng yì","to agree",""
"虽然","suī rán","although / even though",""
"真的","zhēn de","really / truly",""
"保护","bǎo hù","to protect",""
"生","shēng","to be born / to give birth / raw / life",""
"没关系","méi guān xi","it doesn't matter",""
"拉","lā","to pull",""
"信","xìn","letter / to believe / to trust",""
"讨厌","tǎo yàn","to dislike / annoying",""
"卖","mài","to sell",""
"重","zhòng","heavy / important",""
"同","tóng","same / together / with",""
"间","jiān","(measure word for rooms and buildings) / between",""
"玩笑","wán xiào","joke",""
"待","dài","to stay / to treat / to wait",""
"提","tí","to mention / to raise / to carry",""
"笑","xiào","laugh / smile",""
"事实上","shì shí shàng","in fact",""
"而已","ér yǐ","that's all / nothing more",""
"证明","zhèng míng","to prove / proof",""
"房子","fáng zi","house / building (single- or two-story)",""
"装","zhuāng","adornment / to adorn / dress",""
"令","lìng","to make (someone feel) / to order",""
"办","bàn","to do / to manage / to handle",""
"理解","lǐ jiě","to understand",""
"危险","wēi xiǎn","danger / dangerous",""
"保持","bǎo chí","to keep / to maintain",""
"不同","bù tóng","different / distinct",""
"糟糕","zāo gāo","too bad / how terrible",""
"开心","kāi xīn","to feel happy / to rejoice",""
"生命","shēng mìng","life",""
"靠","kào","to lean on / to rely on / near",""
"通过","tōng guò","to pass through / to pass (an exam, an inspection)",""
"该死","gāi sǐ","damn! / damn it",""
"留下","liú xià","to stay / to leave behind",""
"早上","zǎo shang","morning",""
"警察","jǐng chá","police",""
"部分","bù fen","part / section",""
"联系","lián xì","to contact / connection",""
"床","chuáng","bed / couch / measure word for beds",""
"眼睛","yǎn jing","eye",""
"要求","yāo qiú","to ask / to demand / request",""
"马","mǎ","horse (马上 = at once)",""
"跳","tiào","to jump / to hop / to skip over",""
"本来","běn lái","originally / at first",""
"美","měi","beautiful / very satisfactory / good",""
"兄弟","xiōng dì","brother / buddy","Malaysia"
"除非","chú fēi","unless",""
"不行","bù xíng","no way / not OK / won't do",""
"伤害","shāng hài","to hurt / harm",""
"有趣","yǒu qù","interesting / fascinating",""
"方式","fāng shì","way / manner",""
"直接","zhí jiē","direct / directly",""
"重新","chóng xīn","again / once more",""
"其中","qí zhōng","among them / in it",""
"公司","gōng sī","company",""
"事实","shì shí","fact",""
"五","wǔ","five / 5",""
"加","jiā","to add / plus",""
"带来","dài lái","to bring / to bring about",""
"故事","gù shi","narrative / story",""
"控制","kòng zhì","to control / control",""
"可爱","kě ài","adorable / cute",""
"突然","tū rán","sudden / abrupt",""
"多久","duō jiǔ","how long?",""
"赢","yíng","to beat / to win / to profit",""
"家里","jiā lǐ","home",""
"女儿","nǚ ér","daughter",""
"声音","shēng yīn","voice / sound",""
"枪","qiāng","gun / firearm / rifle",""
"终于","zhōng yú","at last / in the end",""
"狗","gǒu","dog",""
"身","shēn","body",""
"男","nán","male / man",""
"后面","hòu miàn","behind / at the back",""
"大概","dà gài","roughly / probably",""
"派","pài","to send / group / faction",""
"曾","céng","once / ever (in the past)",""
"脸","liǎn","face",""
"伤","shāng","wound / injury / to hurt",""
"完成","wán chéng","to complete / to accomplish",""
"回到","huí dào","to return to",""
"酒","jiǔ","wine (esp. rice wine) / liquor / spirits",""
"想法","xiǎng fǎ","idea / opinion",""
"小姐","xiǎo jie","miss / young lady",""
"不再","bú zài","no more / no longer",""
"分","fēn","minute / point / cent / to divide",""
"简直","jiǎn zhí","simply / practically",""
"极了","jí le","extremely (after an adjective): 好极了 = great",""
"儿","ér","son / child",""
"进入","jìn rù","to enter",""
"或许","huò xǔ","perhaps / maybe",""
"想象","xiǎng xiàng","to imagine / imagination",""
"遍","biàn","(measure word for times through) / everywhere",""
"底","dǐ","bottom / end (月底 = end of the month)",""
"法","fǎ","law / method / way",""
"使","shǐ","to make / to cause / to use",""
"昨天","zuó tiān","yesterday",""
"不用","bú yòng","no need / don't have to",""
"放弃","fàng qì","to give up",""
"疯狂","fēng kuáng","crazy",""
"随便","suí biàn","as you like / casual / whatever",""
"转","zhuǎn","to turn / to transfer",""
"办公室","bàn gōng shì","office",""
"每天","měi tiān","every day / everyday",""
"记","jì","to record / to note / to memorize",""
"表现","biǎo xiàn","to show / performance / behaviour",""
"打开","dǎ kāi","to open / to turn on",""
"聪明","cōng ming","intelligent / clever",""
"情","qíng","feeling / love / situation",""
"声","shēng","sound / voice",""
"昨晚","zuó wǎn","last night",""
"另外","lìng wài","in addition / another",""
"照片","zhào piàn","photograph / picture",""
"行动","xíng dòng","action / to act",""
"那种","nà zhǒng","that kind of",""
"犯","fàn","to commit (a crime, mistake) / to violate",""
"能够","néng gòu","to be able to",""
"混蛋","hún dàn","scoundrel / bastard",""
"紧张","jǐn zhāng","nervous / keyed up",""
"这边","zhè biān","this side / here",""
"学校","xué xiào","school",""
"家庭","jiā tíng","family / household",""
"方法","fāng fǎ","method / way",""
"作","zuò","to do / to make / to write",""
"口","kǒu","mouth / (measure word for family members, bites)",""
"介意","jiè yì","to mind",""
"爸","bà","father / dad / pa",""
"选","xuǎn","to choose / to pick / to select",""
"教","jiāo","to teach",""
"片","piàn","slice / piece (measure word)",""
"必要","bì yào","necessary / need",""
"整","zhěng","whole / entire / exactly",""
"身体","shēn tǐ","the body / one's health",""
"妻子","qī zi","wife",""
"从没","cóng méi","never (in the past) / never did",""
"有关","yǒu guān","about / related to",""
"部","bù","part / section",""
"对于","duì yú","regarding / towards",""
"拥有","yōng yǒu","to have / to possess",""
"祝","zhù","to wish (someone well)",""
"看上去","kàn shang qu","to look (like) / to seem",""
"辆","liàng","measure word for vehicles",""
"呀","ya","(particle, like 啊) ah / oh",""
"怪","guài","bewildering / odd / strange",""
"秘密","mì mì","secret",""
"的确","dí què","really / indeed",""
"查","chá","to check / to look up / to investigate",""
"母亲","mǔ qīn","mother",""
"外","wài","outside / in addition / foreign",""
"怕","pà","to be afraid / to fear / to dread",""
"二","èr","two / 2 / (Beijing dialect) stupid",""
"首先","shǒu xiān","first (of all) / in the first place",""
"照顾","zhào gu","to take care of / to show consideration",""
"检查","jiǎn chá","inspection / to examine",""
"兴趣","xìng qù","interest (in something)",""
"实际上","shí jì shàng","in fact / in reality",""
"步","bù","step",""
"否则","fǒu zé","if not / otherwise",""
"丢","diū","to lose / to put aside / to throw","Malaysia"
"偷","tōu","to steal / to pilfer / to snatch",""
"关心","guān xīn","to care about",""
"建议","jiàn yì","to suggest / suggestion",""
"不好意思","bù hǎo yì si","to feel embarrassed / to find it embarrassing",""
"正常","zhèng cháng","normal",""
"气","qì","air / anger / breath",""
"身边","shēn biān","by one's side / nearby",""
"她们","tā men","they / them (for females)",""
"来自","lái zì","to come from",""
"命","mìng","life / fate",""
"回答","huí dá","to reply / to answer",""
"电影","diàn yǐng","movie / film",""
"毁","huǐ","to destroy / to ruin",""
"拍","pāi","to pat / to clap / to film / to take (photos)",""
"套","tào","set / suit / (measure word for sets)",""
"书","shū","book",""
"错误","cuò wù","error / mistake",""
"结婚","jié hūn","to marry / to get married",""
"经历","jīng lì","experience / to experience",""
"到处","dào chù","everywhere",""
"按","àn","to press / according to",""
"知","zhī","to know / to be aware",""
"休息","xiū xi","rest / to rest",""
"理由","lǐ yóu","reason / grounds",""
"读","dú","to read / to study / reading of word (i.e. pronunciation), similar to",""
"面","miàn","noodles / face / side",""
"差不多","chà bù duō","almost / nearly",""
"意义","yì yì","meaning / significance",""
"负责","fù zé","to be responsible for / in charge",""
"精神","jīng shen","energy / spirit / lively",""
"完美","wán měi","perfect",""
"安排","ān pái","to arrange / to plan",""
"扔","rēng","to throw / to throw away (Malaysia: 丢 diū)","China"
"遇到","yù dào","to meet / to run into",""
"碰","pèng","to bump / to touch / to run into",""
"抓住","zhuā zhù","to catch / to grab hold of",""
"下面","xià miàn","below / under",""
"傻","shǎ","silly / stupid",""
"睡觉","shuì jiào","to go to bed / to sleep",""
"收到","shōu dào","to receive",""
"光","guāng","light / only / bare / used up",""
"承认","chéng rèn","to admit / to concede",""
"年轻","nián qīng","young",""
"自","zì","self / from",""
"丈夫","zhàng fu","husband",""
"生气","shēng qì","to get angry / to take offense",""
"乱","luàn","messy / chaotic / randomly",""
"显然","xiǎn rán","obviously",""
"幸运","xìng yùn","fortunate / lucky",""
"游戏","yóu xì","game",""
"发誓","fā shì","to swear / to vow",""
"父母","fù mǔ","parents",""
"全部","quán bù","whole / entire",""
"忘记","wàng jì","to forget",""
"放松","fàng sōng","to relax",""
"满","mǎn","to fill / full / filled",""
"调查","diào chá","investigation / to investigate",""
"即使","jí shǐ","even if / even though",""
"交","jiāo","to hand in / to pay / to make (friends)",""
"记住","jì zhu","to remember",""
"员","yuán","member / staff (服务员 = waiter)",""
"经常","jīng cháng","often",""
"比较","bǐ jiào","to compare / to contrast",""
"哈","hā","ha! (laughter)",""
"阻止","zǔ zhǐ","to stop / to prevent",""
"藏","cáng","to hide",""
"付","fù","to pay",""
"明显","míng xiǎn","obvious / clear",""
"照","zhào","to shine / to take (a photo) / according to",""
"约会","yuē huì","date / appointment",""
"醒","xǐng","to wake up / to be awake / to become aware",""
"冷静","lěng jìng","calm / calm down",""
"意识","yì shí","to realise / consciousness",""
"队","duì","team / line (排队 = to queue)",""
"性","xìng","nature / sex / gender / -ness",""
"戴","dài","to wear / to put on (accessories, glasses, hats, watches)",""
"坚持","jiān chí","to insist / to persist / to keep at it",""
"快乐","kuài lè","happy / happiness",""
"面前","miàn qián","in front of / facing",""
"电视","diàn shì","television / TV",""
"哪个","nǎ ge","which / which one",""
"吓","xià","to frighten / to scare",""
"并且","bìng qiě","and / besides",""
"那时","nà shí","then / at that time","Malaysia"
"可怜","kě lián","poor thing / pitiful",""
"做到","zuò dào","to accomplish / to achieve",""
"冲","chōng","(of water) to dash against / to mix with water / to infuse",""
"同时","tóng shí","at the same time / simultaneously",""
"尽","jǐn","as much as possible / to the utmost",""
"打扰","dǎ rǎo","to disturb / to bother",""
"记录","jì lù","record / to record",""
"星期","xīng qī","week",""
"挂","guà","to hang",""
"痛苦","tòng kǔ","pain / suffering / painful",""
"剩下","shèng xià","to remain / left over",""
"眼","yǎn","eye",""
"替","tì","to replace / for (on behalf of)",""
"六","liù","six / 6",""
"见面","jiàn miàn","to meet / to see each other",""
"存在","cún zài","to exist / to be",""
"代表","dài biǎo","to represent / representative",""
"足够","zú gòu","enough / sufficient",""
"值得","zhí de","to be worth / to deserve",""
"男孩","nán hái","boy",""
"脚","jiǎo","foot / leg (of an animal or an object) / base (of an object)",""
"什么样","shén me yàng","what kind? / what sort?",""
"感","gǎn","feeling / sense / to feel",""
"边","biān","side / edge (这边 / 旁边)",""
"强","qiáng","strong / powerful / better",""
"严重","yán zhòng","grave / serious",""
"十","shí","ten / 10",""
"国家","guó jiā","country / nation",""
"道","dào","road / way / (measure word for dishes, questions)",""
"附近","fù jìn","(in the) vicinity / nearby",""
"支持","zhī chí","to support",""
"干什么","gàn shén me","what are you doing? / what for?",""
"就要","jiù yào","will / shall",""
"正确","zhèng què","correct / proper",""
"万","wàn","ten thousand",""
"黑","hēi","black / dark / sinister",""
"收","shōu","to receive / to collect / to put away",""
"日子","rì zi","days / life / date",""
"意味着","yì wèi zhe","to mean / to imply",""
"只能","zhǐ néng","can only / obliged to do something",""
"子","zi","(noun suffix: 桌子 / 椅子) / son",""
"实在","shí zài","really / honestly",""
"可怕","kě pà","scary / terrible",""
"同样","tóng yàng","same / equally",""
"砸","zá","to smash / to mess up",""
"原来","yuán lái","so it turns out / original",""
"头发","tóu fa","hair (on the head)",""
"骗","piàn","to cheat / to lie to / to fool","Malaysia"
"认真","rèn zhēn","serious / earnest / conscientious",""
"医院","yī yuàn","hospital",""
"瞧","qiáo","to look / to see (Malaysia: 看 kàn)","China"
"影响","yǐng xiǎng","influence / effect",""
"方面","fāng miàn","aspect / side",""
"既然","jì rán","since / as",""
"行为","xíng wéi","behaviour / conduct",""
"消失","xiāo shī","to disappear / to fade away",""
"撒谎","sā huǎng","to tell lies",""
"算是","suàn shì","can be considered / at last",""
"火","huǒ","fire",""
"酷","kù","ruthless / strong (e.g. of wine) / (loanword) cool",""
"好运","hǎo yùn","good luck",""
"赶","gǎn","to hurry / to rush / to drive away",""
"比如","bǐ rú","for example / for instance",""
"来到","lái dào","to come / to arrive",""
"假","jiǎ","fake / false",""
"死亡","sǐ wáng","death / to die",""
"答应","dā ying","to agree / to promise / to answer",""
"享受","xiǎng shòu","to enjoy / to live it up",""
"加入","jiā rù","to become a member / to join",""
"双","shuāng","two / double / pair",""
"包","bāo","bag / to wrap / bun",""
"差","chà","bad / poor quality / to lack / short of",""
"提供","tí gōng","to offer / to supply",""
"鬼","guǐ","ghost / devil",""
"根","gēn","root / (measure word for long thin things)",""
"血","xuè","blood / colloquial pr. [xie3]",""
"道歉","dào qiàn","to apologize",""
"利用","lì yòng","to use / to take advantage of",""
"以及","yǐ jí","as well as / too",""
"滚","gǔn","get lost! / to roll / to boil",""
"一旦","yí dàn","once (something happens) / in case",""
"似乎","sì hū","apparently / to seem",""
"咖啡","kā fēi","coffee",""
"面对","miàn duì","to confront / to face",""
"几乎","jī hū","almost / nearly",""
"药","yào","medicine / drug / substance used for a specific purpose (e.g. poisoning, explosion, fermenting)",""
"能力","néng lì","capability / ability",""
"小子","xiǎo zi","kid / boy / (derog.) punk",""
"洗","xǐ","to wash / to bathe / to develop (photo)",""
"怀疑","huái yí","to doubt / to suspect",""
"现场","xiàn chǎng","scene (of an event) / on the spot / live",""
"受到","shòu dào","to receive / to be subjected to",""
"清","qīng","clear / clean",""
"陪","péi","to accompany",""
"信息","xìn xī","information / message",""
"有意思","yǒu yì si","interesting / meaningful",""
"浪费","làng fèi","to waste / to squander",""
"其","qí","his / her / its / that (其他 / 其实)",""
"甜","tián","sweet",""
"报告","bào gào","report / to report",""
"讨论","tǎo lùn","to discuss / to talk over",""
"近","jìn","near / close",""
"位置","wèi zhi","position / place / seat",""
"多么","duō me","how (wonderful) / what (a ...)",""
"之一","zhī yī","one of",""
"不得不","bù dé bù","have to / have no choice but to",""
"线","xiàn","line / thread / wire",""
"腿","tuǐ","leg",""
"搬","bān","to move (house) / to carry (something heavy)",""
"证据","zhèng jù","evidence / proof",""
"原谅","yuán liàng","to forgive",""
"再次","zài cì","one more time / again",""
"日","rì","day / sun / date",""
"说明","shuō míng","to explain / to illustrate",""
"店","diàn","shop / store",""
"任务","rèn wu","mission / assignment",""
"仍然","réng rán","still / yet",""
"小孩","xiǎo hái","child",""
"拒绝","jù jué","to refuse / to decline",""
"属于","shǔ yú","to belong to",""
"目标","mù biāo","target / goal",""
"礼物","lǐ wù","gift / present",""
"最终","zuì zhōng","final / in the end",""
"大学","dà xué","university / college",""
"自由","zì yóu","freedom / free",""
"破","pò","broken / to break / lousy",""
"尽管","jǐn guǎn","although / even though / feel free to",""
"自从","zì cóng","since (a time) / ever since",""
"首","shǒu","(measure word for songs, poems) / head / first",""
"下午","xià wǔ","afternoon / p.m.",""
"律师","lǜ shī","lawyer",""
"合作","hé zuò","to cooperate / to collaborate",""
"笔","bǐ","pen / pencil / writing brush",""
"词","cí","word",""
"根据","gēn jù","according to / based on",""
"借","jiè","to lend / to borrow / by means of",""
"允许","yǔn xǔ","to permit / to allow",""
"正是","zhèng shì","precisely / exactly",""
"哭","kū","to cry / to weep",""
"谢","xiè","to thank",""
"某","mǒu","some / a certain / someone or something indefinite",""
"群","qún","group / crowd / (measure word for groups)",""
"台","tái","(measure word for machines) / platform / stage",""
"越","yuè","the more… (越…越…) / to exceed",""
"信任","xìn rèn","to trust / trust",""
"晚安","wǎn ān","good night",""
"病","bìng","illness / disease / to fall ill",""
"目前","mù qián","at present / currently",""
"无论","wú lùn","no matter (what, how)",""
"一般","yì bān","ordinary / usually / generally",""
"楼","lóu","building / floor",""
"适合","shì hé","to fit / to suit",""
"比赛","bǐ sài","competition (sports etc) / match",""
"飞","fēi","to fly",""
"使用","shǐ yòng","to use / to employ",""
"后来","hòu lái","afterwards / later",""
"威胁","wēi xié","to threaten / to menace",""
"监狱","jiān yù","prison",""
"美金","měi jīn","US dollar / USD","Malaysia"
"美元","měi yuán","American dollar / US dollar (Malaysia: 美金 měi jīn)","China"
"舒服","shū fu","comfortable / feeling well",""
"白痴","bái chī","idiot",""
"遗憾","yí hàn","regret / it's a pity",""
"反正","fǎn zhèng","anyway / in any case",""
"混","hùn","to mix / to muddle along",""
"停止","tíng zhǐ","to stop / to halt",""
"受伤","shòu shāng","to sustain injuries / wounded (in an accident etc)",""
"球","qiú","ball / sport",""
"不然","bù rán","otherwise / or else",""
"失望","shī wàng","disappointed / to lose hope",""
"因","yīn","cause / because",""
"恶心","ě xīn","disgusting / nauseous",""
"感受","gǎn shòu","feeling / to feel / to experience",""
"各位","gè wèi","everyone (polite)",""
"屁股","pì gu","buttocks / bottom",""
"安静","ān jìng","quiet / peaceful",""
"居然","jū rán","unexpectedly / to one's surprise",""
"通知","tōng zhī","to notify / notice",""
"寻找","xún zhǎo","to seek / to look for",""
"逼","bī","to force / to pressure",""
"座","zuò","(measure word for buildings, mountains) / seat",""
"脱","tuō","to take off (clothes) / to shed",""
"追","zhuī","to chase / to pursue",""
"真实","zhēn shí","true / real",""
"开玩笑","kāi wán xiào","to joke / to kid",""
"路上","lù shang","on the road / on a journey",""
"有时候","yǒu shí hou","sometimes",""
"音乐","yīn yuè","music",""
"饿","è","to be hungry / hungry / to starve (someone)",""
"愿","yuàn","to wish / to hope / to be willing",""
"城市","chéng shì","city / town",""
"反应","fǎn yìng","reaction / to react",""
"热","rè","hot / to heat up",""
"他妈的","tā mā de","(taboo curse) damn it! / fucking",""
"差点","chà diǎn","almost / nearly",""
"未来","wèi lái","future",""
"意见","yì jiàn","idea / opinion",""
"尸体","shī tǐ","dead body / corpse",""
"包括","bāo kuò","to include",""
"家人","jiā rén","household / (one's) family",""
"夫人","fū ren","madam / wife (formal) / Mrs.",""
"答案","dá àn","answer / solution",""
"责任","zé rèn","responsibility / blame",""
"不在乎","bú zài hu","not to care",""
"介绍","jiè shào","to introduce (someone to someone) / to give a presentation",""
"未","wèi","not yet",""
"入","rù","to enter",""
"试图","shì tú","to attempt / to try",""
"恨","hèn","to hate",""
"样","yàng","appearance / kind / way (这样 / 一样)",""
"慢","màn","slow",""
"再说","zài shuō","besides / to talk about it later",""
"要是","yào shi","if",""
"坐下","zuò xia","to sit down",""
"通常","tōng cháng","regular / usual",""
"一半","yí bàn","half",""
"烂","làn","rotten / terrible / mushy",""
"躲","duǒ","to hide / to dodge / to avoid",""
"合适","hé shì","suitable / fitting",""
"撞","zhuàng","to knock against / to bump into / to run into",""
"活动","huó dòng","to exercise / to move about",""
"厉害","lì hai","(used to describe someone or something that makes a very strong impression, whether favorable or unfavorable) terrible / intense",""
"深","shēn","deep / dark (colour)",""
"一生","yì shēng","all one's life / throughout one's life",""
"经过","jīng guò","to pass / to go through",""
"放下","fàng xià","to lay down / to put down",""
"私人","sī rén","private / personal",""
"愉快","yú kuài","cheerful / cheerily",""
"脑子","nǎo zi","brain / mind",""
"姑娘","gū niang","girl / young woman",""
"下次","xià cì","next time",""
"获得","huò dé","to obtain / to receive",""
"人生","rén shēng","life (one's time on earth)",""
"一边","yì biān","one side; 一边…一边… = doing A while doing B",""
"堆","duī","pile / heap / to pile up",""
"养","yǎng","to raise (children, animals) / to keep (a pet)",""
"数","shù","number / (shǔ) to count",""
"街","jiē","street",""
"习惯","xí guàn","habit / custom",""
"特","tè","special / especially",""
"身份","shēn fèn","identity / status",""
"有时","yǒu shí","sometimes / now and then",""
"新闻","xīn wén","news",""
"犯罪","fàn zuì","to commit a crime / crime",""
"老板","lǎo bǎn","boss / business proprietor",""
"不必","bú bì","need not / does not have to",""
"飞机","fēi jī","airplane",""
"真相","zhēn xiàng","the truth about something / the actual facts",""
"区","qū","area / district",""
"中心","zhōng xīn","center / heart",""
"秒","miǎo","second (of time)",""
"字","zì","character / word; (Malaysian, on the clock) a five-minute unit: 八点三个字 = 8:15","Malaysia"
"开枪","kāi qiāng","to open fire / to shoot a gun",""
"干吗","gàn má","what are you doing? / whatever for?",""
"夜","yè","night",""
"越来越","yuè lái yuè","more and more",""
"生意","shēng yi","business",""
"不幸","bú xìng","unfortunately / misfortune",""
"梦","mèng","dream",""
"因此","yīn cǐ","thus / consequently",""
"听见","tīng jiàn","to hear",""
"味道","wèi dao","flavor / smell",""
"蠢","chǔn","stupid",""
"盯","dīng","to stare at / to keep an eye on",""
"通","tōng","to get through / to understand / (measure word for calls)",""
"逃","táo","to escape / to run away",""
"研究","yán jiū","research / to study",""
"提醒","tí xǐng","to remind / to call attention to",""
"关键","guān jiàn","key / crucial",""
"欠","qiàn","to owe / to lack",""
"表演","biǎo yǎn","performance / to perform",""
"神","shén","god / spirit / amazing",""
"客气","kè qi","polite / courteous",""
"力量","lì liang","power / force",""
"正好","zhèng hǎo","just (in time) / just right",""
"红","hóng","red / popular",""
"紧","jǐn","tight",""
"手机","shǒu jī","cell phone / mobile phone",""
"案子","àn zi","case (legal) / table",""
"系统","xì tǒng","system",""
"而是","ér shì","but rather",""
"取","qǔ","to take / to fetch / to get",""
"恐怕","kǒng pà","I'm afraid (that) / probably",""
"失败","shī bài","to be defeated / to lose",""
"破坏","pò huài","to destroy / to damage",""
"意外","yì wài","accident / unexpected",""
"白","bái","white / in vain (白跑一趟)",""
"带走","dài zǒu","to carry / to take away",""
"随时","suí shí","at any time / at all times",""
"人员","rén yuán","staff / crew",""
"只不过","zhǐ bú guò","only / just / merely",""
"透","tòu","thoroughly / to penetrate",""
"锁匙","suǒ shi","key (Malaysian; = 钥匙)","Malaysia"
"钥匙","yào shi","key (Malaysia: 锁匙 suǒ shi)","China"
"约","yuē","to arrange / to make plans / to meet up",""
"公平","gōng píng","fair / impartial",""
"充满","chōng mǎn","full of / brimming with",""
"朝","cháo","towards / facing / dynasty",""
"咱们","zán men","we / us (including the listener) (Malaysia: 我们 wǒ men)","China"
"旁边","páng biān","beside / next to / side",""
"轮","lún","turn (轮到你 = your turn) / wheel / round",""
"谋杀","móu shā","to murder / to assassinate",""
"毫无","háo wú","not at all / without any",""
"时刻","shí kè","moment / always",""
"事件","shì jiàn","event / happening",""
"兴奋","xīng fèn","excited / excitement",""
"感情","gǎn qíng","emotion / sentiment",""
"愚蠢","yú chǔn","silly / stupid",""
"做出","zuò chū","to make (a decision, contribution) / to come up with",""
"杀死","shā sǐ","to kill",""
"及","jí","and / in time (来得及)",""
"号码","hào mǎ","number",""
"锁","suǒ","lock / to lock",""
"老婆","lǎo pó","wife (colloquial)",""
"钟","zhōng","clock / o'clock (点钟) / bell",""
"啥","shá","what? (colloquial) (Malaysia: 什么 shén me)","China"
"压力","yā lì","pressure",""
"喔","ō","oh / I see",""
"美好","měi hǎo","wonderful / fine",""
"干净","gān jìng","clean / neat",""
"恭喜","gōng xǐ","congratulations / greetings",""
"老兄","lǎo xiōng","buddy / mate",""
"单","dān","single / list / bill",""
"自然","zì rán","natural / of course / nature",""
"组织","zǔ zhī","to organize / organization",""
"歌","gē","song",""
"支","zhī","(measure word for pens, sticks, songs)",""
"烧","shāo","to burn / to cook / to roast; (Malaysian) hot to the touch","Malaysia"
"准","zhǔn","accurate / standard / definitely",""
"杀人","shā rén","homicide / to murder",""
"邀请","yāo qǐng","to invite / invitation",""
"迟到","chí dào","to arrive late",""
"断","duàn","to break / to cut off",""
"累","lèi","tired",""
"纽约","niǔ yuē","New York",""
"太太","tài tai","married woman / Mrs.",""
"探","tàn","to explore / to visit (探病) / to lean out",""
"惹","rě","to provoke / to cause (trouble)",""
"周围","zhōu wéi","surroundings / environment",""
"节目","jié mù","program / item (on a program)",""
"副","fù","(measure word for pairs: glasses, gloves) / deputy",""
"垃圾","lā jī","trash / refuse",""
"躺","tǎng","to recline / to lie down",""
"服务","fú wù","to serve / service",""
"相当","xiāng dāng","equivalent to / appropriate",""
"错过","cuò guò","to miss (train, opportunity etc)",""
"好事","hǎo shì","good thing / good deed",""
"武器","wǔ qì","weapon / arms",""
"前面","qián miàn","ahead / in front",""
"之类","zhī lèi","and so on / and such",""
"卡","kǎ","card / to get stuck",""
"某种","mǒu zhǒng","some kind (of)",""
"困难","kùn nan","difficult / challenging",""
"顺便","shùn biàn","conveniently / in passing",""
"食物","shí wù","food",""
"空","kōng","empty (kōng); free time is kòng: 有空 = to be free",""
"吃饭","chī fàn","to have a meal / to eat",""
"感激","gǎn jī","to be grateful / to appreciate",""
"房","fáng","house / room",""
"现实","xiàn shí","reality / actuality",""
"女朋友","nǚ péng you","girlfriend",""
"顺利","shùn lì","smoothly / without a hitch",""
"主","zhǔ","owner / host / main",""
"政府","zhèng fǔ","government",""
"随","suí","to follow / along with",""
"造成","zào chéng","to bring about / to create",""
"接近","jiē jìn","to approach / to get close to",""
"输","shū","to lose / to transport / to donate",""
"恢复","huī fù","to reinstate / to resume",""
"抱","bào","to hug / to hold in one's arms",""
"接着","jiē zhe","next / then / to continue",""
"吵","chǎo","noisy / to quarrel",""
"恩","ēn","kindness / grace; (interjection) mm",""
"美丽","měi lì","beautiful",""
"不少","bù shǎo","quite a lot / many",""
"治疗","zhì liáo","to treat (an illness) / medical treatment",""
"唱","chàng","to sing / to call loudly / to chant",""
"组","zǔ","group / to form",""
"恐怖","kǒng bù","terrible / frightful",""
"拿走","ná zǒu","to take away",""
"常","cháng","often",""
"多谢","duō xiè","many thanks / thanks a lot",""
"性感","xìng gǎn","sexy",""
"出发","chū fā","to set off / to start (on a journey)",""
"玩意","wán yì","thing / gadget / toy (Malaysia: 东西 dōng xi)","China"
"意","yì","idea / meaning / wish",""
"非","fēi","not / wrong (非常 = very)",""
"尽力","jìn lì","to strive one's hardest / to spare no effort",""
"局","jú","bureau / situation / (measure word for games)",""
"耶","yé","yay! / yeah",""
"酒吧","jiǔ bā","bar / pub",""
"方向","fāng xiàng","direction / orientation",""
"斯","sī","(used in foreign names) / this",""
"法律","fǎ lǜ","law",""
"项","xiàng","item / (measure word for tasks, projects)",""
"叫做","jiào zuò","to be called / to be known as",""
"谈话","tán huà","to talk (with someone) / to have a conversation",""
"警告","jǐng gào","to warn / to admonish",""
"醉","zuì","drunk",""
"上去","shàng qù","to go up",""
"究竟","jiū jìng","to go to the bottom of a matter / after all",""
"放开","fàng kāi","to let go / to release",""
"冷","lěng","cold",""
"伟大","wěi dà","huge / great",""
"绝不","jué bù","in no way / not in the least",""
"线索","xiàn suǒ","trail / clues",""
"喝酒","hē jiǔ","to drink (alcohol)",""
"哥哥","gē ge","older brother",""
"脑袋","nǎo dai","head / skull (Malaysia: 头 tóu)","China"
"罪","zuì","crime / guilt / sin",""
"闻","wén","to smell / to hear",""
"人物","rén wù","person / character (in a play, novel etc)",""
"想起","xiǎng qǐ","to recall / to think of",""
"学习","xué xí","to learn / to study",""
"肯","kěn","to be willing to / to agree",""
"呼吸","hū xī","to breathe",""
"臭","chòu","smelly / stinky",""
"顿","dùn","(measure word for meals, scoldings) / to pause",""
"帅","shuài","handsome / graceful / smart",""
"好几","hǎo jǐ","several / quite a few",""
"人类","rén lèi","humanity / human race",""
"梦想","mèng xiǎng","dream / to dream of",""
"上班","shàng bān","to go to work / to be on duty",""
"尝试","cháng shì","to try / to attempt",""
"室","shì","room",""
"推","tuī","to push",""
"疯子","fēng zi","madman / lunatic",""
"命令","mìng lìng","order / command",""
"健康","jiàn kāng","health / healthy",""
"乐意","lè yì","to be willing to do something / to be ready to do something",""
"荣幸","róng xìng","honored (to have the privilege of ...)",""
"假装","jiǎ zhuāng","to feign / to pretend",""
"妹妹","mèi mei","younger sister / young woman",""
"好处","hǎo chu","benefit / advantage",""
"骄傲","jiāo ào","proud / pride / arrogant",""
"超","chāo","super / to exceed",""
"激动","jī dòng","to move emotionally / to stir up (emotions)",""
"背","bèi","the back of a body or object / to turn one's back / to hide something from",""
"男朋友","nán péng you","boyfriend",""
"颗","kē","measure word for small spheres, pearls, corn grains, teeth, hearts, satellites etc",""
"历史","lì shǐ","history",""
"弟弟","dì di","younger brother",""
"长官","zhǎng guān","senior official / senior officer",""
"象","xiàng","like / to resemble (= 像) / elephant",""
"案","àn","(legal) case / incident / record",""
"短","duǎn","short / brief / to lack",""
"确保","què bǎo","to ensure / to guarantee",""
"收拾","shōu shi","to put in order / to tidy up",""
"自我","zì wǒ","self- / ego (psychology)",""
"加油","jiā yóu","come on! / go for it! / to refuel",""
"停下","tíng xià","to stop",""
"似的","shì de","seems as if / rather like",""
"急","jí","urgent / anxious / in a hurry",""
"对方","duì fāng","counterpart / other person involved",""
"对付","duì fu","to handle / to deal with",""
"超过","chāo guò","to surpass / to exceed",""
"长大","zhǎng dà","to grow up",""
"为止","wéi zhǐ","until (到…为止)",""
"确认","què rèn","to confirm / to verify",""
"晚餐","wǎn cān","evening meal / dinner",""
"力","lì","power / force / strength",""
"慢慢","màn màn","slowly",""
"改","gǎi","to change / to alter / to transform",""
"每次","měi cì","every time",""
"派对","pài duì","party (loanword)",""
"心里","xīn li","in one's heart / in one's mind",""
"疼","téng","(it) hurts / sore / to love dearly",""
"蛋","dàn","egg",""
"等待","děng dài","to wait / to wait for",""
"单独","dān dú","alone / by oneself",""
"周末","zhōu mò","weekend",""
"好人","hǎo rén","good person",""
"配","pèi","to match / to deserve / to be worthy of",""
"故意","gù yì","deliberately / on purpose",""
"惊喜","jīng xǐ","nice surprise / to be pleasantly surprised",""
"机","jī","machine / plane (机场) / opportunity",""
"复杂","fù zá","complicated / complex",""
"落","luò","to fall or drop / (of the sun) to set / (of a tide) to go out",""
"交易","jiāo yì","(business) transaction / business deal",""
"技术","jì shù","technology / technique",""
"汽车","qì chē","car / automobile",""
"上次","shàng cì","last time",""
"训练","xùn liàn","to train / to drill",""
"交给","jiāo gěi","to give / to deliver",""
"生日","shēng rì","birthday",""
"目的","mù dì","purpose / aim",""
"状态","zhuàng tài","state of affairs / state",""
"肉","ròu","meat / flesh / pulp (of a fruit)",""
"去年","qù nián","last year",""
"设计","shè jì","plan / design",""
"画","huà","to draw / picture / painting",""
"签","qiān","to sign / label",""
"八","bā","eight / 8",""
"实话","shí huà","truth",""
"彻底","chè dǐ","thorough / thoroughly",""
"烦","fán","to feel vexed / to bother / to trouble",""
"公寓","gōng yù","apartment building / block of flats",""
"其它","qí tā","other / the others",""
"爽","shuǎng","great / feeling good / refreshing",""
"许多","xǔ duō","many / a lot of",""
"聊","liáo","to chat",""
"参与","cān yù","to participate (in something)",""
"表示","biǎo shì","to express / to show",""
"文件","wén jiàn","document / file",""
"射","shè","to shoot / to launch / to allude to",""
"英雄","yīng xióng","hero",""
"不许","bù xǔ","not to allow / must not",""
"出色","chū sè","remarkable / outstanding",""
"死去","sǐ qù","to die",""
"抢","qiǎng","to grab / to snatch / to rob",""
"仔细","zǐ xì","careful / attentive",""
"彼此","bǐ cǐ","each other / one another",""
"拖","tuō","to drag / to tow / to trail",""
"尽快","jǐn kuài","as quickly as possible / as soon as possible",""
"从未","cóng wèi","never",""
"剩","shèng","to remain / to be left / to have as remainder",""
"进展","jìn zhǎn","to make headway / to make progress",""
"仅","jǐn","only",""
"在乎","zài hu","to care about / to mind",""
"封","fēng","(measure word for letters) / to seal",""
"攻击","gōng jī","to attack / to accuse",""
"笨蛋","bèn dàn","fool / idiot",""
"痛","tòng","pain / to hurt",""
"互相","hù xiāng","each other / mutually",""
"以来","yǐ lái","since / all along (一直以来)",""
"低","dī","low / beneath / to lower (one's head)",""
"无聊","wú liáo","bored / boring",""
"耍","shuǎ","to play (tricks) / to fool around",""
"拯救","zhěng jiù","to save / to rescue",""
"排","pái","row / line / to line up",""
"角色","jué sè","role / character in a novel",""
"圈","quān","circle / ring / loop",""
"吻","wěn","kiss / to kiss / mouth",""
"竟然","jìng rán","unexpectedly / to one's surprise",""
"冒","mào","to risk / to emit (smoke)",""
"状况","zhuàng kuàng","condition / state",""
"狂","kuáng","mad / wild / violent",""
"普通","pǔ tōng","common / ordinary",""
"傻瓜","shǎ guā","idiot / fool",""
"印象","yìn xiàng","impression",""
"超级","chāo jí","super- / ultra-",""
"仍","réng","still / yet / to remain",""
"显示","xiǎn shì","to show / to illustrate",""
"轻松","qīng sōng","light / gentle",""
"无关","wú guān","unrelated / having nothing to do (with something else)",""
"期待","qī dài","to look forward to / to anticipate",""
"某些","mǒu xiē","some / certain (things)",""
"作用","zuò yòng","to act on / to affect",""
"紧急","jǐn jí","urgent / emergency",""
"动物","dòng wù","animal",""
"老天","lǎo tiān","God / Heavens",""
"学生","xué sheng","student / schoolchild",""
"害","hài","to harm / to cause (someone to)",""
"职业","zhí yè","occupation / profession",""
"城","chéng","city / town",""
"踢","tī","to kick / to play (e.g. soccer) / (slang) butch (in a lesbian relationship)",""
"课","kè","class / lesson",""
"权利","quán lì","right (i.e. an entitlement to something) / (classical) power and wealth",""
"估计","gū jì","to estimate / to reckon",""
"正式","zhèng shì","formal / official",""
"庆祝","qìng zhù","to celebrate",""
"克","kè","gram / to overcome",""
"尊重","zūn zhòng","to esteem / to respect",""
"猫","māo","cat",""
"刀","dāo","knife / blade / single-edged sword",""
"过程","guò chéng","course of events / process",""
"瓶","píng","bottle",""
"驾车","jià chē","to drive a vehicle","Malaysia"
"开车","kāi chē","to drive a car (Malaysia: 驾车 jià chē)","China"
"难以置信","nán yǐ zhì xìn","hard to believe / incredible",""
"自杀","zì shā","to kill oneself / to commit suicide",""
"理","lǐ","to pay attention to / reason / logic",""
"心理","xīn lǐ","psychology / mentality",""
"发展","fā zhǎn","development / growth",""
"说实话","shuō shí huà","to speak the truth / truth to tell",""
"出生","chū shēng","to be born",""
"扯","chě","to pull / to talk nonsense",""
"立刻","lì kè","forthwith / immediate",""
"架","jià","(measure word for planes, machines) / frame / to fight (打架)",""
"稍","shāo","somewhat / a little",""
"著名","zhù míng","famous / noted",""
"更加","gèng jiā","more (than something else) / even more",""
"票","piào","ticket",""
"动作","dòng zuò","movement / motion",""
"冒险","mào xiǎn","to take risks / to take chances",""
"说谎","shuō huǎng","to lie / to tell an untruth",""
"集中","jí zhōng","to concentrate / to centralize",""
"老实","lǎo shi","honest / sincere",""
"电脑","diàn nǎo","computer",""
"婊子","biǎo zi","prostitute / whore",""
"见鬼","jiàn guǐ","damn it! / what the hell",""
"惊讶","jīng yà","amazed / astonished",""
"地址","dì zhǐ","address",""
"幸福","xìng fú","happiness / happy",""
"赚","zhuàn","to earn / to make a profit",""
"价值","jià zhí","value / worth",""
"屁","pì","fart / nonsense",""
"或是","huò shì","or / either one or the other",""
"饭","fàn","cooked rice / meal",""
"皮","pí","skin / leather / peel",""
"调","diào","to transfer / to adjust / (tiáo) to mix",""
"爬","pá","to crawl / to climb / to get up or sit up",""
"便","biàn","convenient / then (literary)",""
"流","liú","to flow / to disseminate / to circulate or spread",""
"测试","cè shì","to test (machinery etc) / to test (students)",""
"引起","yǐn qǐ","to give rise to / to lead to",""
"警","jǐng","police / to warn",""
"招","zhāo","to recruit / to attract / to beckon / trick",""
"相","xiāng","each other / mutually",""
"啤酒","pí jiǔ","beer (loanword)",""
"班","bān","class / shift / team",""
"度","dù","degree (temperature)",""
"伤心","shāng xīn","to grieve / to be broken-hearted",""
"基本","jī běn","basic / fundamental",""
"取消","qǔ xiāo","to cancel / cancellation",""
"赶快","gǎn kuài","at once / immediately",""
"成员","chéng yuán","member",""
"精彩","jīng cǎi","wonderful / marvelous",""
"打赌","dǎ dǔ","to bet / to make a bet",""
"旅行","lǚ xíng","to travel / journey",""
"式","shì","style / type",""
"特殊","tè shū","special / particular",""
"毛","máo","hair / fur / (money) ten cents",""
"难过","nán guò","to feel sad / to feel unwell",""
"付出","fù chū","to pay / to invest (energy or time in a friendship etc)",""
"翻","fān","to turn over / to flip over / to overturn",""
"跳舞","tiào wǔ","to dance",""
"抽","chōu","to smoke (抽烟) / to draw out",""
"于是","yú shì","thereupon / as a result",""
"接到","jiē dào","to receive (letter etc)",""
"碰到","pèng dào","to come across / to run into",""
"挑","tiāo","to pick / to choose / to carry on a pole",""
"趟","tàng","measure word for times, round trips or rows / a time / a trip",""
"客人","kè rén","visitor / guest",""
"谈论","tán lùn","to discuss / to talk about",""
"老师","lǎo shī","teacher",""
"压","yā","to press / pressure",""
"要么","yào me","or / either one or the other",""
"跟踪","gēn zōng","to follow someone's tracks / to tail",""
"心情","xīn qíng","mood / frame of mind",""
"全都","quán dōu","all / without exception",""
"西","xī","west",""
"女性","nǚ xìng","woman / the female sex",""
"鞋","xié","shoe",""
"资料","zī liào","material / resources",""
"类","lèi","kind / type / class",""
"咬","yǎo","to bite / to nip",""
"回头","huí tóu","later / to turn around",""
"传","chuán","to pass on / to spread / to transmit",""
"赢得","yíng dé","to win / to gain",""
"中间","zhōng jiān","between / intermediate",""
"对待","duì dài","to treat / treatment",""
"失踪","shī zōng","to be missing / to disappear",""
"专家","zhuān jiā","expert / specialist",""
"之中","zhī zhōng","inside / among",""
"逮捕","dài bǔ","to arrest / to apprehend",""
"七","qī","seven / 7",""
"演员","yǎn yuán","actor or actress / performer",""
"战争","zhàn zhēng","war / conflict",""
"吹","chuī","to blow / to play a wind instrument / to blast",""
"风","fēng","wind",""
"靠近","kào jìn","near / to approach",""
"暂时","zàn shí","temporary / provisional",""
"帐","zhàng","account / bill / curtain",""
"袭击","xí jī","attack (esp. surprise attack) / raid",""
"说服","shuō fú","to persuade / to convince",""
"吐","tǔ","to spit / to vomit",""
"尽量","jǐn liàng","as much as possible / to the greatest extent",""
"亲","qīn","to kiss / dear / relative / one's own",""
"颜色","yán sè","color",""
"不可思议","bù kě sī yì","inconceivable (idiom); unimaginable / unfathomable",""
"应","yīng","should / to answer",""
"船","chuán","boat / vessel / ship",""
"灵魂","líng hún","soul / spirit",""
"名单","míng dān","list of names",""
"地点","dì diǎn","place / site",""
"桌子","zhuō zi","table / desk",""
"代价","dài jià","price / cost",""
"反","fǎn","opposite / reverse / against",""
"搭","dā","to take (a bus, a ride) / to put up / to match",""
"早就","zǎo jiù","already at an earlier time",""
"产生","chǎn shēng","to arise / to come into being",""
"为何","wèi hé","why",""
"吸引","xī yǐn","to attract (interest, investment etc)",""
"明星","míng xīng","star / celebrity",""
"社会","shè huì","society",""
"权","quán","authority / power / right",""
"专业","zhuān yè","specialty / specialized field",""
"演","yǎn","to act / to perform",""
"戏","xì","show / movie / drama",""
"时光","shí guāng","time / era",""
"度过","dù guò","to pass / to spend (time)",""
"凶手","xiōng shǒu","murderer / assassin",""
"尤其","yóu qí","especially / particularly",""
"据","jù","according to",""
"亲自","qīn zì","personally / in person",""
"免费","miǎn fèi","free (of charge)",""
"何","hé","what / how / why",""
"不对","bú duì","incorrect / wrong",""
"寄","jì","to send / to mail / to entrust",""
"举","jǔ","to lift / to hold up / to cite",""
"塞","sāi","to stuff / to squeeze in (Malaysian 塞车 = traffic jam)","Malaysia"
"主要","zhǔ yào","main / principal",""
"姐姐","jiě jie","older sister",""
"菜","cài","dish (type of food) / vegetable / cuisine",""
"旧","jiù","old (not new) / former",""
"由于","yóu yú","due to / as a result of",""
"嘘","xū","shh! / hush",""
"则","zé","then / but (formal)",""
"至","zhì","to / until / most",""
"嫁","jià","(of a woman) to marry / to marry off a daughter / to shift (blame etc)",""
"祈祷","qí dǎo","to pray / to say one's prayers",""
"可惜","kě xī","it is a pity / what a pity",""
"脑","nǎo","brain / mind / head",""
"乐","lè","happy / cheerful / to laugh",""
"州","zhōu","state",""
"邻居","lín jū","neighbor / next door",""
"所谓","suǒ wèi","so-called / what is called",""
"接触","jiē chù","to touch / to contact",""
"山","shān","mountain / hill / anything that resembles a mountain",""
"鸟","niǎo","bird",""
"高中","gāo zhōng","senior high school",""
"运动","yùn dòng","sports / exercise / to exercise",""
"直","zhí","straight / to straighten / fair and reasonable",""
"条件","tiáo jiàn","condition / circumstances",""
"般","bān","sort / kind (一般 / 这般)",""
"道理","dào li","reason / argument",""
"有所","yǒu suǒ","somewhat / to some extent",""
"退","tuì","to retreat / to decline / to move back",""
"请求","qǐng qiú","to request / to ask",""
"吸","xī","to breathe / to suck in / to absorb",""
"原","yuán","former / original / primary",""
"监视","jiān shì","to monitor / to keep a close watch over",""
"事业","shì yè","undertaking / project",""
"屋子","wū zi","house / room",""
"提要","tí yào","summary / abstract",""
"经验","jīng yàn","experience / to experience",""
"到达","dào dá","to reach / to arrive",""
"大多数","dà duō shù","(great) majority",""
"晚饭","wǎn fàn","evening meal / dinner",""
"结","jié","knot / to tie / to end (结婚 / 结束)",""
"倍","bèi","(two, three etc) -fold / times (multiplier) / double",""
"一辈子","yí bèi zi","(for) a lifetime",""
"称","chēng","to call / to weigh",""
"有的","yǒu de","(there are) some (who are...) / some (exist)",""
"今年","jīn nián","this year",""
"金","jīn","gold / money",""
"满意","mǎn yì","satisfied / pleased",""
"俱乐部","jù lè bù","club (the organisation or its premises) (loanword)",""
"值","zhí","value / (to be) worth / to happen to",""
"鸡","jī","fowl / chicken / (slang) prostitute",""
"无所谓","wú suǒ wèi","to be indifferent / not to matter",""
"反对","fǎn duì","to fight against / to oppose",""
"大部分","dà bù fen","in large part / the greater part",""
"年代","nián dài","a decade of a century (e.g. the Sixties) / age",""
"加上","jiā shàng","plus / to put in",""
"厨房","chú fáng","kitchen",""
"绝","jué","absolutely / to cut off / extinct",""
"杀手","shā shǒu","killer / murderer",""
"分手","fēn shǒu","to part company / to split up",""
"裤子","kù zi","trousers / pants",""
"婚姻","hūn yīn","matrimony / wedding",""
"制造","zhì zào","to manufacture / to make",""
"杂志","zá zhì","magazine",""
"厕所","cè suǒ","toilet / lavatory",""
"折磨","zhé mó","to torment / to torture",""
"具","jù","tool (工具) / (measure word for corpses)",""
"范围","fàn wéi","range / scope",""
"信号","xìn hào","signal",""
"修","xiū","to repair / to fix",""
"报","bào","to report / newspaper / to repay",""
"走开","zǒu kāi","to leave / to walk away",""
"去世","qù shì","to pass away / to die",""
"年轻人","nián qīng rén","young people / youngster","Malaysia"
"宣布","xuān bù","to declare / to announce",""
"今","jīn","now / the present time / current",""
"归","guī","to return / to go back to / to give back to",""
"好多","hǎo duō","many / quite a lot",""
"爱上","ài shàng","to fall in love with / to be in love with",""
"子弹","zǐ dàn","bullet",""
"敌人","dí rén","enemy",""
"细节","xì jié","details / particulars",""
"看法","kàn fǎ","way of looking at a thing / view",""
"提到","tí dào","to mention / to raise (a subject)",""
"合","hé","to close / to fit / to combine",""
"银行","yín háng","bank",""
"英里","yīng lǐ","mile (unit of length equal to 1.609 km)",""
"而言","ér yán","with regard to (preceding phrase)",""
"内心","nèi xīn","heart / innermost being",""
"鱼","yú","fish",""
"相处","xiāng chǔ","to be in contact (with someone) / to associate",""
"迟","chí","late",""
"难以","nán yǐ","hard to (predict, imagine etc)",""
"住手","zhù shǒu","to desist / to stop",""
"同性恋","tóng xìng liàn","homosexuality / gay person",""
"后悔","hòu huǐ","to regret / to repent",""
"眼睡","yǎn shuì","sleepy / drowsy (Malaysian)","Malaysia"
"困","kùn","sleepy / trapped (Malaysia: 眼睡 yǎn shuì)","China"
"舞","wǔ","to dance / to wield / to brandish",""
"聚会","jù huì","party / gathering",""
"共","gòng","common / general / to share",""
"层","céng","floor / storey / layer",""
"同事","tóng shì","colleague / co-worker",""
"唯","wéi","only",""
"操","cāo","to operate / (vulgar) f***",""
"凭","píng","based on / by virtue of / to rely on",""
"记忆","jì yì","to remember / to recall",""
"指望","zhǐ wàng","to hope for something / to count on",""
"公园","gōng yuán","park (for public recreation)",""
"表情","biǎo qíng","(facial) expression / to express one's feelings",""
"时代","shí dài","age / era",""
"小伙子","xiǎo huǒ zi","young man / young guy (Malaysia: 年轻人 nián qīng rén)","China"
"摆","bǎi","to put / to arrange / to swing",""
"尔","ěr","(used in foreign names) / you (literary)",""
"关注","guān zhù","to pay attention to / to follow something closely",""
"建立","jiàn lì","to establish / to set up",""
"响","xiǎng","echo / sound / noise",""
"导致","dǎo zhì","to lead to / to create",""
"米","mǐ","rice (uncooked) / metre",""
"地上","dì shang","on the ground / on the floor",""
"警官","jǐng guān","constable / police officer",""
"表达","biǎo dá","to express / to convey",""
"娘","niáng","mother / girl",""
"逃跑","táo pǎo","to flee from something / to run away",""
"极","jí","extremely / pole (geography, physics) / utmost",""
"距离","jù lí","distance / to be apart from",""
"灯","dēng","lamp / light / lantern",""
"创造","chuàng zào","to create / to bring about",""
"提出","tí chū","to raise (an issue) / to propose",""
"想念","xiǎng niàn","to miss / to remember with longing",""
"独自","dú zì","alone",""
"规矩","guī ju","rules / manners / well-behaved",""
"脏","zāng","dirty",""
"运气","yùn qi","luck (good or bad)",""
"爆炸","bào zhà","explosion / to explode",""
"客户","kè hù","client / customer",""
"不管怎样","bù guǎn zěn yàng","in any case / no matter what",""
"语","yǔ","language / words",""
"恐惧","kǒng jù","to be frightened / fear",""
"墙","qiáng","wall",""
"熟悉","shú xī","to be familiar with / to know well",""
"罢了","bà le","only / just / that's all (= 而已)",""
"型","xíng","mold / type / style",""
"病人","bìng rén","sick person / patient",""
"录","lù","to record",""
"情绪","qíng xù","mood / state of mind",""
"报纸","bào zhǐ","newspaper / newsprint",""
"手术","shǒu shù","(surgical) operation / surgery",""
"电","diàn","electricity / battery power",""
"顶","dǐng","top / to push against / very (colloquial)",""
"掌握","zhǎng wò","to grasp (often fig.) / to control",""
"器","qì","device / appliance",""
"雇","gù","to employ / to hire / to rent",""
"变化","biàn huà","change / variation",""
"午饭","wǔ fàn","lunch",""
"仅仅","jǐn jǐn","barely / only",""
"物","wù","thing / object",""
"速度","sù dù","speed / rate",""
"无辜","wú gū","innocent / innocence",""
"迷","mí","fan / to be lost / to be crazy about",""
"街上","jiē shang","on the street / in town",""
"废话","fèi huà","nonsense / rubbish",""
"勇敢","yǒng gǎn","brave / courageous",""
"树","shù","tree",""
"节","jié","festival / holiday / (measure word for lessons, sections)",""
"吃惊","chī jīng","to be startled / to be shocked",""
"叔叔","shū shu","father's younger brother / uncle",""
"战","zhàn","to fight / fight / war",""
"态度","tài du","manner / bearing",""
"满足","mǎn zú","to satisfy / to meet (the needs of)",""
"爱情","ài qíng","romance / love (romantic)",""
"警方","jǐng fāng","police",""
"广告","guǎng gào","to advertise / a commercial",""
"巨大","jù dà","huge / immense",""
"地球","dì qiú","the earth",""
"控","kòng","to control",""
"秀","xiù","show / elegant / beautiful",""
"效果","xiào guǒ","result / effect",""
"达","dá","to reach / to attain",""
"欣赏","xīn shǎng","to appreciate / to enjoy",""
"忍受","rěn shòu","to bear / to endure",""
"讲话","jiǎng huà","a speech / to speak",""
"刺激","cì jī","to provoke / to irritate",""
"程度","chéng dù","degree (level or extent) / level",""
"好看","hǎo kàn","good-looking / nice-looking",""
"投","tóu","to throw / to cast / to vote",""
"申请","shēn qǐng","to apply for something / application (form etc)",""
"卷","juǎn","to roll / roll / volume",""
"实现","shí xiàn","to achieve / to implement",""
"不见","bú jiàn","not to see / not to meet",""
"洛杉矶","luò shān jī","Los Angeles, California",""
"部门","bù mén","department / branch",""
"炸","zhà","to burst / to explode / to blow up",""
"弹","dàn","bullet / bomb",""
"地狱","dì yù","hell / infernal",""
"救命","jiù mìng","to save someone's life / (interj.) Help!",""
"按照","àn zhào","according to / in accordance with",""
"不断","bú duàn","unceasing / uninterrupted",""
"烤","kǎo","to roast / to bake / to broil",""
"执行","zhí xíng","to implement / to carry out",""
"无论如何","wú lùn rú hé","whatever the case / in any event",""
"保险","bǎo xiǎn","insurance / to insure",""
"大约","dà yuē","approximately / probably",""
"阿","ā","(prefix for names and family terms: 阿姨)",""
"会议","huì yì","meeting / conference",""
"命运","mìng yùn","fate / destiny",""
"分开","fēn kāi","to separate / to part",""
"圣","shèng","holy / saint",""
"喊","hǎn","to yell / to shout / to call out for (a person)",""
"空气","kōng qì","air / atmosphere",""
"好玩","hǎo wán","amusing / fun",""
"受害者","shòu hài zhě","casualty / victim",""
"毕业","bì yè","graduation / to graduate",""
"牌","pái","sign / card / brand",""
"释放","shì fàng","to release / to set free",""
"纸","zhǐ","paper",""
"骗子","piàn zi","swindler / a cheat",""
"暴力","bào lì","violence / force",""
"分享","fēn xiǎng","to share (let others have some of something good)",""
"练习","liàn xí","to practice / exercise",""
"确信","què xìn","to be convinced / to be sure",""
"不可","bù kě","cannot / should not",""
"总统","zǒng tǒng","president (of a country)",""
"展示","zhǎn shì","to reveal / to display",""
"美女","měi nǚ","beautiful woman",""
"之外","zhī wài","outside / excluding",""
"不仅仅","bù jǐn jǐn","not only / not just",""
"也就是说","yě jiù shì shuō","in other words / that is to say",""
"背叛","bèi pàn","to betray",""
"内容","nèi róng","content / substance",""
"胜利","shèng lì","victory",""
"神秘","shén mì","mysterious / mystery",""
"认","rèn","to recognize / to admit",""
"受不了","shòu bù liǎo","unbearable / unable to endure",""
"擦","cā","to wipe / to rub",""
"怀孕","huái yùn","pregnant / to have conceived",""
"优秀","yōu xiù","outstanding / excellent",""
"失陪","shī péi","goodbye (modest formula) / Excuse me, I must leave.",""
"牛","niú","ox / cow / bull",""
"挖","wā","to dig / to excavate / to scoop out",""
"地区","dì qū","area / region",""
"环境","huán jìng","environment / circumstances",""
"擅长","shàn cháng","to be good at / to be expert in",""
"教堂","jiào táng","church / chapel",""
"婚礼","hūn lǐ","wedding ceremony / wedding",""
"方","fāng","square / side / direction",""
"区别","qū bié","difference / to distinguish",""
"利","lì","profit / advantage / sharp",""
"当作","dàng zuò","to treat as / to regard as",""
"报道","bào dào","to report (news) / report",""
"表","biǎo","watch (wristwatch) / form / table / cousin (表哥)",""
"角度","jiǎo dù","angle / point of view",""
"总之","zǒng zhī","in a word / in short",""
"哥","gē","older brother / (colloquial) bro",""
"牺牲","xī shēng","to sacrifice one's life / to sacrifice (something valued)",""
"愤怒","fèn nù","angry / indignant",""
"某人","mǒu rén","someone / a certain person",""
"颈项","jǐng xiàng","neck","Malaysia"
"脖子","bó zi","neck (Malaysia: 颈项 jǐng xiàng)","China"
"轻","qīng","light / easy / gentle",""
"辣","là","hot (spicy) / pungent",""
"祝贺","zhù hè","to congratulate / congratulations",""
"空间","kōng jiān","space / room",""
"惩罚","chéng fá","penalty / punishment",""
"年纪","nián jì","age",""
"闹","nào","noisy / cacophonous / to make noise",""
"被捕","bèi bǔ","to be arrested / under arrest",""
"德","dé","virtue / Germany (德国)",""
"离婚","lí hūn","to divorce / divorced from (one's spouse)",""
"报警","bào jǐng","to sound an alarm / to report something to the police",""
"右","yòu","right",""
"左右","zuǒ yòu","approximately / about (after a number) / left and right",""
"尴尬","gān gà","awkward / embarrassed",""
"尿","niào","to urinate / urine",""
"追踪","zhuī zōng","to follow a trail / to trace",""
"午餐","wǔ cān","lunch / luncheon",""
"夺","duó","to seize / to take away forcibly / to wrest control of",""
"有效","yǒu xiào","effective / in effect",""
"能否","néng fǒu","whether or not / can it or can't it",""
"借口","jiè kǒu","to use as an excuse / on the pretext",""
"尼","ní","(used in foreign names)",""
"规则","guī zé","rule / regulation",""
"守","shǒu","to guard / to defend / to keep watch",""
"学会","xué huì","to learn / to master",""
"左","zuǒ","left",""
"摔","shuāi","to fall / to throw down",""
"需","xū","to need",""
"类似","lèi sì","similar / analogous",""
"风格","fēng gé","style",""
"上个礼拜","shàng gè lǐ bài","last week (Malaysian)","Malaysia"
"上周","shàng zhōu","last week (Malaysia: 上个礼拜 shàng gè lǐ bài)","China"
"烟","yān","cigarette / smoke",""
"承受","chéng shòu","to bear / to support",""
"联邦","lián bāng","federal / federation",""
"法庭","fǎ tíng","court of law",""
"赶紧","gǎn jǐn","hurriedly / without delay",""
"酒店","jiǔ diàn","wine shop / pub (public house)","Malaysia"
"邪恶","xié è","sinister / vicious",""
"清醒","qīng xǐng","clear-headed / sober",""
"达到","dá dào","to reach / to achieve",""
"黑暗","hēi àn","dark / darkly",""
"窗口","chuāng kǒu","window / opening providing restricted access (e.g. customer service window)","Malaysia"
"窗户","chuāng hu","window (Malaysia: 窗口 chuāng kǒu)","China"
"动手","dòng shǒu","to set about (a task) / to hit",""
"相同","xiāng tóng","identical / same",""
"新鲜","xīn xiān","fresh (experience, food etc) / freshness",""
"插","chā","to insert / stick in / pierce",""
"博士","bó shì","doctor (PhD)",""
"思考","sī kǎo","to reflect on / to ponder over",""
"好奇","hào qí","inquisitive / curious",""
"演出","yǎn chū","to act (in a play) / to perform",""
"抱怨","bào yuàn","to complain / to grumble",""
"整天","zhěng tiān","all day long / whole day","Malaysia"
"说法","shuō fa","way of speaking / wording",""
"赌","dǔ","to bet / to gamble",""
"切","qiè","to cut / (qiè) closely",""
"洞","dòng","hole / cave",""
"省","shěng","to save / province",""
"意大利","yì dà lì","Italy / Italian",""
"清理","qīng lǐ","to clear up / to tidy up",""
"不仅","bù jǐn","not only (this one) / not just (...) but also",""
"编","biān","to make up / to edit / to weave",""
"大街","dà jiē","street / main street",""
"鼻子","bí zi","nose",""
"过分","guò fèn","excessive / undue",""
"起诉","qǐ sù","to sue / to bring a lawsuit against",""
"红色","hóng sè","red",""
"觉","jué","to feel / to find that / thinking",""
"油","yóu","oil / fat / grease",""
"规定","guī dìng","provision / to fix",""
"协议","xié yì","agreement / pact",""
"重复","chóng fù","to repeat / to duplicate",""
"坦白","tǎn bái","honest / forthcoming",""
"最佳","zuì jiā","optimum / optimal",""
"挑战","tiǎo zhàn","to challenge / challenge",""
"摆脱","bǎi tuō","to break away from / to cast off (old ideas etc)",""
"笑话","xiào hua","joke / jest",""
"证人","zhèng rén","witness",""
"毒品","dú pǐn","drugs / narcotics",""
"停车","tíng chē","to pull up (stop one's vehicle) / to park",""
"撒","sā","to scatter / to let go (撒谎 = to lie)",""
"变态","biàn tài","pervert / abnormal",""
"当成","dàng chéng","to consider as / to take to be",""
"冰","bīng","ice / cold",""
"档案","dàng àn","file / record",""
"神奇","shén qí","magical / mystical",""
"观察","guān chá","to observe / to watch",""
"糖","táng","sugar / sweets / candy",""
"罪犯","zuì fàn","criminal",""
"背后","bèi hòu","behind / at the back",""
"孤独","gū dú","lonely / solitary",""
"亮","liàng","bright / light",""
"干掉","gàn diào","to get rid of / to kill (slang)",""
"即将","jí jiāng","on the eve of / to be about to",""
"猪","zhū","pig",""
"天堂","tiān táng","paradise / heaven",""
"遇见","yù jiàn","to meet",""
"在于","zài yú","to be in / to lie in",""
"搭档","dā dàng","to cooperate / partner",""
"传统","chuán tǒng","tradition / traditional",""
"英国","yīng guó","United Kingdom / UK / Britain",""
"夜晚","yè wǎn","night",""
"角","jiǎo","corner / angle / horn / (money) ten cents",""
"重点","zhòng diǎn","important point / main point",""
"放心","fàng xīn","to feel relieved / to feel reassured",""
"各","gè","each / every",""
"世上","shì shàng","on earth",""
"神经","shén jīng","nerve / mental state",""
"分析","fēn xī","to analyze / analysis",""
"岛","dǎo","island",""
"代","dài","generation / to replace / on behalf of",""
"法国","fǎ guó","France / French",""
"家族","jiā zú","family / clan",""
"接下来","jiē xià lái","next / then",""
"师","shī","teacher / master / (suffix) -ist: 针灸师 = acupuncturist",""
"注意力","zhù yì lì","attention",""
"朱古力","zhū gǔ lì","chocolate (Malaysian; from English)","Malaysia"
"巧克力","qiǎo kè lì","chocolate (loanword) (Malaysia: 朱古力 zhū gǔ lì)","China"
"碎","suì","broken into pieces / to break",""
"大脑","dà nǎo","brain / cerebrum",""
"你好","nǐ hǎo","hello / hi",""
"杀害","shā hài","to murder",""
"机器","jī qì","machine",""
"旅馆","lǚ guǎn","hotel",""
"上学","shàng xué","to go to school / to attend school",""
"早餐","zǎo cān","breakfast","Malaysia"
"哥们","gē men","buddy / bro (Malaysia: 兄弟 xiōng dì)","China"
"东","dōng","east",""
"抛弃","pāo qì","to abandon / to discard",""
"小时候","xiǎo shí hou","in one's childhood",""
"辈子","bèi zi","all one's life / lifetime",""
"笨","bèn","stupid / foolish / silly",""
"美妙","měi miào","beautiful / wonderful",""
"全世界","quán shì jiè","worldwide / entire world",""
"费","fèi","fee / cost / to spend",""
"标准","biāo zhǔn","(an official) standard / norm",""
"处于","chǔ yú","to be in (some state, position, or condition)",""
"王","wáng","king or monarch / best or strongest of its type / grand",""
"格","gé","grid / pattern / standard",""
"之内","zhī nèi","inside / within",""
"艰难","jiān nán","difficult / hard",""
"绑架","bǎng jià","to kidnap / to abduct",""
"念","niàn","to read aloud / to study / to miss (someone)",""
"屎","shǐ","poop / feces",""
"做工","zuò gōng","to work / go to work (Malaysian; = 上班)","Malaysia"
"干活","gàn huó","to work / to be employed (Malaysia: 做工 zuò gōng)","China"
"小组","xiǎo zǔ","group",""
"九","jiǔ","nine / 9",""
"损失","sǔn shī","loss / damage",""
"可笑","kě xiào","funny / ridiculous",""
"蛋糕","dàn gāo","cake",""
"浪漫","làng màn","romantic",""
"描述","miáo shù","to describe / description",""
"伙伴","huǒ bàn","partner / companion",""
"帽子","mào zi","hat / cap",""
"一致","yí zhì","unanimous / identical (views or opinions)",""
"教训","jiào xun","to provide guidance / to lecture someone",""
"开口","kāi kǒu","to open one's mouth / to start to talk",""
"坚强","jiān qiáng","staunch / strong",""
"尸","shī","corpse",""
"话题","huà tí","subject (of a talk or conversation) / topic",""
"言","yán","words / speech",""
"开门","kāi mén","to open a door (lit. and fig.) / to open for business",""
"误会","wù huì","to misunderstand / to mistake",""
"蓝","lán","blue / indigo plant",""
"刺","cì","thorn / to stab",""
"奇迹","qí jì","miracle / miraculous",""
"丝","sī","silk / thread / a bit",""
"蓝色","lán sè","blue (color)",""
"强大","qiáng dà","large / formidable",""
"回忆","huí yì","to recall / memories",""
"的话","de huà","if (coming after a conditional clause)",""
"星","xīng","star",""
"承诺","chéng nuò","to promise / to undertake to do something",""
"制作","zhì zuò","to make / to manufacture",""
"理论","lǐ lùn","theory / to argue",""
"订","dìng","to agree / to conclude / to draw up",""
"勇气","yǒng qì","courage / valor",""
"宁愿","nìng yuàn","would rather / better",""
"观众","guān zhòng","spectators / audience",""
"作品","zuò pǐn","work (of art) / opus",""
"饼","bǐng","biscuit / cake / pancake",""
"味","wèi","taste / flavour / smell",""
"在场","zài chǎng","to be present / to be on the scene",""
"对象","duì xiàng","target / object",""
"绑","bǎng","to tie / bind or fasten together / to kidnap",""
"聊天","liáo tiān","to chat / to gossip",""
"期","qī","period / phase / term",""
"经","jīng","to pass through / scripture / classic",""
"谢天谢地","xiè tiān xiè dì","Thank heavens! / Thank goodness that's worked out so well!",""
"乐队","yuè duì","band / pop group",""
"留言","liú yán","to leave a message / to leave one's comments",""
"数字","shù zì","numeral / digit",""
"硬","yìng","hard / stiff / strong",""
"天气","tiān qì","weather",""
"司机","sī jī","chauffeur / driver",""
"对手","duì shǒu","opponent / rival",""
"移动","yí dòng","to move / movement",""
"远离","yuǎn lí","to be far from / to keep away from",""
"机场","jī chǎng","airport / airfield",""
"咯","gē","(particle) signals something is obvious or settled (Malaysian 'lo')","Malaysia"
"留给","liú gěi","to set aside for",""
"艺术","yì shù","art",""
"造","zào","to make / to build / to manufacture",""
"世纪","shì jì","century",""
"魅力","mèi lì","charm / fascination",""
"尊敬","zūn jìng","to respect / to revere",""
"惨","cǎn","miserable / wretched / cruel",""
"表明","biǎo míng","to make clear / to make known",""
"心脏","xīn zàng","heart",""
"干杯","gān bēi","to drink a toast / Cheers! (proposing a toast)",""
"英尺","yīng chǐ","foot (unit of length equal to 0.3048 m)",""
"时机","shí jī","fortunate timing / occasion",""
"法官","fǎ guān","judge (in court)",""
"军队","jūn duì","army / troops",""
"商店","shāng diàn","store / shop",""
"现金","xiàn jīn","cash",""
"摸","mō","to touch / to feel",""
"最新","zuì xīn","latest / newest",""
"餐厅","cān tīng","dining hall / dining room",""
"肚子","dù zi","belly / abdomen",""
"走运","zǒu yùn","to have good luck / lucky",""
"安","ān","safe / calm / peaceful",""
"海","hǎi","sea / ocean",""
"保佑","bǎo yòu","to bless and protect / blessing",""
"耳朵","ěr duo","ear / handle (on a cup)",""
"既","jì","since / both… and…",""
"最好","zuì hǎo","best / had better",""
"稳定","wěn dìng","steady / stable",""
"假设","jiǎ shè","to suppose / to presume",""
"保密","bǎo mì","to keep something confidential / to maintain secrecy",""
"战斗","zhàn dòu","to fight / to engage in combat",""
"屋","wū","house / room",""
"登","dēng","to climb / to board / to publish",""
"混乱","hùn luàn","confusion / chaos",""
"发出","fā chū","to issue (an order, decree etc) / to send out",""
"元","yuán","yuan (currency) / first / primary",""
"女孩子","nǚ hái zi","girl",""
"信心","xìn xīn","confidence / faith (in someone or something)",""
"打击","dǎ jī","to hit / to strike",""
"贴","tiē","to stick / to paste",""
"货","huò","goods / (derog.) fellow",""
"租","zū","to hire / to rent / to charter",""
"好吃","hǎo chī","tasty / delicious",""
"了不起","liǎo bù qǐ","amazing / terrific",""
"程序","chéng xù","procedures / sequence",""
"第五","dì wǔ","fifth",""
"最高","zuì gāo","tallest / highest",""
"天才","tiān cái","talent / gift",""
"争取","zhēng qǔ","to fight for / to strive for",""
"案件","àn jiàn","case / instance",""
"太阳","tài yáng","sun",""
"单身","dān shēn","unmarried / single",""
"保","bǎo","to protect / to guarantee",""
"一会","yí huì","a moment / a while (Malaysia: 一下 yí xià)","China"
"方便","fāng biàn","convenient / suitable",""
"指控","zhǐ kòng","accusation / a (criminal) charge",""
"甩","shuǎi","to dump (someone) / to fling",""
"化","huà","(suffix) -ize / to melt / to change",""
"退出","tuì chū","to withdraw / to abort",""
"手段","shǒu duàn","method / means (of doing something)",""
"千","qiān","thousand",""
"录像","lù xiàng","to videotape / to videorecord",""
"成熟","chéng shú","mature / ripe",""
"权力","quán lì","power / authority",""
"好笑","hǎo xiào","laughable / funny",""
"女生","nǚ shēng","girl / young woman",""
"举行","jǔ xíng","to hold (a meeting, ceremony etc)",""
"瞎","xiā","blind / blindly / nonsense",""
"盖","gài","to cover / lid / to build",""
"迷人","mí rén","fascinating / enchanting",""
"隐藏","yǐn cáng","to hide / to conceal",""
"哼","hēng","hmph! / to hum",""
"教育","jiào yù","to educate / to teach",""
"到来","dào lái","to arrive / arrival",""
"实验室","shí yàn shì","laboratory",""
"运","yùn","to transport / luck",""
"穿过","chuān guò","to pass through",""
"泡","pào","bubble / foam / blister (i.e. skin bubble)",""
"人人","rén rén","everyone / every person",""
"自豪","zì háo","proud (of one's achievements etc)",""
"击","jī","to hit / to strike",""
"谎言","huǎng yán","lie",""
"转移","zhuǎn yí","to shift / to divert or distract (attention etc)",""
"管理","guǎn lǐ","to supervise / to manage",""
"名叫","míng jiào","called / named",""
"一团糟","yì tuán zāo","chaos / bungle",""
"市","shì","city / market",""
"皮肤","pí fū","skin",""
"存","cún","to exist / to deposit / to store",""
"事故","shì gù","accident",""
"科学","kē xué","science / scientific knowledge",""
"明","míng","bright / opposite: dark / (of meaning) clear",""
"头脑","tóu nǎo","brains / mind",""
"搜查","sōu chá","to search",""
"年级","nián jí","grade / year (in school, college etc)",""
"中国","zhōng guó","China",""
"打败","dǎ bài","to defeat / to overpower",""
"赛","sài","to compete / competition / match",""
"女友","nǚ yǒu","girlfriend",""
"婚","hūn","to marry / marriage / wedding",""
"热情","rè qíng","cordial / enthusiastic",""
"眼前","yǎn qián","before one's eyes / now",""
"椅子","yǐ zi","chair",""
"好久","hǎo jiǔ","quite a while",""
"天使","tiān shǐ","angel",""
"拼","pīn","to piece together / to join together / to stake all",""
"醒来","xǐng lái","to waken",""
"罗厘","luó lí","lorry / truck (Malaysian; from English 'lorry')","Malaysia"
"卡车","kǎ chē","truck (Malaysia: 罗厘 luó lí)","China"
"婴儿","yīng ér","infant / baby",""
"毛病","máo bìng","fault / defect",""
"儿童","ér tóng","child",""
"嫉妒","jí dù","to be jealous / to envy",""
"避免","bì miǎn","to avert / to prevent",""
"具体","jù tǐ","concrete / definite",""
"共同","gòng tóng","common / joint",""
"投入","tóu rù","to throw into / to put into",""
"项目","xiàng mù","item / project",""
"全国","quán guó","whole nation / nationwide",""
"工具","gōng jù","tool / instrument",""
"领","lǐng","neck / collar / to lead",""
"毒","dú","poison / to poison / poisonous",""
"印","yìn","to print / to mark / to engrave",""
"症","zhèng","disease / illness",""
"打断","dǎ duàn","to interrupt / to break off",""
"盘","pán","plate / dish / tray",""
"大人","dà ren","adult / grownup",""
"布","bù","cloth / to declare / to announce",""
"伤口","shāng kǒu","wound / cut",""
"幻想","huàn xiǎng","delusion / fantasy",""
"证实","zhèng shí","to confirm (something to be true) / to verify",""
"姐妹","jiě mèi","sisters / siblings",""
"请问","qǐng wèn","Excuse me, may I ask...?",""
"媒体","méi tǐ","media, esp. news media",""
"篇","piān","sheet / piece of writing / bound set of bamboo slips used for record keeping (old)",""
"痕迹","hén jì","vestige / mark",""
"重大","zhòng dà","great / important",""
"语言","yǔ yán","language",""
"没事","méi shì","it's not important / it's nothing",""
"保安","bǎo ān","to ensure public security / to ensure safety (for workers engaged in production)",""
"埋","mái","to bury",""
"资格","zī gé","qualifications / seniority",""
"符合","fú hé","in keeping with / in accordance with",""
"各种","gè zhǒng","every kind of / all kinds of",""
"奖","jiǎng","prize / award / encouragement",""
"关掉","guān diào","to switch off / to shut off",""
"不久","bù jiǔ","not long (after) / before too long",""
"人家","rén jia","other people / someone else",""
"万一","wàn yī","just in case / if by any chance",""
"解雇","jiě gù","to fire / to sack",""
"科","kē","branch of study / administrative section / division",""
"阳光","yáng guāng","sunshine / transparent (open to public scrutiny)",""
"隐瞒","yǐn mán","to conceal / to hide (a taboo subject)",""
"奶奶","nǎi nai","(informal) grandma (paternal grandmother) / (respectful) mistress of the house",""
"经理","jīng lǐ","manager / director",""
"雨","yǔ","rain",""
"扇","shàn","fan / sliding, hinged or detachable flat part of something / measure word for doors, windows etc",""
"抬","tái","to lift / to raise / (of two or more persons) to carry",""
"起码","qǐ mǎ","at the minimum / at the very least",""
"增加","zēng jiā","to raise / to increase",""
"揍","zòu","to beat up / to break to pieces",""
"没法","méi fǎ","at a loss / unable to do anything about it",""
"止","zhǐ","to stop / to prohibit / until",""
"分子","fèn zǐ","members of a class or group / political elements (such as intellectuals or extremists)",""
"石头","shí tou","stone",""
"主人","zhǔ rén","master / host",""
"男友","nán yǒu","boyfriend",""
"签名","qiān míng","to sign (one's name with a pen etc) / to autograph",""
"镇","zhèn","to press down / to calm / to subdue",""
"面包","miàn bāo","bread",""
"当地","dāng dì","local",""
"应付","yìng fu","to deal with / to cope",""
"官","guān","government official / governmental / official",""
"放手","fàng shǒu","to let go one's hold / to give up",""
"茶","chá","tea / tea plant",""
"期望","qī wàng","to have expectations / to earnestly hope",""
"唱歌","chàng gē","to sing a song",""
"滑","huá","to slip / to slide / smooth",""
"晕","yūn","confused / dizzy / giddy",""
"后果","hòu guǒ","consequences / aftermath",""
"罗","luó","gauze / to collect / to gather",""
"盒子","hé zi","box / case",""
"怪物","guài wu","monster / freak",""
"生存","shēng cún","to exist / to survive",""
"欺骗","qī piàn","to deceive / to cheat",""
"招呼","zhāo hu","to call out to / to greet",""
"前进","qián jìn","to go forward / to forge ahead",""
"踩","cǎi","to step on / to tread / to stamp",""
"说不定","shuō bú dìng","can't say for sure / maybe",""
"楼上","lóu shàng","upstairs",""
"诚实","chéng shí","honest / honesty",""
"针对","zhēn duì","to target / to focus on",""
"引","yǐn","to draw (e.g. a bow) / to pull / to stretch something",""
"采取","cǎi qǔ","to adopt or carry out (measures, policies, course of action) / to take",""
"磅","bàng","platform balance / (loanword) pound (unit of weight, about 454 grams)",""
"扣","kòu","to fasten / to button / button",""
"耐心","nài xīn","to be patient / patience",""
"期间","qī jiān","period of time / time",""
"礼貌","lǐ mào","courtesy / manners",""
"黑人","hēi rén","black person / an illegal",""
"团","tuán","round / lump / ball",""
"服","fú","clothes / dress / garment",""
"持续","chí xù","to continue / to persist",""
"一路","yí lù","the whole journey / all the way",""
"全力","quán lì","with all one's strength / full strength",""
"墨西哥","mò xī gē","Mexico",""
"撑","chēng","to support / to prop up / to push or move with a pole",""
"早晨","zǎo chén","early morning",""
"供","gōng","to provide / to supply",""
"箱","xiāng","box / trunk / chest",""
"机构","jī gòu","mechanism / structure",""
"出口","chū kǒu","an exit / to speak",""
"爆","bào","to explode or burst / to quick fry or quick boil",""
"交换","jiāo huàn","to exchange / to swap",""
"挡","dǎng","to resist / to obstruct / to hinder",""
"嘴里","zuǐ lǐ","mouth / in the mouth",""
"回报","huí bào","(in) return / reciprocation",""
"牙","yá","tooth",""
"胜","shèng","victory / success / to beat",""
"区域","qū yù","area / region",""
"适应","shì yìng","to adapt / to fit",""
"指纹","zhǐ wén","fingerprint / the arches, loops and whorls on the fingers",""
"卧室","wò shì","bedroom",""
"坏事","huài shì","bad thing / misdeed",""
"解","jiě","to divide / to break up / to split",""
"天赋","tiān fù","gift / innate skill",""
"将来","jiāng lái","in the future / future",""
"人民","rén mín","the people",""
"英语","yīng yǔ","English (language)",""
"打扮","dǎ ban","to decorate / to dress",""
"提前","tí qián","to shift to an earlier date / to do something ahead of time",""
"记者","jì zhě","reporter / journalist",""
"呐","na","(particle, like 呢 / 啊)",""
"抢劫","qiǎng jié","to rob / looting",""
"内部","nèi bù","interior / inside (part, section)",""
"胖","pàng","fat / plump",""
"冒犯","mào fàn","to offend",""
"熟","shú","cooked (of food) / ripe (of fruit) / mature (of seeds)",""
"年龄","nián líng","(a person's) age",""
"保留","bǎo liú","to keep / to retain",""
"达成","dá chéng","to reach (an agreement) / to accomplish",""
"骑","qí","to ride (a bike, a horse)",""
"玻璃","bō li","glass / (slang) male homosexual",""
"精力","jīng lì","energy",""
"所在","suǒ zài","place / location",""
"贵","guì","expensive",""
"巴","bā","to long for / to wish / to cling to",""
"政治","zhèng zhì","politics / political",""
"支票","zhī piào","check (bank) / cheque",""
"建","jiàn","to establish / to found / to set up",""
"栋","dòng","measure word for houses or buildings / ridgepole (old)",""
"结局","jié jú","conclusion / ending",""
"并非","bìng fēi","really isn't",""
"玩具","wán jù","plaything / toy",""
"恋爱","liàn ài","(romantic) love / in love",""
"陷入","xiàn rù","to sink into / to get caught up in",""
"非法","fēi fǎ","illegal",""
"大事","dà shì","major event / major political event (war or change of regime)",""
"设备","shè bèi","equipment / facilities",""
"竞争","jìng zhēng","to compete / competition",""
"扮演","bàn yǎn","to play the role of / to act",""
"观点","guān diǎn","point of view / viewpoint",""
"吓坏","xià huài","to be terrified / to terrify someone",""
"许","xǔ","to allow / to permit / to promise",""
"荒谬","huāng miù","absurd / ridiculous",""
"说说","shuō shuo","to say something",""
"左边","zuǒ bian","left / the left side",""
"血液","xuè yè","blood",""
"稍微","shāo wēi","a little bit",""
"然而","rán ér","however / yet",""
"自信","zì xìn","to have confidence in oneself / self-confidence",""
"微笑","wēi xiào","smile / to smile",""
"强烈","qiáng liè","intense / (violently) strong",""
"冠军","guàn jūn","champion",""
"员工","yuán gōng","staff / personnel",""
"版","bǎn","a register / block of printing / edition",""
"深刻","shēn kè","profound / deep",""
"信仰","xìn yǎng","to believe in (a religion) / firm belief",""
"地板","dì bǎn","floor",""
"当中","dāng zhōng","among / in the middle",""
"有空","yǒu kòng","to have time (to do something)",""
"平","píng","flat / level / equal",""
"对劲","duì jìn","suitable / to one's liking",""
"护士","hù shi","nurse",""
"交流","jiāo liú","to exchange / exchange",""
"激情","jī qíng","passion / fervor",""
"高级","gāo jí","high level / high grade",""
"侦探","zhēn tàn","detective / to do detective work",""
"古怪","gǔ guài","strange / weird",""
"崩溃","bēng kuì","to collapse / to crumble",""
"拜","bài","to pay respect / worship / visit",""
"市场","shì chǎng","marketplace / market (also in abstract)",""
"他人","tā rén","another / someone else",""
"意味","yì wèi","meaning / implication",""
"鞋子","xié zi","shoe",""
"取得","qǔ dé","to acquire / to get",""
"但愿","dàn yuàn","if only (something were possible) / I wish (that)",""
"出于","chū yú","due to / to stem from",""
"以外","yǐ wài","apart from / other than",""
"工","gōng","work / job (做工 = to work)",""
"什么的","shén me de","and so on / and what not",""
"白人","bái rén","white man or woman / Caucasian",""
"滚开","gǔn kāi","to boil (of liquid) / boiling hot",""
"毕竟","bì jìng","after all / all in all",""
"手指","shǒu zhǐ","finger",""
"合法","hé fǎ","lawful / legitimate",""
"胡说","hú shuō","to talk nonsense / drivel",""
"口袋","kǒu dài","pocket / bag",""
"绕","rào","to wind / to coil (thread) / to rotate around",""
"证","zhèng","certificate / proof / to prove",""
"公开","gōng kāi","public / to publish",""
"掌","zhǎng","palm of the hand / sole of the foot / paw",""
"炒","chǎo","to sauté / to stir-fry / to speculate",""
"邮件","yóu jiàn","mail / post",""
"拥抱","yōng bào","to embrace / to hug",""
"填","tián","to fill or stuff / (of a form etc) to fill in",""
"老朋友","lǎo péng you","old friend / (slang) period",""
"页","yè","page",""
"认出","rèn chū","recognition / to recognize",""
"判断","pàn duàn","to judge / to determine",""
"平静","píng jìng","tranquil / undisturbed",""
"冲凉","chōng liáng","to take a shower (Malaysian)","Malaysia"
"洗澡","xǐ zǎo","to bathe / to take a shower (Malaysia: 冲凉 chōng liáng)","China"
"移","yí","to move / to shift / to change",""
"门口","mén kǒu","doorway / gate",""
"级","jí","level / grade / rank",""
"湿","shī","moist / wet",""
"死者","sǐ zhě","the dead / the deceased",""
"乖","guāi","(of a child) obedient, well-behaved / clever / shrewd",""
"嘲笑","cháo xiào","to jeer at / to deride",""
"娶","qǔ","to take a wife / to marry (a woman)",""
"系","xì","to connect / to relate to / to tie up",""
"比如说","bǐ rú shuō","for example",""
"黑色","hēi sè","black",""
"百","bǎi","hundred",""
"楼下","lóu xià","downstairs",""
"团队","tuán duì","team",""
"车子","chē zi","car or other vehicle (bicycle, truck etc)",""
"大楼","dà lóu","building (a relatively large, multi-storey one)",""
"渴望","kě wàng","to thirst for / to long for",""
"溜","liū","to slip away / to escape in stealth / to skate",""
"交通","jiāo tōng","to be connected / traffic",""
"眼神","yǎn shén","expression or emotion showing in one's eyes / meaningful glance",""
"亲密","qīn mì","intimate / close",""
"查出","chá chū","to find out / to discover",""
"底下","dǐ xia","the location below something / afterwards",""
"整理","zhěng lǐ","to arrange / to tidy up",""
"史","shǐ","history / annals / title of an official historian in ancient China",""
"饮料","yǐn liào","drink / beverage",""
"禁止","jìn zhǐ","to prohibit / to forbid",""
"成长","chéng zhǎng","to mature / to grow",""
"每年","měi nián","every year / each year",""
"炸弹","zhà dàn","bomb",""
"独立","dú lì","independent / independence",""
"陌生人","mò shēng rén","stranger",""
"医疗","yī liáo","medical treatment",""
"下班","xià bān","to finish work / to get off work",""
"亚","yà","second / next to / inferior",""
"风险","fēng xiǎn","risk / hazard",""
"一面","yí miàn","one side / one aspect",""
"别无选择","bié wú xuǎn zé","to have no other choice",""
"袋","dài","pouch / bag / sack",""
"行李","xíng li","luggage",""
"毫无疑问","háo wú yí wèn","certainty / without a doubt",""
"依然","yī rán","still / as before",""
"便宜","pián yi","cheap / inexpensive",""
"思想","sī xiǎng","thought / thinking",""
"网上","wǎng shàng","online",""
"强迫","qiǎng pò","to compel / to force",""
"投票","tóu piào","to vote / vote",""
"怎","zěn","how",""
"做爱","zuò ài","to make love",""
"悲伤","bēi shāng","sad / sorrowful",""
"伙","huǒ","companion / partner / group",""
"大量","dà liàng","great amount / large quantity",""
"完蛋","wán dàn","to be done for",""
"治","zhì","to rule / to govern / to manage",""
"专门","zhuān mén","specialist / specialized",""
"动机","dòng jī","motor / locomotive",""
"逮","dǎi","to catch / to seize",""
"水平","shuǐ píng","level (of achievement etc) / standard",""
"小家伙","xiǎo jiā huo","little guy / kid",""
"胸","xiōng","chest / bosom / heart",""
"生病","shēng bìng","to fall ill",""
"占","zhàn","to take possession of / to occupy / to take up",""
"劲","jìn","strength / energy; (Malaysian slang, often said 'geng') impressive / awesome","Malaysia"
"防","fáng","to protect / to defend / to guard against",""
"联络","lián luò","to get in touch with / to contact",""
"合理","hé lǐ","rational / reasonable",""
"和平","hé píng","peace / peaceful",""
"任","rèn","to assign / to appoint / to take up a post",""
"国际","guó jì","international",""
"敲","qiāo","to hit / to strike / to tap",""
"坏人","huài rén","bad person / villain",""
"趁","chèn","while / taking advantage of (an opportunity)",""
"妓女","jì nǚ","prostitute / hooker",""
"逃走","táo zǒu","to escape / to flee",""
"香","xiāng","fragrant / sweet smelling / aromatic",""
"选手","xuǎn shǒu","athlete / contestant",""
"队伍","duì wǔ","ranks / troops",""
"管用","guǎn yòng","efficacious / useful",""
"同情","tóng qíng","to sympathize with / sympathy",""
"三文治","sān wén zhì","sandwich (Malaysian; from English)","Malaysia"
"三明治","sān míng zhì","sandwich (loanword) (Malaysia: 三文治 sān wén zhì)","China"
"助手","zhù shǒu","assistant / helper",""
"聚","jù","to congregate / to assemble / to mass",""
"不止","bù zhǐ","incessantly / without end",""
"打架","dǎ jià","to fight / to scuffle",""
"尖叫","jiān jiào","to screech / to shriek",""
"钱包","qián bāo","purse / wallet",""
"搜索","sōu suǒ","to search (a place) / to search (a database)",""
"报复","bào fù","to make reprisals / to retaliate",""
"何时","hé shí","when",""
"发疯","fā fēng","to go mad / to go crazy",""
"关闭","guān bì","to close / to shut",""
"天生","tiān shēng","nature / disposition",""
"恶魔","è mó","demon / fiend",""
"戒指","jiè zhi","(finger) ring",""
"板","bǎn","board / plank / plate",""
"姓","xìng","family name / surname / to be surnamed",""
"收集","shōu jí","to gather / to collect",""
"立即","lì jí","immediately",""
"快要","kuài yào","almost / nearly",""
"歌手","gē shǒu","singer",""
"镜头","jìng tóu","camera lens / camera shot (in a movie etc)",""
"夏天","xià tiān","summer",""
"洗手间","xǐ shǒu jiān","toilet / lavatory","Malaysia"
"类型","lèi xíng","type / category",""
"挤","jǐ","to crowd in / to cram in / to force others aside",""
"做梦","zuò mèng","to dream / to have a dream",""
"注定","zhù dìng","to foreordain / to be bound to",""
"火车","huǒ chē","train",""
"海滩","hǎi tān","beach",""
"信用卡","xìn yòng kǎ","credit card",""
"箱子","xiāng zi","suitcase / chest",""
"体","tǐ","body / form / style",""
"吵架","chǎo jià","to quarrel / to have a row",""
"生物","shēng wù","organism / living creature",""
"图","tú","diagram / picture / drawing",""
"致命","zhì mìng","fatal / mortal",""
"穿着","chuān zhuó","attire / clothes",""
"若","ruò","to seem / like / as",""
"判","pàn","to judge / to sentence / to discriminate",""
"职责","zhí zé","duty / responsibility",""
"有着","yǒu zhe","to have / to possess",""
"显得","xiǎn de","to seem / to look",""
"退后","tuì hòu","to step back / to move backward",""
"关门","guān mén","to close a door / to lock a door",""
"绝望","jué wàng","to despair / to give up all hope",""
"应得","yīng dé","to deserve",""
"铁","tiě","iron (metal) / arms / weapons",""
"抛","pāo","to throw / to toss / to fling",""
"建筑","jiàn zhù","to construct / building",""
"载","zài","to carry / to convey / to load",""
"心中","xīn zhōng","central point / in one's thoughts",""
"自动","zì dòng","automatic / voluntarily",""
"至于","zhì yú","as for / as to",""
"捡","jiǎn","to pick up / to collect / to gather",""
"强壮","qiáng zhuàng","strong / sturdy",""
"流血","liú xuè","to bleed / to shed blood",""
"趣","qù","interesting / to interest",""
"升","shēng","to ascend / to rise to the rank of / to promote",""
"想见","xiǎng jiàn","to infer / to gather",""
"客","kè","customer / visitor / guest",""
"相关","xiāng guān","related / relevant",""
"葬礼","zàng lǐ","burial / funeral",""
"同学","tóng xué","to study at the same school / fellow student",""
"暗示","àn shì","to hint / to suggest",""
"否认","fǒu rèn","to declare to be untrue / to deny",""
"背景","bèi jǐng","background / backdrop",""
"商量","shāng liang","to consult / to talk over",""
"财产","cái chǎn","property / assets",""
"当初","dāng chū","at that time / originally",""
"松","sōng","loose / to loosen / to relax",""
"灵","líng","quick / alert / efficacious",""
"时期","shí qī","period / phase",""
"旁","páng","one side / other / different",""
"睡着","shuì zháo","to fall asleep",""
"辛苦","xīn kǔ","hard / tiring / to work hard",""
"出事","chū shì","to have an accident / to meet with a mishap",""
"裙子","qún zi","skirt",""
"数据","shù jù","data / numbers",""
"男性","nán xìng","the male sex / a male",""
"发表","fā biǎo","to issue / to publish",""
"缺","quē","deficiency / lack / scarce",""
"装置","zhuāng zhì","to install / installation",""
"盒","hé","small box / case",""
"砍","kǎn","to chop / to cut down / to throw something at someone",""
"牢","láo","firm / sturdy / fold (for animals)",""
"全新","quán xīn","all new / completely new",""
"负","fù","to bear / to carry (on one's back) / to turn one's back on",""
"安慰","ān wèi","to comfort / to console",""
"整整","zhěng zhěng","whole / full",""
"魔鬼","mó guǐ","devil",""
"苦","kǔ","bitter / hardship / pain",""
"常常","cháng cháng","frequently / often",""
"看起来","kàn qǐ lai","seemingly / apparently",""
"队员","duì yuán","team member",""
"餐馆","cān guǎn","restaurant",""
"练","liàn","to practice / to train / to drill",""
"维持","wéi chí","to keep / to maintain",""
"贱人","jiàn rén","slut / cheap person",""
"色","sè","color / look / appearance",""
"震惊","zhèn jīng","to shock / to astonish",""
"领导","lǐng dǎo","lead / leading",""
"遭","zāo","to meet by chance (usually with misfortune) / measure word for events: time, turn, incident",""
"士兵","shì bīng","soldier",""
"公共","gōng gòng","public / common",""
"料","liào","material / stuff / grain",""
"敏感","mǐn gǎn","sensitive / susceptible",""
"全身","quán shēn","whole body / em (typography)",""
"教授","jiào shòu","professor / to instruct",""
"闪","shǎn","to dodge / to duck out of the way / to beat it",""
"塔","tǎ","pagoda / tower / minaret",""
"投资","tóu zī","investment / to invest",""
"恋","liàn","to feel attached to / to long for / to love",""
"大声","dà shēng","loud voice / in a loud voice",""
"忍","rěn","to bear / to endure / to tolerate",""
"批","pī","to ascertain / to act on / to criticize",""
"电子","diàn zǐ","electronic / electron (particle physics)",""
"告","gào","to say / to tell / to announce",""
"会见","huì jiàn","to meet with (someone who is paying a visit)",""
"详细","xiáng xì","detailed / in detail",""
"药物","yào wù","medicaments / pharmaceuticals",""
"剪","jiǎn","scissors / shears / clippers",""
"列","liè","to arrange / to line up / file",""
"违反","wéi fǎn","to violate (a law)",""
"情报","qíng bào","information / intelligence",""
"沙发","shā fā","sofa (loanword)",""
"追求","zhuī qiú","to pursue (a goal etc) stubbornly / to seek after",""
"星球","xīng qiú","celestial body (e.g. planet, satellite etc) / heavenly body",""
"文","wén","language / culture / writing",""
"骨头","gǔ tou","bone / moral character",""
"即","jí","namely / that is / i.e.",""
"右边","yòu bian","right side / right, to the right",""
"每周","měi zhōu","every week",""
"刚好","gāng hǎo","just / exactly",""
"匹","pǐ","measure word for horses, mules etc / ordinary person / measure word for cloth: bolt",""
"灾难","zāi nàn","disaster / catastrophe",""
"母","mǔ","mother / elderly female relative / origin",""
"交往","jiāo wǎng","to associate (with) / to have contact (with)",""
"即便","jí biàn","even if / even though",""
"北","běi","north / (classical) to be defeated",""
"严格","yán gé","strict / stringent",""
"食","shí","to eat / food / animal feed",""
"四处","sì chù","all over the place / everywhere and all directions",""
"不安","bù ān","unpeaceful / unstable",""
"密码","mì mǎ","secret code / ciphertext",""
"奇","qí","strange / odd / weird",""
"公众","gōng zhòng","public",""
"起床","qǐ chuáng","to get out of bed / to get up",""
"波","bō","wave / ripple / storm",""
"保重","bǎo zhòng","to take care of oneself",""
"没用","méi yòng","useless",""
"老鼠","lǎo shǔ","rat / mouse","Malaysia"
"制服","zhì fú","to subdue / to check",""
"形象","xíng xiàng","image / form",""
"美味","měi wèi","delicious / delicious food",""
"倒霉","dǎo méi","to have bad luck / to be out of luck",""
"沮丧","jǔ sàng","dispirited / dejected",""
"不会","bú huì","can't / won't / don't know how",""
"通话","tōng huà","to hold a conversation / to talk over the telephone",""
"经济","jīng jì","economy / economic",""
"亲眼","qīn yǎn","with one's own eyes / personally",""
"监控","jiān kòng","to monitor",""
"睁","zhēng","to open (one's eyes)",""
"主题","zhǔ tí","theme / subject",""
"手臂","shǒu bì","arm / helper","Malaysia"
"胳膊","gē bo","arm (Malaysia: 手臂 shǒu bì)","China"
"跟着","gēn zhe","to follow after / immediately afterwards",""
"平常","píng cháng","ordinary / common",""
"饼干","bǐng gān","biscuit / cracker",""
"老公","lǎo gong","eunuch",""
"走路","zǒu lù","to walk / to go on foot",""
"讽刺","fěng cì","to satirize / to mock",""
"纪念","jì niàn","to commemorate / to remember",""
"本身","běn shēn","itself / in itself",""
"走廊","zǒu láng","corridor / aisle",""
"拜拜","bài bai","to pay one's respects by bowing with hands in front of one's chest clasping joss sticks, or with palms pressed together",""
"可能性","kě néng xìng","possibility / probability",""
"顺","shùn","to obey / to follow / to arrange",""
"大不了","dà bù liǎo","at worst / if worst comes to worst",""
"谋杀案","móu shā àn","murder case",""
"着急","zháo jí","to worry / to feel anxious",""
"在意","zài yì","to care about / to mind",""
"游","yóu","to walk / to tour / to roam",""
"顾客","gù kè","client / customer",""
"剂","jì","dose (medicine)",""
"伸","shēn","to stretch / to extend",""
"残忍","cán rěn","cruel / mean",""
"其他人","qí tā rén","other people / everyone else",""
"黄","huáng","yellow / pornographic / to fall through",""
"暗","àn","dark / gloomy / hidden",""
"提议","tí yì","proposal / suggestion",""
"娱乐","yú lè","to entertain / to amuse",""
"迹象","jì xiàng","mark / indication",""
"完整","wán zhěng","complete / intact",""
"队长","duì zhǎng","captain / team leader",""
"兰","lán","orchid",""
"补偿","bǔ cháng","to compensate / to make up",""
"事物","shì wù","thing / object",""
"手下","shǒu xià","under one's control or administration / subordinates",""
"现","xiàn","to appear / present / now",""
"夫","fū","husband / man / manual worker",""
"警报","jǐng bào","(fire) alarm / alert signal",""
"哈哈","hā hā","laughing out loud",""
"丑","chǒu","clown / 2nd earthly branch: 1-3 a.m., 12th solar month (6th January to 3rd February), year of the Ox / ancient Chinese compass point: 30°",""
"仪式","yí shì","ceremony",""
"座位","zuò wèi","seat",""
"称呼","chēng hu","to call / to address as",""
"以下","yǐ xià","that level or lower / that amount or less",""
"艘","sōu","measure word for ships",""
"驾驶","jià shǐ","to pilot (ship, airplane etc) / to drive",""
"逃避","táo bì","to escape / to evade",""
"相反","xiāng fǎn","opposite / contrary",""
"唔","wú","oh (expression of agreement or surprise)",""
"地图","dì tú","map",""
"码","mǎ","weight / number / code",""
"滴","dī","a drop / to drip",""
"技巧","jì qiǎo","skill / technique",""
"恶","è","evil / fierce / vicious",""
"承担","chéng dān","to undertake / to assume (responsibility etc)",""
"舞台","wǔ tái","stage / arena",""
"同志","tóng zhì","comrade / (slang) homosexual",""
"舞会","wǔ huì","dance / ball",""
"杂种","zá zhǒng","hybrid / mixed breed",""
"网络","wǎng luò","network (computing, telecommunications, transport etc)",""
"评价","píng jià","to evaluate / to assess",""
"系列","xì liè","series / set",""
"偷偷","tōu tōu","stealthily / secretly",""
"合同","hé tong","(business) contract",""
"地下","dì xià","underground / subterranean",""
"遵守","zūn shǒu","to comply with / to abide by",""
"保守","bǎo shǒu","conservative / to guard",""
"厌倦","yàn juàn","to be weary of / to be fed up with",""
"露","lù","dew / syrup / nectar",""
"针","zhēn","needle / pin / injection",""
"散","sàn","to scatter / to break up (a meeting etc) / to disperse",""
"明早","míng zǎo","tomorrow morning / tomorrow",""
"圣诞节","shèng dàn jié","Christmas time / Christmas season",""
"对话","duì huà","dialogue",""
"异常","yì cháng","exceptional / abnormal",""
"失","shī","to lose / to miss / to fail",""
"蠢货","chǔn huò","blockhead / idiot",""
"日本","rì běn","Japan",""
"外套","wài tào","coat / jacket",""
"熬","áo","to cook on a slow fire / to extract by heating / to decoct",""
"发明","fā míng","to invent / an invention",""
"白色","bái sè","white / fig. reactionary",""
"指挥","zhǐ huī","to conduct / to command",""
"流行","liú xíng","(of a contagious disease etc) to spread / to propagate",""
"河","hé","river",""
"南","nán","south",""
"哟","yō","Oh! (interjection indicating slight surprise)",""
"阶段","jiē duàn","stage / section",""
"本地","běn dì","local / this locality",""
"具有","jù yǒu","to have / to possess",""
"实际","shí jì","reality / practice",""
"称为","chēng wéi","called / to call something (by a name)",""
"发挥","fā huī","to display / to exhibit",""
"作出","zuò chū","to put out / to come up with",""
"无数","wú shù","countless / numberless",""
"开除","kāi chú","to expel (a member of an organization) / to fire (an employee)",""
"车祸","chē huò","traffic accident / car crash",""
"提高","tí gāo","to raise / to increase",""
"偶尔","ǒu ěr","occasionally / once in a while",""
"乘","chéng","to ride / to mount / to make use of",""
"傻子","shǎ zi","idiot / fool",""
"一无所知","yì wú suǒ zhī","not knowing anything at all (idiom); completely ignorant / without an inkling",""
"实验","shí yàn","experiment / test",""
"冲动","chōng dòng","to have an urge / to be impetuous",""
"赶到","gǎn dào","to hurry (to some place)",""
"佬","lǎo","male / man (Cantonese)",""
"龙","lóng","dragon / imperial",""
"加州","jiā zhōu","California",""
"敬","jìng","to respect / to venerate / to salute",""
"蹲","dūn","to crouch / to squat / to stay (somewhere)",""
"恤衫","xù shān","shirt (Malaysian)","Malaysia"
"衬衫","chèn shān","shirt / blouse (Malaysia: 恤衫 xù shān)","China"
"肌肉","jī ròu","muscle / flesh",""
"经典","jīng diǎn","the classics / scriptures",""
"职","zhí","office / duty",""
"确切","què qiè","definite / exact",""
"好莱坞","hǎo lái wù","Hollywood",""
"抽烟","chōu yān","to smoke (a cigarette, tobacco)",""
"打破","dǎ pò","to break / to smash",""
"随着","suí zhe","along with / in the wake of",""
"吓人","xià rén","to scare / scary",""
"伦敦","lún dūn","London",""
"拍摄","pāi shè","to film / to shoot (a picture)",""
"感染","gǎn rǎn","infection / to infect",""
"浴室","yù shì","bathroom (room used for bathing)",""
"不论","bú lùn","whatever / no matter what (who, how etc)",""
"友好","yǒu hǎo","friendly / amicable",""
"欧洲","ōu zhōu","Europe",""
"坐牢","zuò láo","to be imprisoned",""
"罪名","zuì míng","criminal charge / accusation",""
"噩梦","è mèng","nightmare",""
"传奇","chuán qí","legendary / fantasy saga",""
"雷","léi","thunder / mine (weapon) / terrific",""
"公路","gōng lù","highway / road",""
"绿色","lǜ sè","green",""
"涂","tú","to apply (paint etc) / to smear / to daub",""
"能量","néng liàng","energy / capabilities",""
"启动","qǐ dòng","to start (a machine) / (fig.) to set in motion",""
"毁灭","huǐ miè","to perish / to ruin",""
"暴露","bào lù","to expose / to reveal",""
"股","gǔ","thigh / part of a whole / portion of a sum",""
"购物","gòu wù","shopping",""
"退休","tuì xiū","to retire / retirement (from work)",""
"骂","mà","to scold / to abuse / to curse",""
"拜访","bài fǎng","to pay a visit / to call on",""
"之下","zhī xià","under / beneath",""
"准确","zhǔn què","accurate / exact",""
"审判","shěn pàn","a trial / to try someone",""
"割","gē","to cut / to cut apart",""
"道德","dào dé","virtue / morality",""
"冰厨","bīng chú","refrigerator / fridge (Malaysian; = 冰箱)","Malaysia"
"冰箱","bīng xiāng","refrigerator / fridge (Malaysia: 冰厨 bīng chú)","China"
"严肃","yán sù","solemn / grave",""
"得知","dé zhī","to find out / to learn of",""
"哪怕","nǎ pà","even / even if",""
"爷爷","yé ye","father's father / paternal grandfather",""
"基","jī","base / foundation / basic",""
"停车场","tíng chē chǎng","parking lot / car park",""
"礼","lǐ","gift / rite / ceremony",""
"喷","pēn","to puff / to spout / to spray",""
"大厅","dà tīng","hall / lounge",""
"逗","dòu","to stay / to stop / to tease (play with)",""
"面临","miàn lín","to face something / to be confronted with",""
"摧毁","cuī huǐ","to destroy / to wreck",""
"为此","wèi cǐ","for this reason / with regards to this",""
"挣","zhēng","to struggle",""
"街区","jiē qū","block (between streets)",""
"及时","jí shí","in time / promptly",""
"尝","cháng","to taste / to try / to experience",""
"澡","zǎo","bath",""
"男生","nán shēng","schoolboy / male student",""
"金发","jīn fà","blond / blonde",""
"楼梯","lóu tī","stair / staircase",""
"本人","běn rén","the person himself / I (humble form used in speeches)",""
"懂得","dǒng de","to understand / to know",""
"宝宝","bǎo bǎo","darling / baby",""
"情感","qíng gǎn","feeling / emotion",""
"妙","miào","clever / wonderful",""
"魔","mó","devil / magic",""
"凌晨","líng chén","very early in the morning / in the wee hours",""
"遇","yù","to meet / to encounter / to treat",""
"心灵","xīn líng","bright / smart",""
"怀","huái","bosom / heart / mind",""
"富有","fù yǒu","rich / full of",""
"汤","tāng","soup",""
"相互","xiāng hù","each other / mutual",""
"交谈","jiāo tán","to discuss / to converse",""
"理智","lǐ zhì","reason / intellect",""
"名人","míng rén","personage / celebrity",""
"咱","zán","we / I (northern colloquial) (Malaysia: 我们 wǒ men)","China"
"胸部","xiōng bù","chest / bosom",""
"侮辱","wǔ rǔ","to insult / to humiliate",""
"闯进","chuǎng jìn","to burst in",""
"组合","zǔ hé","to assemble / to combine",""
"发型","fà xíng","hairstyle / coiffure",""
"粘","zhān","to glue / to paste / to adhere",""
"瞒","mán","to conceal from / to keep (someone) in the dark",""
"危机","wēi jī","crisis",""
"关上","guān shàng","to close (a door) / to turn off (light, electrical equipment etc)",""
"委员会","wěi yuán huì","committee",""
"辞职","cí zhí","to resign",""
"救护车","jiù hù chē","ambulance",""
"沉默","chén mò","taciturn / uncommunicative",""
"出门","chū mén","to go out / to leave home",""
"平时","píng shí","ordinarily / in normal times",""
"行事","xíng shì","to execute / to handle",""
"良好","liáng hǎo","good / favorable",""
"随意","suí yì","as one wishes / according to one's wishes",""
"光临","guāng lín","(formal) to honor with one's presence / to attend",""
"上课","shàng kè","to go to class / to attend class",""
"疾病","jí bìng","disease / sickness",""
"脾气","pí qi","character / temperament",""
"来着","lái zhe","auxiliary showing something happened in the past",""
"牙齿","yá chǐ","tooth / dental",""
"游泳","yóu yǒng","swimming / to swim",""
"主角","zhǔ jué","leading role / lead",""
"出卖","chū mài","to offer for sale / to sell",""
"嘴巴","zuǐ ba","mouth / slap in the face",""
"文章","wén zhāng","article / essay",""
"吉","jí","lucky / giga- (meaning billion or 10^9)",""
"吸毒","xī dú","to take drugs",""
"凶","xiōng","vicious / fierce / ominous",""
"患","huàn","to suffer (from illness) / to contract (a disease) / misfortune",""
"德士","dé shì","taxi (Malaysian; from English 'taxi')","Malaysia"
"出租车","chū zū chē","taxi (Malaysia: 德士 dé shì)","China"
"自私","zì sī","selfish / selfishness",""
"等于","děng yú","to equal / to be tantamount to",""
"快速","kuài sù","fast / high-speed",""
"鼓励","gǔ lì","to encourage",""
"进一步","jìn yí bù","one step further / to move forward a step",""
"肥","féi","fat / fertile / loose-fitting or large",""
"牛奶","niú nǎi","milk",""
"物品","wù pǐn","articles / goods",""
"夫妇","fū fù","a (married) couple / husband and wife",""
"障碍","zhàng ài","barrier / obstruction",""
"主动","zhǔ dòng","to take the initiative / to do something of one's own accord",""
"到此为止","dào cǐ wéi zhǐ","to stop at this point / to end here",""
"隔","gé","to separate / to partition / to stand or lie between",""
"赚钱","zhuàn qián","to earn money / moneymaking",""
"尽可能","jǐn kě néng","as far as possible / to do one's utmost",""
"完毕","wán bì","to finish / to end",""
"忠诚","zhōng chéng","devoted / loyal",""
"体内","tǐ nèi","within the body / in vivo (vs in vitro)",""
"谎","huǎng","lies / to lie",""
"角落","jiǎo luò","nook / corner",""
"电梯","diàn tī","elevator / escalator",""
"正义","zhèng yì","justice / righteousness",""
"喽","lou","(particle) that's it / now then (Malaysia: 啦 la)","China"
"乖乖","guāi guai","goodness gracious! / oh my lord!",""
"表面","biǎo miàn","surface / face",""
"材料","cái liào","material / data",""
"小说","xiǎo shuō","novel / fiction",""
"可靠","kě kào","reliable",""
"设","shè","to set up / to arrange / to establish",""
"远远","yuǎn yuǎn","distant / by far",""
"缠","chán","to wind around / to wrap round / to coil",""
"形容","xíng róng","to describe / description",""
"干脆","gān cuì","straightforward / clear-cut",""
"教练","jiào liàn","instructor / sports coach",""
"受害人","shòu hài rén","victim",""
"作家","zuò jiā","author",""
"进步","jìn bù","progress / improvement",""
"打扫","dǎ sǎo","to clean / to sweep",""
"拆","chāi","to tear open / to tear down / to tear apart",""
"乐趣","lè qù","delight / pleasure",""
"圣诞","shèng dàn","Christmas / birthday of reigning Emperor",""
"耶稣","yē sū","Jesus",""
"曲","qū","bent / crooked / wrong",""
"密","mì","secret / confidential / close",""
"章","zhāng","chapter / section / clause",""
"会面","huì miàn","to meet with / meeting",""
"晚点","wǎn diǎn","(of trains etc) late / delayed",""
"寻求","xún qiú","to seek / to look for",""
"情人","qíng rén","lover / sweetheart",""
"登记","dēng jì","to register (one's name)",""
"金属","jīn shǔ","metal",""
"配合","pèi hé","matching / fitting in with",""
"可悲","kě bēi","lamentable",""
"助理","zhù lǐ","assistant",""
"功夫","gōng fu","skill / art",""
"悲剧","bēi jù","tragedy",""
"下手","xià shǒu","to start / to put one's hand to",""
"咪","mī","sound for calling a cat",""
"初","chū","at first / (at the) beginning / first",""
"拔","bá","to pull up / to pull out / to draw out by suction",""
"隔壁","gé bì","next door / neighbor",""
"蒙","méng","to cover / ignorant / to suffer (misfortune)",""
"反抗","fǎn kàng","to resist / to rebel",""
"找回","zhǎo huí","to retrieve",""
"身材","shēn cái","stature / build (height and weight)",""
"托","tuō","prop / support (for weight) / rest (e.g. arm rest)",""
"频道","pín dào","frequency / (television) channel",""
"中午","zhōng wǔ","noon / midday",""
"公主","gōng zhǔ","princess",""
"社区","shè qū","community / neighborhood",""
"划","huà","to delimit / to transfer / to assign",""
"草","cǎo","grass / straw / manuscript",""
"气氛","qì fēn","atmosphere / mood",""
"所作所为","suǒ zuò suǒ wéi","one's conduct and deeds",""
"刮","guā","to blow (wind) / to scrape",""
"困扰","kùn rǎo","to perplex / to disturb",""
"用来","yòng lái","to be used for",""
"棒球","bàng qiú","baseball",""
"模仿","mó fǎng","to imitate / to copy",""
"神圣","shén shèng","divine / hallow",""
"决不","jué bù","not at all / simply (can) not",""
"肩膀","jiān bǎng","shoulder",""
"与众不同","yǔ zhòng bù tóng","to stand out from the masses (idiom)",""
"心脏病","xīn zàng bìng","heart disease",""
"量","liàng","capacity / quantity / amount",""
"只好","zhǐ hǎo","without any better option / to have to",""
"一时","yì shí","a period of time / a while",""
"传说","chuán shuō","legend / folklore",""
"劝","quàn","to advise / to urge / to try to persuade",""
"对面","duì miàn","(sitting) opposite / across (the street)",""
"慢慢来","màn màn lái","take your time / take it easy",""
"之所以","zhī suǒ yǐ","(after a noun N and before a predicate P) the reason why N P / Example: ""the reason why I dislike him (is ...)""",""
"注射","zhù shè","injection / to inject",""
"个性","gè xìng","individuality / personality",""
"网","wǎng","net / network",""
"经营","jīng yíng","to engage in (business etc) / to run",""
"漏","lòu","to leak / to divulge / to leave out by mistake",""
"小孩子","xiǎo hái zi","child",""
"哎","āi","hey! / (interjection used to attract attention or to express surprise or disapprobation)",""
"雪","xuě","snow",""
"国","guó","country / nation / state",""
"抓紧","zhuā jǐn","to grasp firmly / to pay special attention to",""
"弥补","mí bǔ","to complement / to make up for a deficiency",""
"熊","xióng","bear / to scold / to rebuke",""
"成绩","chéng jì","achievement / performance records",""
"主义","zhǔ yì","-ism / ideology",""
"荒唐","huāng táng","beyond belief / preposterous",""
"幅","fú","(measure word for paintings and pictures)",""
"煮","zhǔ","to cook / to boil",""
"镜","jìng","mirror / lens",""
"小镇","xiǎo zhèn","small town / village",""
"商","shāng","commerce / merchant / dealer",""
"标志","biāo zhì","sign / mark",""
"惊","jīng","to startle / to be frightened / to be scared",""
"收回","shōu huí","to regain / to retake",""
"惊人","jīng rén","astonishing",""
"依靠","yī kào","to rely on something (for support etc) / to depend on",""
"不如","bù rú","not equal to / not as good as",""
"迟早","chí zǎo","sooner or later",""
"检测","jiǎn cè","to detect / to test",""
"地下室","dì xià shì","basement / cellar",""
"逃脱","táo tuō","to run away / to escape",""
"欲","yù","desire / appetite / passion",""
"德国","dé guó","Germany / German",""
"维","wéi","to preserve / to maintain / to hold together",""
"部队","bù duì","army / armed forces",""
"夹","jiā","to press from either side / to place in between / to sandwich",""
"足","zú","foot / to be sufficient / ample",""
"总算","zǒng suàn","at long last / finally",""
"模特","mó tè","(fashion) model (loanword)",""
"站住","zhàn zhù","to stand",""
"中央","zhōng yāng","central / middle",""
"文化","wén huà","culture / civilization",""
"出席","chū xí","to attend / to participate",""
"限制","xiàn zhì","to restrict / to limit",""
"将军","jiāng jūn","general / high-ranking military officer",""
"拍照","pāi zhào","to take a picture",""
"音","yīn","sound / noise / note (of musical scale)",""
"顾问","gù wèn","adviser / consultant",""
"对抗","duì kàng","to withstand / to resist",""
"忘掉","wàng diào","to forget",""
"代替","dài tì","to replace / to take the place of",""
"无意","wú yì","inadvertent / accidental",""
"愿望","yuàn wàng","desire / wish",""
"掩护","yǎn hù","to screen / to shield",""
"搜","sōu","to search",""
"肮脏","āng zāng","dirty / filthy",""
"足以","zú yǐ","sufficient to... / so much so that",""
"假如","jiǎ rú","if",""
"妞","niū","girl",""
"废物","fèi wù","rubbish / waste material",""
"眼镜","yǎn jìng","spectacles / eyeglasses",""
"调整","tiáo zhěng","to adjust / adjustment",""
"提起","tí qǐ","to mention / to speak of",""
"警察局","jǐng chá jú","police station / police department",""
"薪水","xīn shuǐ","salary / wage",""
"智慧","zhì huì","wisdom / knowledge",""
"香槟","xiāng bīn","champagne (loanword)",""
"直觉","zhí jué","intuition",""
"地盘","dì pán","domain / territory under one's control",""
"司","sī","to take charge of / to manage / department (under a ministry)",""
"碗","wǎn","bowl / cup",""
"善良","shàn liáng","good and honest / kindhearted",""
"轻易","qīng yì","easily / lightly",""
"考试","kǎo shì","to take an exam / exam",""
"主管","zhǔ guǎn","in charge / responsible for",""
"小姑娘","xiǎo gū niang","little girl / young girl",""
"勒","lēi","to strap tightly / to bind",""
"袋子","dài zi","bag",""
"巧合","qiǎo hé","coincidence / coincidental",""
"踏","tà","to tread / to pedal (Malaysian: 踏脚车 = to ride a bicycle)","Malaysia"
"人士","rén shì","person / figure",""
"呼","hū","to call / to cry / to shout",""
"威士忌","wēi shì jì","whiskey (loanword)",""
"女子","nǚ zǐ","woman / female",""
"围","wéi","to encircle / to surround / all around",""
"罐","guàn","can / jar / pot",""
"度假","dù jià","to go on holidays / to spend one's vacation",""
"结论","jié lùn","conclusion / verdict",""
"讨","tǎo","to invite / to provoke / to demand or ask for",""
"辩护","biàn hù","to speak in defense of / to argue in favor of",""
"当心","dāng xīn","to take care / to look out",""
"小丑","xiǎo chǒu","clown",""
"机密","jī mì","secret / classified (information)",""
"胡子","hú zi","beard / mustache or whiskers",""
"商业","shāng yè","business / trade",""
"骗人","piàn rén","to cheat someone / a scam",""
"效劳","xiào láo","to serve (in some capacity) / to work for",""
"巴黎","bā lí","Paris",""
"服装","fú zhuāng","dress / clothing",""
"荣誉","róng yù","honor / credit",""
"且","qiě","and / moreover / yet",""
"策划","cè huà","to plot / to scheme",""
"原本","yuán běn","originally / original",""
"脆弱","cuì ruò","weak / frail",""
"处境","chǔ jìng","situation (of a person)",""
"赶上","gǎn shàng","to keep up with / to catch up with",""
"展现","zhǎn xiàn","to come out / to emerge",""
"温暖","wēn nuǎn","warm",""
"功课","gōng kè","homework / assignment","Malaysia"
"作业","zuò yè","school assignment / homework (Malaysia: 功课 gōng kè)","China"
"齐","qí","neat / even / level with",""
"不准","bù zhǔn","not to allow / to forbid",""
"艺术家","yì shù jiā","artist",""
"午夜","wǔ yè","midnight",""
"绅士","shēn shì","gentleman",""
"措施","cuò shī","measure / step",""
"真心","zhēn xīn","sincere / heartfelt",""
"纹","wén","line / trace / mark",""
"拨","bō","to push aside with the hand, foot, a stick etc / to dial / to allocate",""
"餐","cān","meal / to eat / measure word for meals",""
"温柔","wēn róu","gentle and soft / tender",""
"感动","gǎn dòng","to move (someone) / to touch (someone emotionally)",""
"明确","míng què","clear-cut / definite",""
"有意","yǒu yì","to intend / intentionally",""
"早点","zǎo diǎn","a bit earlier / breakfast",""
"善","shàn","good (virtuous) / benevolent / well-disposed",""
"土地","tǔ di","local god / genius loci",""
"影","yǐng","picture / image / film",""
"指导","zhǐ dǎo","to guide / to give directions",""
"膝盖","xī gài","knee",""
"事先","shì xiān","in advance / before the event",""
"内裤","nèi kù","underpants / panties",""
"位子","wèi zi","place / seat",""
"声明","shēng míng","to state / to declare",""
"成就","chéng jiù","accomplishment / success",""
"作证","zuò zhèng","to bear witness / to testify",""
"瘦","shòu","thin / to lose weight / (of clothing) tight",""
"制","zhì","system / to control / to regulate",""
"法院","fǎ yuàn","court of law / court",""
"演讲","yǎn jiǎng","lecture / to make a speech",""
"人群","rén qún","crowd",""
"性命","xìng mìng","life",""
"喉咙","hóu lóng","throat / larynx","Malaysia"
"人选","rén xuǎn","choice of person / candidate",""
"来源","lái yuán","source (of information etc) / origin",""
"宇宙","yǔ zhòu","universe / cosmos",""
"台上","tái shàng","on stage",""
"产品","chǎn pǐn","goods / merchandise",""
"戒","jiè","to guard against / to exhort / to admonish or warn",""
"无能为力","wú néng wéi lì","impotent (idiom) / powerless",""
"唉","āi","interjection or grunt of agreement or recognition (e.g. yes, it's me!) / to sigh",""
"圣经","shèng jīng","Holy Bible / the Confucian classics",""
"评论","píng lùn","to comment on / to discuss",""
"临时","lín shí","as the time draws near / at the last moment",""
"赶走","gǎn zǒu","to drive out / to turn back",""
"指示","zhǐ shì","to point out / to indicate",""
"好受","hǎo shòu","feeling better / to be more at ease",""
"友谊","yǒu yì","companionship / fellowship",""
"价格","jià gé","price",""
"争","zhēng","to strive for / to vie for / to argue or debate",""
"理想","lǐ xiǎng","an ideal / a dream",""
"典型","diǎn xíng","model / typical case",""
"癌症","ái zhèng","cancer",""
"注","zhù","to inject / to pour into / to concentrate",""
"骨","gǔ","bone",""
"高度","gāo dù","height / altitude",""
"利益","lì yì","benefit / (in someone's) interest",""
"不妙","bú miào","(of a turn of events) not too encouraging / far from good",""
"夸张","kuā zhāng","to exaggerate / overstated",""
"着呢","zhe ne","comes at the end of the sentence to indicate a strong degree / quite",""
"活力","huó lì","energy / vitality",""
"失控","shī kòng","to go out of control",""
"私下","sī xià","in private",""
"生涯","shēng yá","career / life (way in which someone lives)",""
"糊涂","hú tu","muddled / silly",""
"非得","fēi děi","(followed by a verb phrase, then – optionally – 不可, or 不行 etc) must",""
"桥","qiáo","bridge",""
"获胜","huò shèng","victorious / to win",""
"宗教","zōng jiào","religion",""
"屋顶","wū dǐng","roof",""
"刻","kè","quarter (hour) / moment / to carve",""
"缺乏","quē fá","to lack / to be short of",""
"拜五","bài wǔ","Friday (Malaysian; = 星期五)","Malaysia"
"周五","zhōu wǔ","Friday (Malaysia: 拜五 bài wǔ)","China"
"档","dàng","official records / grade (of goods) / file",""
"照看","zhào kàn","to look after / to attend to",""
"怪异","guài yì","monstrous / strange",""
"心跳","xīn tiào","heartbeat / pulse",""
"协助","xié zhù","to provide assistance / to aid",""
"孤单","gū dān","lone / lonely",""
"白天","bái tiān","daytime / during the day",""
"用不着","yòng bù zháo","not need / have no use for",""
"芝士","zhī shì","cheese (loanword)","Malaysia"
"奶酪","nǎi lào","cheese (Malaysia: 芝士 zhī shì)","China"
"体验","tǐ yàn","to experience for oneself",""
"读书","dú shū","to read a book / to study","Malaysia"
"粉丝","fěn sī","bean vermicelli / mung bean starch noodles",""
"工厂","gōng chǎng","factory",""
"野","yě","field / plain / open space",""
"食品","shí pǐn","foodstuff / food",""
"不赖","bú lài","not bad / good",""
"预约","yù yuē","booking / reservation",""
"明晚","míng wǎn","tomorrow evening",""
"道路","dào lù","road / path",""
"难受","nán shòu","to feel unwell / to suffer pain",""
"透露","tòu lù","to leak out / to divulge",""
"恕","shù","to forgive",""
"端","duān","end / extremity / item",""
"丢脸","diū liǎn","to lose face / humiliation",""
"答","dá","reply / answer / return",""
"狗屁","gǒu pì","bullshit / nonsense",""
"必","bì","certainly / must / will",""
"原则","yuán zé","principle / doctrine",""
"价钱","jià qian","price",""
"观看","guān kàn","to watch / to view",""
"有用","yǒu yòng","useful",""
"批准","pī zhǔn","to approve / to ratify",""
"丢掉","diū diào","to lose / to throw away","Malaysia"
"扔掉","rēng diào","to throw away / to throw out (Malaysia: 丢掉 diū diào)","China"
"检察官","jiǎn chá guān","public prosecutor / public procurator (judicial officer whose job may involve both criminal investigation and public prosecution)",""
"基地","jī dì","base (of operations) / industrial or military base",""
"全球","quán qiú","entire / total",""
"摄像机","shè xiàng jī","video camera",""
"天空","tiān kōng","sky",""
"职位","zhí wèi","post / office",""
"询问","xún wèn","to inquire",""
"精","jīng","essence / extract / vitality",""
"过度","guò dù","excessive / over-",""
"特工","tè gōng","secret service / special service",""
"诅咒","zǔ zhòu","to curse",""
"幕","mù","curtain or screen / canopy or tent / headquarters of a general",""
"金钱","jīn qián","money / currency",""
"怀念","huái niàn","to cherish the memory of / to think of",""
"握","wò","to hold / to grasp / to clench (one's fist)",""
"企图","qǐ tú","to attempt / to try",""
"声称","shēng chēng","to claim / to state",""
"残酷","cán kù","cruel / cruelty",""
"做法","zuò fǎ","way of handling something / method for making",""
"战士","zhàn shì","fighter / soldier",""
"率","lǜ","rate / frequency",""
"自愿","zì yuàn","voluntary",""
"明智","míng zhì","sensible / wise",""
"获","huò","to catch / to obtain / to capture",""
"上来","shàng lái","to come up / to approach",""
"慈善","cí shàn","benevolent / charitable",""
"界","jiè","boundary / scope / extent",""
"连续","lián xù","continuous / in a row",""
"免","miǎn","to excuse someone / to exempt / to remove or dismiss from office",""
"陪审团","péi shěn tuán","jury",""
"联盟","lián méng","alliance / union",""
"摇滚","yáo gǔn","rock 'n' roll (music) / to rock",""
"卑鄙","bēi bǐ","base / mean",""
"崇拜","chóng bài","to worship / adoration",""
"沾","zhān","to moisten / to be infected by / to receive benefit or advantage through a contact",""
"挣扎","zhēng zhá","to struggle",""
"场合","chǎng hé","situation / occasion",""
"一模一样","yì mú yí yàng","exactly the same (idiom) / carbon copy",""
"充分","chōng fèn","ample / sufficient",""
"非洲","fēi zhōu","Africa",""
"土","tǔ","earth / dust / clay",""
"资金","zī jīn","funds / funding",""
"平衡","píng héng","balance / equilibrium",""
"检","jiǎn","to check / to examine / to inspect",""
"经纪人","jīng jì rén","broker / middleman",""
"买卖","mǎi mài","buying and selling / business",""
"说了算","shuō le suàn","to have the final say / to be the one in charge",""
"身后","shēn hòu","posthumous / one's social background",""
"险","xiǎn","danger / dangerous / rugged",""
"从不","cóng bù","never",""
"歌曲","gē qǔ","song",""
"前往","qián wǎng","to leave for / to proceed towards",""
"奶","nǎi","breast / milk / to breastfeed",""
"拜六","bài liù","Saturday (Malaysian; = 星期六)","Malaysia"
"周六","zhōu liù","Saturday (Malaysia: 拜六 bài liù)","China"
"解开","jiě kāi","to untie / to undo",""
"费用","fèi yòng","cost / expenditure",""
"冲突","chōng tū","conflict / to conflict",""
"私","sī","personal / private / selfish",""
"装备","zhuāng bèi","equipment / to equip",""
"性格","xìng gé","nature / disposition",""
"国王","guó wáng","king",""
"诺","nuò","to consent / to promise",""
"宣传","xuān chuán","to disseminate / to give publicity to",""
"形","xíng","to appear / to look / form",""
"成交","chéng jiāo","to complete a contract / to reach a deal",""
"推荐","tuī jiàn","to recommend / recommendation",""
"困惑","kùn huò","bewildered / perplexed",""
"激烈","jī liè","(of competition or fighting) intense / fierce",""
"狼","láng","wolf",""
"空中","kōng zhōng","in the sky / in the air",""
"黄色","huáng sè","yellow (color) / pornographic",""
"见识","jiàn shi","to gain first-hand knowledge of something / to experience for oneself",""
"相似","xiāng sì","to resemble / similar",""
"舞蹈","wǔ dǎo","dance (performance art) / dancing",""
"保姆","bǎo mǔ","nanny / housekeeper",""
"采访","cǎi fǎng","to interview / to gather news",""
"校","xiào","school / military officer",""
"排除","pái chú","to eliminate / to remove",""
"签字","qiān zì","to sign (one's name) / signature",""
"出名","chū míng","well-known for something / to become well known",""
"印度","yìn dù","India",""
"网站","wǎng zhàn","website / network station",""
"大门","dà mén","entrance / door",""
"基础","jī chǔ","base / foundation",""
"力气","lì qi","strength",""
"大麻","dà má","hemp (Cannabis sativa) / cannabis",""
"公民","gōng mín","citizen",""
"坏蛋","huài dàn","bad egg / scoundrel",""
"祝福","zhù fú","blessings / to wish someone well",""
"开会","kāi huì","to hold a meeting / to attend a meeting",""
"准时","zhǔn shí","on time / punctual",""
"一阵子","yí zhèn zi","a while / a spell",""
"大道","dà dào","main street / avenue",""
"缝","fèng","seam / crack / narrow slit",""
"动力","dòng lì","motive power / force",""
"阴谋","yīn móu","plot / conspiracy",""
"保存","bǎo cún","to conserve / to preserve",""
"以上","yǐ shàng","that level or higher / that amount or more",""
"姿势","zī shì","posture / position",""
"钻","zuān","to drill / to bore / to get into",""
"夫妻","fū qī","husband and wife / married couple",""
"伪装","wěi zhuāng","to pretend to be (asleep etc) / to disguise oneself as",""
"难堪","nán kān","hard to take / embarrassed",""
"包围","bāo wéi","to surround / to encircle",""
"半夜","bàn yè","midnight / in the middle of the night",""
"苹果","píng guǒ","apple",""
"杀人犯","shā rén fàn","murderer / homicide",""
"给予","jǐ yǔ","to accord / to give",""
"遭遇","zāo yù","to meet with / to encounter",""
"摇","yáo","to shake / to rock / to row",""
"查看","chá kàn","to look over / to examine",""
"惹麻烦","rě má fan","to create difficulties / to invite trouble",""
"迅速","xùn sù","rapid / speedy",""
"学院","xué yuàn","college / educational institute",""
"巧","qiǎo","opportunely / coincidentally / as it happens",""
"可恶","kě wù","repulsive / vile",""
"等下","děng xià","in a moment / later","Malaysia"
"待会","dāi huì","in a moment / later (Malaysia: 等下 děng xià)","China"
"时尚","shí shàng","fashion / fad",""
"知识","zhī shi","knowledge / intellectual",""
"软","ruǎn","soft / flexible",""
"物质","wù zhì","matter / substance",""
"灵感","líng gǎn","inspiration / insight",""
"上午","shàng wǔ","morning",""
"除","chú","to get rid of / to remove / to exclude",""
"呼叫","hū jiào","to shout / to yell",""
"总部","zǒng bù","general headquarters",""
"科学家","kē xué jiā","scientist",""
"枚","méi","measure word for coins, rings, badges, pearls, sporting medals, rockets, satellites etc / tree trunk / whip",""
"易","yì","easy / amiable / to change",""
"接手","jiē shǒu","to take over (duties etc) / catcher (baseball etc)",""
"一向","yí xiàng","always (previously) / a period of time in the recent past",""
"复仇","fù chóu","to avenge / vengeance",""
"优势","yōu shì","superiority / dominance",""
"成年人","chéng nián rén","adult person",""
"提示","tí shì","to point out / to remind (someone of something)",""
"把握","bǎ wò","to grasp (also fig.) / to seize",""
"妹","mèi","younger sister",""
"零","líng","zero / nought / zero sign",""
"桩","zhuāng","stump / stake / pile",""
"狠","hěn","ruthless / fierce / ferocious",""
"碰巧","pèng qiǎo","by chance / by coincidence",""
"犯人","fàn rén","convict / prisoner",""
"绿","lǜ","green / (slang) (derived from ) to cheat on (one's spouse or boyfriend or girlfriend)",""
"异","yì","different / other / hetero-",""
"追查","zhuī chá","to try to find out / to trace",""
"尽情","jìn qíng","as much as one likes",""
"负担","fù dān","burden / to bear a burden",""
"妨碍","fáng ài","to hinder / to obstruct",""
"森林","sēn lín","forest",""
"胡说八道","hú shuō bā dào","to talk rubbish",""
"小事","xiǎo shì","trifle / trivial matter",""
"淘汰","táo tài","to wash out / elimination (by selection)",""
"拳","quán","fist / boxing",""
"剧","jù","theatrical work (play, opera, TV series etc) / dramatic (change, increase etc) / acute",""
"射击","shè jī","to shoot / to fire (a gun)",""
"课程","kè chéng","course / academic program",""
"扎","zhā","to prick / to run or stick (a needle etc) into / jug (a measure word for liquids such as beer)",""
"胃","wèi","stomach",""
"欲望","yù wàng","desire / longing",""
"烦恼","fán nǎo","to be worried / to be distressed",""
"直升机","zhí shēng jī","helicopter",""
"症状","zhèng zhuàng","symptom (of an illness)",""
"舌头","shé tou","tongue / enemy soldier captured for the purpose of extracting information",""
"联合","lián hé","to combine / to join",""
"爆发","bào fā","to break out / to erupt",""
"场景","chǎng jǐng","scene / scenario",""
"违法","wéi fǎ","illegal / to break the law",""
"害羞","hài xiū","shy / embarrassed",""
"医学","yī xué","medicine / medical science",""
"运动员","yùn dòng yuán","athlete",""
"上司","shàng si","boss / superior",""
"迷路","mí lù","to lose the way / lost",""
"工资","gōng zī","wages / pay",""
"隐私","yǐn sī","secrets / private business",""
"取决于","qǔ jué yú","to hinge on / to be decided by",""
"间谍","jiàn dié","spy",""
"古老","gǔ lǎo","ancient / old",""
"骚扰","sāo rǎo","to disturb / to cause a commotion",""
"许可","xǔ kě","to allow / to permit",""
"上车","shàng chē","to get on or into (a bus, train, car etc)",""
"忽略","hū lüè","to neglect / to overlook",""
"一阵","yí zhèn","a burst / a fit",""
"西班牙","xī bān yá","Spain",""
"播","bō","to sow / to scatter / to spread",""
"罪行","zuì xíng","crime / offense",""
"试验","shì yàn","experiment / test",""
"公正","gōng zhèng","just / fair",""
"得了","dé le","all right! / that's enough!",""
"一共","yí gòng","altogether",""
"飞行","fēi xíng","(of planes etc) to fly / flying",""
"嫌犯","xián fàn","criminal suspect",""
"护","hù","to protect",""
"牧师","mù shī","chaplain / churchman",""
"海岸","hǎi àn","coastal / seacoast",""
"亲爱的","qīn ài de","dear / darling",""
"老人","lǎo rén","old man or woman / the elderly",""
"雇佣","gù yōng","to employ / to hire",""
"收入","shōu rù","to take in / income",""
"掩盖","yǎn gài","to conceal / to hide behind",""
"形式","xíng shì","outer appearance / form",""
"宠物","chǒng wù","house pet",""
"积极","jī jí","active / energetic",""
"前途","qián tú","prospects / future outlook",""
"视","shì","to look at / to regard / to inspect",""
"功能","gōng néng","function / capability",""
"保住","bǎo zhù","to preserve / to save",""
"哪些","nǎ xiē","which ones? / who?",""
"本事","běn shi","ability / skill",""
"鸡蛋","jī dàn","(chicken) egg / hen's egg",""
"碎片","suì piàn","chip / fragment",""
"撕","sī","to tear",""
"豪华","háo huá","luxurious",""
"库","kù","warehouse / storehouse / (file) library",""
"斗","dòu","to fight / to struggle / to condemn",""
"花园","huā yuán","garden",""
"衣","yī","clothes / Kangxi radical 145",""
"罪恶","zuì è","crime / evil",""
"义务","yì wù","duty / obligation",""
"抢走","qiǎng zǒu","to snatch (esp related to a robbery)",""
"热爱","rè ài","to love ardently / to adore",""
"过于","guò yú","too much / excessively",""
"丰富","fēng fù","to enrich / rich",""
"娃娃","wá wa","baby / small child",""
"求婚","qiú hūn","to propose marriage",""
"纪录","jì lù","to record / record (written account)",""
"散步","sàn bù","to take a walk / to go for a walk",""
"进攻","jìn gōng","to attack / to assault",""
"古","gǔ","ancient / old / paleo-",""
"明年","míng nián","next year",""
"销售","xiāo shòu","to sell / to market",""
"麦","mài","wheat / barley / oats",""
"农场","nóng chǎng","farm",""
"家长","jiā zhǎng","head of a household / family head",""
"支援","zhī yuán","to provide assistance / to support",""
"清白","qīng bái","pure / innocent",""
"陷阱","xiàn jǐng","pitfall / snare",""
"猛","měng","ferocious / fierce / violent",""
"支付","zhī fù","to pay (money)",""
"深呼吸","shēn hū xī","to take a deep breath",""
"闯","chuǎng","to rush / to charge / to dash",""
"矛盾","máo dùn","contradiction / conflicting views",""
"双手","shuāng shǒu","both hands",""
"悲惨","bēi cǎn","miserable / tragic",""
"镜子","jìng zi","mirror",""
"虫","chóng","lower form of animal life, including insects, insect larvae, worms and similar creatures / (fig.) person with a particular undesirable characteristic",""
"世","shì","life / age / generation",""
"色情","sè qíng","pornography / sex",""
"虐待","nüè dài","to mistreat / to maltreat",""
"电视台","diàn shì tái","television station",""
"旅","lǚ","trip / travel / to travel",""
"幽默","yōu mò","(loanword) humor / humorous",""
"日期","rì qī","date",""
"无比","wú bǐ","incomparable / matchless",""
"成立","chéng lì","to establish / to set up",""
"魔法","mó fǎ","enchantment / magic",""
"海军","hǎi jūn","navy",""
"手套","shǒu tào","glove / mitten",""
"假期","jià qī","vacation",""
"相爱","xiāng ài","to love each other",""
"打交道","dǎ jiāo dào","to come into contact with / to have dealings",""
"喜剧","xǐ jù","comedy",""
"昏迷","hūn mí","to lose consciousness / to be in a coma",""
"发动","fā dòng","to start / to launch",""
"堂","táng","(main) hall / large room for a specific purpose / relationship between cousins etc on the paternal side of a family",""
"寻","xún","to search / to look for / to seek",""
"过夜","guò yè","to spend the night / overnight",""
"最初","zuì chū","first / primary",""
"就算","jiù suàn","granted that / even if",""
"广播","guǎng bō","broadcast / broadcasting",""
"封锁","fēng suǒ","to blockade / to seal off",""
"教会","jiào huì","Christian church",""
"男子","nán zǐ","a man / a male",""
"煮饭","zhǔ fàn","to cook","Malaysia"
"做饭","zuò fàn","to prepare a meal / to cook (Malaysia: 煮饭 zhǔ fàn)","China"
"情形","qíng xing","circumstances / situation",""
"赶来","gǎn lái","to rush over",""
"吞","tūn","to swallow / to take",""
"混合","hùn hé","to mix / to blend",""
"画面","huà miàn","scene / tableau",""
"伴","bàn","partner / companion / comrade",""
"猴子","hóu zi","monkey",""
"烫","tàng","to scald / to burn (by scalding) / to blanch (cooking)",""
"诱惑","yòu huò","to entice / to lure",""
"遭到","zāo dào","to suffer / to meet with (something unfortunate)",""
"路过","lù guò","to pass by or through",""
"木","mù","tree / wood / coffin",""
"争吵","zhēng chǎo","to quarrel / dispute",""
"终","zhōng","end / finish",""
"诗","shī","poem / poetry / verse",""
"接吻","jiē wěn","to kiss",""
"染","rǎn","to dye / to catch (a disease) / to acquire (bad habits etc)",""
"稳","wěn","settled / steady / stable",""
"窗","chuāng","shutter / window",""
"据说","jù shuō","it is said that / reportedly",""
"减少","jiǎn shǎo","to lessen / to decrease",""
"目击","mù jī","to see with one's own eyes / to witness",""
"汗","hàn","perspiration / sweat / to be speechless (out of helplessness, embarrassment etc) (Internet slang used as an interjection)",""
"体会","tǐ huì","to know from experience / to learn through experience",""
"情节","qíng jié","plot / circumstances",""
"策略","cè lüè","strategy / tactics",""
"斗争","dòu zhēng","a struggle / fight",""
"降","jiàng","to drop / to fall / to come down",""
"挑选","tiāo xuǎn","to choose / to select",""
"抹","mǒ","to smear / to wipe / to erase",""
"举动","jǔ dòng","act / action",""
"直播","zhí bō","(TV, radio) to broadcast live / live broadcast",""
"考","kǎo","to check / to verify / to test",""
"入侵","rù qīn","to invade",""
"稍后","shāo hòu","in a little while / in a moment",""
"继承","jì chéng","to inherit / to succeed to (the throne etc)",""
"酒精","jiǔ jīng","alcohol / ethanol CH3CH2OH",""
"倾向","qīng xiàng","trend / tendency",""
"寻常","xún cháng","usual / common",""
"始终","shǐ zhōng","from beginning to end / all along",""
"涉及","shè jí","to involve / to touch upon (a topic)",""
"出局","chū jú","to send off (player for a foul) / to knock out (i.e. to beat in a knock-out tournament)",""
"绳子","shéng zi","cord / string",""
"沙","shā","granule / hoarse / raspy",""
"样本","yàng běn","sample / specimen",""
"汁","zhī","juice",""
"切断","qiē duàn","to cut off / to sever",""
"如今","rú jīn","nowadays / now",""
"开头","kāi tóu","beginning / to start",""
"转身","zhuǎn shēn","(of a person) to turn round / to face about",""
"额外","é wài","extra / added",""
"各自","gè zì","each / respective",""
"多亏","duō kuī","thanks to / luckily",""
"卫星","wèi xīng","satellite / moon",""
"纳","nà","to receive / to accept / to enjoy",""
"路线","lù xiàn","itinerary / route",""
"闯入","chuǎng rù","to intrude / to charge in",""
"可疑","kě yí","suspicious / dubious",""
"拼命","pīn mìng","to do one's utmost / with all one's might",""
"没门","méi mén","no way!",""
"亲手","qīn shǒu","personally / with one's own hands",""
"难怪","nán guài","(it's) no wonder (that...) / (it's) not surprising (that)",""
"图书馆","tú shū guǎn","library",""
"幻觉","huàn jué","illusion / hallucination",""
"击中","jī zhòng","to hit (a target etc) / to strike",""
"吼","hǒu","to roar / to howl / to shriek",""
"父","fù","father",""
"嫌疑犯","xián yí fàn","a suspect",""
"捅","tǒng","to stab / to poke / to prod",""
"扶","fú","to support with the hand / to help someone up / to support oneself by holding onto something",""
"深处","shēn chù","abyss / depths",""
"桌","zhuō","table / desk / measure word for tables of guests at a banquet etc",""
"化妆","huà zhuāng","to put on makeup",""
"新娘","xīn niáng","bride",""
"侧","cè","the side / to incline towards / to lean",""
"康复","kāng fù","to recuperate / to recover (health)",""
"地面","dì miàn","floor / ground",""
"回顾","huí gù","to look back / to review",""
"诡异","guǐ yì","strange / weird",""
"圆","yuán","circle / round / circular",""
"化学","huà xué","chemistry / chemical",""
"专心","zhuān xīn","to concentrate / absorption",""
"被迫","bèi pò","to be compelled / to be forced",""
"证词","zhèng cí","testimony",""
"郡","jùn","canton / county / region",""
"工人","gōng rén","worker",""
"汇报","huì bào","to report / to give an account of",""
"人口","rén kǒu","population / people",""
"浑身","hún shēn","all over / from head to foot",""
"奥","ào","obscure / mysterious",""
"奖励","jiǎng lì","to reward / reward (as encouragement)",""
"种族","zhǒng zú","race / ethnicity",""
"瞄准","miáo zhǔn","to take aim at / to target",""
"搬家","bān jiā","to move house / removal",""
"街头","jiē tóu","street",""
"同伴","tóng bàn","companion / comrade",""
"容","róng","to hold / to contain / to allow",""
"举办","jǔ bàn","to conduct / to hold",""
"脱离","tuō lí","to separate oneself from / to break away from",""
"石","shí","rock / stone / stone inscription",""
"字母","zì mǔ","letter (of the alphabet)",""
"老头","lǎo tóu","old fellow / old man",""
"协会","xié huì","an association / a society",""
"英寸","yīng cùn","inch (unit of length equal to 2.54 cm.)",""
"除掉","chú diào","to eliminate",""
"基于","jī yú","because of / on the basis of",""
"面试","miàn shì","to be interviewed (as a candidate) / interview",""
"消灭","xiāo miè","to put an end to / to annihilate",""
"灰","huī","ash / dust / lime",""
"素","sù","raw silk / white / plain, unadorned",""
"科技","kē jì","science and technology",""
"裤","kù","underpants / trousers / pants",""
"关联","guān lián","related / linked",""
"堵","dǔ","to block up (a road, pipe etc) / to stop up (a hole) / (fig.) (of a person) choked up with anxiety or stress",""
"至今","zhì jīn","so far / to this day",""
"款","kuǎn","section / paragraph / funds",""
"名义","míng yì","name / titular",""
"结合","jié hé","to combine / to link",""
"边缘","biān yuán","edge / fringe",""
"差劲","chà jìn","bad / no good",""
"外表","wài biǎo","external / outside",""
"独特","dú tè","unique / distinct",""
"什","shén","what",""
"体育","tǐ yù","sports / physical education",""
"计","jì","to calculate / to compute / to count",""
"灯光","dēng guāng","(stage) lighting / light",""
"质疑","zhì yí","to call into question / to question (truth or validity)",""
"地位","dì wèi","position / status",""
"订婚","dìng hūn","to get engaged",""
"方案","fāng àn","plan / program (for action etc)",""
"早饭","zǎo fàn","breakfast (Malaysia: 早餐 zǎo cān)","China"
"滋味","zī wèi","taste / flavor",""
"基本上","jī běn shang","basically / on the whole",""
"水果","shuǐ guǒ","fruit",""
"现代","xiàn dài","modern times / modern age",""
"甜蜜","tián mì","sweet / happy",""
"此刻","cǐ kè","this moment / now",""
"插手","chā shǒu","to get involved in / to meddle",""
"两者","liǎng zhě","both sides",""
"阿姨","ā yí","maternal aunt / step-mother",""
"汉堡","hàn bǎo","hamburger (loanword)",""
"咨询","zī xún","to consult / to seek advice",""
"集合","jí hé","to gather / to assemble",""
"下降","xià jiàng","to decline / to drop",""
"亲人","qīn rén","one's close relatives",""
"防止","fáng zhǐ","to prevent / to guard against",""
"手枪","shǒu qiāng","pistol",""
"点子","diǎn zi","spot / point",""
"杯子","bēi zi","cup / glass",""
"思","sī","to think / to consider",""
"头部","tóu bù","head",""
"笑容","xiào róng","smile / smiling expression",""
"市长","shì zhǎng","mayor",""
"唱片","chàng piàn","gramophone record / LP",""
"喜","xǐ","to be fond of / to like / to enjoy",""
"过敏","guò mǐn","oversensitive / allergic",""
"主持","zhǔ chí","to take charge of / to manage or direct",""
"抚养","fǔ yǎng","to foster / to bring up",""
"决","jué","to decide / to determine / to execute (someone)",""
"搬走","bān zǒu","to carry",""
"慷慨","kāng kǎi","vehement / fervent",""
"来临","lái lín","to approach / to come closer",""
"士","shì","member of the senior ministerial class (old) / scholar (old) / bachelor",""
"穿越","chuān yuè","to pass through / to traverse",""
"幕后","mù hòu","behind the scenes",""
"挽救","wǎn jiù","to save / to remedy",""
"昏","hūn","muddle-headed / twilight / to faint",""
"数学","shù xué","mathematics / mathematical",""
"连接","lián jiē","to link / to join",""
"如同","rú tóng","like / as",""
"致","zhì","to send / to devote / to deliver",""
"女王","nǚ wáng","queen",""
"女郎","nǚ láng","young woman / maiden",""
"刷","shuā","to brush / to paint / to daub",""
"灭","miè","to extinguish or put out / to go out (of a fire etc) / to exterminate or wipe out",""
"立","lì","to stand / to set up / to establish",""
"牵","qiān","to lead along / to pull (an animal on a tether) / to draw in",""
"容忍","róng rěn","to put up with / to tolerate",""
"无关紧要","wú guān jǐn yào","indifferent / insignificant",""
"对了","duì le","right! / oh, by the way",""
"瑞","ruì","lucky / auspicious / propitious",""
"性爱","xìng ài","sex / lovemaking",""
"大伙","dà huǒ","everybody / everyone (Malaysia: 大家 dà jiā)","China"
"沿着","yán zhe","to go along / to follow",""
"狠狠","hěn hěn","resolutely / firmly",""
"运作","yùn zuò","to operate / operations",""
"湖","hú","lake",""
"摄像头","shè xiàng tóu","webcam / surveillance camera",""
"按摩","àn mó","massage / to massage",""
"地毯","dì tǎn","carpet / rug",""
"侵犯","qīn fàn","to infringe on / to encroach on",""
"晃","huǎng","to dazzle / to flash past",""
"嘴唇","zuǐ chún","lip",""
"居民","jū mín","resident / inhabitant",""
"平安","píng ān","safe and sound / well",""
"摘","zhāi","to take / to borrow / to pick (flowers, fruit etc)",""
"不惜","bù xī","not stint / not spare",""
"偶像","ǒu xiàng","idol",""
"前妻","qián qī","ex-wife / late wife",""
"肺","fèi","lung",""
"弃","qì","to abandon / to relinquish / to discard",""
"价","jià","price / value",""
"资源","zī yuán","natural resource (such as water or minerals) / resource (such as manpower or tourism)",""
"全面","quán miàn","all-around / comprehensive",""
"林","lín","woods / forest / circle(s) (i.e. specific group of people)",""
"钉","dīng","nail / to follow closely / to keep at someone (to do something)",""
"通道","tōng dào","(communications) channel / thoroughfare",""
"触","chù","to touch / to make contact with something / to stir up someone's emotions",""
"建造","jiàn zào","to construct / to build",""
"振作","zhèn zuò","to bestir oneself / to pull oneself together",""
"姓名","xìng míng","full name",""
"内疚","nèi jiù","guilty conscience / to feel a twinge of guilt",""
"固定","gù dìng","to fix / to fasten",""
"称之为","chēng zhī wéi","to call it... / known as...",""
"深入","shēn rù","to penetrate deeply / thorough",""
"校长","xiào zhǎng","(college, university) president / headmaster",""
"脚踏车","jiǎo tà chē","bicycle / bike","Malaysia"
"自行车","zì xíng chē","bicycle / bike (Malaysia: 脚踏车 jiǎo tà chē)","China"
"室友","shì yǒu","roommate",""
"立场","lì chǎng","position / standpoint",""
"突破","tū pò","to break through / to make a breakthrough",""
"喘","chuǎn","to gasp / to pant / asthma",""
"莫","mò","do not / there is none who",""
"血迹","xuè jì","bloodstain",""
"术","shù","method / technique",""
"玉米","yù mǐ","corn / maize",""
"审讯","shěn xùn","inquest / trial",""
"考验","kǎo yàn","to test / to put to the test",""
"罚","fá","to punish / to penalize",""
"现象","xiàn xiàng","phenomenon / appearance",""
"干扰","gān rǎo","to disturb / to interfere",""
"羞辱","xiū rǔ","to humiliate / to shame",""
"迷失","mí shī","to lose (one's bearings) / to get lost",""
"了结","liǎo jié","to settle / to finish",""
"毫不","háo bù","hardly / not in the least",""
"上门","shàng mén","to drop in / to visit",""
"有利","yǒu lì","advantageous / to have advantages",""
"贼","zéi","thief / traitor / wily",""
"桶","tǒng","bucket / (trash) can / barrel (of oil etc)",""
"喜爱","xǐ ài","to like / to love",""
"告别","gào bié","to leave / to bid farewell to",""
"使得","shǐ de","usable / workable",""
"皆","jiē","all / each and every / in all cases",""
"回应","huí yìng","to respond / response",""
"将要","jiāng yào","will / shall",""
"牛仔","niú zǎi","cowboy",""
"宰","zǎi","to slaughter livestock / to govern or rule / to cheat customers",""
"皇后","huáng hòu","empress / imperial consort",""
"旅程","lǚ chéng","journey / trip",""
"目击者","mù jī zhě","eyewitness",""
"内衣","nèi yī","undergarment / underwear",""
"有史以来","yǒu shǐ yǐ lái","since the beginning of history",""
"发射","fā shè","to shoot (a projectile) / to fire (a rocket)",""
"蛇","shé","snake / serpent",""
"标记","biāo jì","sign / mark",""
"码头","mǎ tóu","dock / pier",""
"武装","wǔ zhuāng","arms / equipment",""
"入口","rù kǒu","entrance / to import",""
"赞成","zàn chéng","to approve / to endorse",""
"设法","shè fǎ","to try / to make an attempt",""
"引发","yǐn fā","to lead to / to trigger",""
"陌生","mò shēng","strange / unfamiliar",""
"尺","chǐ","a Chinese foot / one-third of a meter / a ruler",""
"棵","kē","(measure word for trees and plants)",""
"户","hù","a household / door / family",""
"酸","suān","sour / sore (muscles)",""
"犹太人","yóu tài rén","Jew",""
"广场","guǎng chǎng","public square / plaza",""
"胡","hú","non-Han people, esp. from central Asia / reckless / outrageous",""
"贡献","gòng xiàn","to contribute / to dedicate",""
"爱好","ài hào","to like / to take pleasure in",""
"回复","huí fù","to reply / to recover",""
"问好","wèn hǎo","to say hello to / to send one's regards to",""
"收获","shōu huò","to harvest / to reap",""
"从此","cóng cǐ","from now on / since then",""
"忍不住","rěn bú zhù","cannot help / unable to bear",""
"好听","hǎo tīng","pleasant to hear",""
"兵","bīng","soldiers / a force / an army",""
"视频","shì pín","video",""
"乡村","xiāng cūn","rustic / village",""
"裸体","luǒ tǐ","naked",""
"解除","jiě chú","to remove / to sack",""
"团结","tuán jié","to unite / unity",""
"社交","shè jiāo","interaction / social contact",""
"亲戚","qīn qi","a relative (i.e. family relation)",""
"偏","piān","to lean / to slant / oblique",""
"良心","liáng xīn","conscience",""
"人才","rén cái","talent / talented person",""
"加拿大","jiā ná dà","Canada / Canadian",""
"扁","biǎn","flat / to beat (someone) up",""
"破产","pò chǎn","to go bankrupt / to become impoverished",""
"播放","bō fàng","to broadcast / to transmit",""
"向前","xiàng qián","forward / onward",""
"场面","chǎng miàn","scene / spectacle",""
"带子","dài zi","belt / band",""
"舔","tiǎn","to lick / to lap",""
"胡扯","hú chě","to chatter / nonsense",""
"转变","zhuǎn biàn","to change / to transform",""
"住处","zhù chù","residence / dwelling",""
"纯粹","chún cuì","pure / unadulterated",""
"芝加哥","zhī jiā gē","Chicago, USA",""
"上场","shàng chǎng","on stage / to go on stage",""
"投降","tóu xiáng","to surrender / surrender",""
"眼泪","yǎn lèi","tears / crying",""
"街道","jiē dào","street / subdistrict",""
"妇女","fù nǚ","woman",""
"授权","shòu quán","to authorize",""
"发作","fā zuò","to flare up / to break out",""
"爱人","ài ren","spouse (PRC) / lover (non-PRC)",""
"吊","diào","to suspend / to hang up / to hang a person",""
"指责","zhǐ zé","to criticize / to find fault with",""
"逃离","táo lí","to run out / to escape",""
"王八","wáng bā","tortoise / cuckold",""
"组成","zǔ chéng","to form / to make up",""
"名声","míng shēng","reputation",""
"乐观","lè guān","optimistic / hopeful",""
"谨慎","jǐn shèn","cautious / prudent",""
"深深","shēn shēn","deep / profound",""
"谈判","tán pàn","to negotiate / negotiation",""
"军事","jūn shì","military affairs / military matters",""
"实力","shí lì","strength",""
"弱","ruò","weak / feeble / young",""
"屏幕","píng mù","screen (TV, computer or movie)",""
"预感","yù gǎn","to have a premonition / premonition",""
"失败者","shī bài zhě","loser",""
"西装","xī zhuāng","suit / Western-style clothes","Malaysia"
"修理","xiū lǐ","to repair / to fix",""
"老天爷","lǎo tiān yé","God / Heavens",""
"老是","lǎo shi","always",""
"以防万一","yǐ fáng wàn yī","to guard against the unexpected (idiom); just in case / prepared for any eventualities",""
"捐","juān","to contribute / to donate / contribution",""
"裸","luǒ","naked",""
"指甲","zhǐ jia","fingernail",""
"酱","jiàng","like this / so (Malaysian; = 这样 / 这么)","Malaysia"
"车库","chē kù","garage",""
"家乡","jiā xiāng","hometown / native place",""
"舌","shé","tongue",""
"亲近","qīn jìn","intimate / to get close to",""
"着迷","zháo mí","to be fascinated / to be captivated",""
"犹豫","yóu yù","to hesitate",""
"南方","nán fāng","south / the southern part of the country",""
"柜","guì","cupboard / cabinet / wardrobe",""
"装饰","zhuāng shì","to decorate / decoration",""
"补","bǔ","to repair / to patch / to mend",""
"极度","jí dù","extremely",""
"相比","xiāng bǐ","to compare",""
"航班","háng bān","scheduled flight / flight number",""
"台词","tái cí","an actor's lines / dialogue",""
"晚会","wǎn huì","evening party",""
"着火","zháo huǒ","to ignite / to burn",""
"天真","tiān zhēn","naive / innocent",""
"反而","fǎn ér","instead / on the contrary",""
"评估","píng gū","to evaluate / to assess",""
"盘子","pán zi","tray / plate",""
"生产","shēng chǎn","to produce / to manufacture",""
"遭受","zāo shòu","to suffer / to sustain (loss, misfortune)",""
"上升","shàng shēng","to rise / to go up",""
"艾","ài","moxa / mugwort (艾灸 = moxibustion)",""
"主席","zhǔ xí","chairperson / premier",""
"流氓","liú máng","rogue / hoodlum",""
"陷害","xiàn hài","to entrap / to set up",""
"奶油","nǎi yóu","cream / butter",""
"沟通","gōu tōng","to join / to connect",""
"旅游","lǚ yóu","trip / journey",""
"尽头","jìn tóu","end / extremity",""
"橄榄球","gǎn lǎn qiú","football played with oval-shaped ball (rugby, American football, Australian rules etc)",""
"封面","fēng miàn","cover (of a publication)",""
"枪击","qiāng jī","to shoot with a gun / shooting incident",""
"基金","jī jīn","fund",""
"成人","chéng rén","adult",""
"克服","kè fú","(try to) overcome (hardships etc) / to conquer",""
"脑海","nǎo hǎi","the mind / the brain",""
"兔子","tù zi","hare / rabbit",""
"沙漠","shā mò","desert",""
"大师","dà shī","great master / master",""
"怪人","guài rén","strange person / eccentric",""
"加速","jiā sù","to speed up / to expedite",""
"毙","bì","to die / to shoot dead / to reject",""
"布置","bù zhì","to put in order / to arrange",""
"局面","jú miàn","aspect / phase",""
"奇妙","qí miào","fantastic / wonderful",""
"指出","zhǐ chū","to indicate / to point out",""
"不足","bù zú","insufficient / lacking",""
"仓库","cāng kù","depot / storehouse",""
"腰","yāo","waist / lower back / pocket",""
"大众","dà zhòng","the masses / the great bulk of the population",""
"敲门","qiāo mén","to knock on a door",""
"饱","bǎo","full (after eating)",""
"掩饰","yǎn shì","to cover up / to conceal",""
"看出","kàn chū","to make out / to see",""
"足球","zú qiú","soccer ball / a football",""
"小偷","xiǎo tōu","thief",""
"佳","jiā","beautiful / fine / good",""
"猜测","cāi cè","to guess / to conjecture",""
"漫长","màn cháng","very long / endless",""
"烦人","fán rén","to annoy / annoying",""
"处在","chǔ zài","to be situated at / to find oneself at",""
"确","què","authenticated / solid / firm",""
"西班牙语","xī bān yá yǔ","Spanish language",""
"全家","quán jiā","whole family",""
"争论","zhēng lùn","to argue / to debate",""
"要不然","yào bù rán","otherwise / or else",""
"博物馆","bó wù guǎn","museum",""
"阿门","ā mén","amen (loanword)",""
"包裹","bāo guǒ","parcel / package",""
"领域","lǐng yù","domain / sphere",""
"泥","ní","mud / clay / paste",""
"不利","bú lì","unfavorable / disadvantageous",""
"来电","lái diàn","incoming telephone call (or telegram) / to phone in",""
"牌子","pái zi","sign / trademark",""
"陷","xiàn","pitfall / trap / to get stuck",""
"王子","wáng zǐ","prince / son of a king",""
"诉讼","sù sòng","lawsuit",""
"幸","xìng","fortunate / lucky (幸亏, 幸好)",""
"孙子","sūn zi","grandson / son's son",""
"欢乐","huān lè","gaiety / gladness",""
"出场","chū chǎng","(of a performer) to come onto the stage to perform / (of an athlete) to enter the arena to compete",""
"操作","cāo zuò","to work / to operate",""
"业余","yè yú","in one's spare time / outside working hours",""
"双方","shuāng fāng","bilateral / both sides",""
"数量","shù liàng","amount / quantity",""
"警卫","jǐng wèi","to stand guard over / (security) guard",""
"宽恕","kuān shù","to forgive / forgiveness",""
"数据库","shù jù kù","database",""
"高手","gāo shǒu","expert / past master",""
"官方","guān fāng","government / official (approved or issued by an authority)",""
"例子","lì zi","case / (for) instance",""
"花钱","huā qián","to spend money",""
"抗","kàng","to resist / to fight / to defy",""
"沉","chén","to submerge / to immerse / to sink",""
"哎呀","āi yā","interjection of wonder, shock or admiration",""
"厚","hòu","thick / deep or profound / kind",""
"诊所","zhěn suǒ","clinic",""
"扫描","sǎo miáo","to scan",""
"吻合","wěn hé","to be a good fit / to be identical with",""
"返回","fǎn huí","to return to / to come (or go) back",""
"窝","wō","nest / pit or hollow on the human body / lair",""
"小声","xiǎo shēng","in a low voice / (speak) in whispers",""
"来不及","lái bù jí","there's not enough time (to do something) / it's too late (to do something)",""
"头绪","tóu xù","outline / main threads",""
"矮","ǎi","low / short (in length)",""
"福","fú","good fortune / happiness / luck",""
"放屁","fàng pì","to fart / to break wind",""
"全体","quán tǐ","all / entire",""
"意志","yì zhì","will / willpower",""
"后门","hòu mén","the back door / fig. under the counter (indirect way for influence or pressure)",""
"听话","tīng huà","to do what one is told / obedient",""
"明明","míng míng","obviously / plainly",""
"竟","jìng","unexpectedly / actually / to go so far as to",""
"奴隶","nú lì","slave",""
"起飞","qǐ fēi","(of an aircraft) to take off",""
"妻","qī","wife",""
"献","xiàn","to offer / to present / to dedicate",""
"做事","zuò shì","to work / to handle matters",""
"钻石","zuàn shí","diamond",""
"宝","bǎo","jewel / gem / treasure",""
"基因","jī yīn","gene (loanword)",""
"品牌","pǐn pái","brand name / trademark",""
"公里","gōng lǐ","kilometer",""
"亲吻","qīn wěn","to kiss / kiss",""
"末日","mò rì","last day / end",""
"发火","fā huǒ","to catch fire / to ignite",""
"告知","gào zhī","to inform",""
"降落","jiàng luò","to descend / to land",""
"星星","xīng xing","star in the sky",""
"秘书","mì shū","secretary",""
"伪造","wěi zào","to forge / to fake",""
"仁慈","rén cí","benevolent / charitable",""
"人体","rén tǐ","human body",""
"参观","cān guān","to look around / to tour",""
"产","chǎn","to give birth / to reproduce / to produce",""
"真诚","zhēn chéng","true / sincere",""
"分散","fēn sàn","to scatter / to disperse",""
"逛","guàng","to stroll / to visit",""
"一下子","yí xià zi","in a short while / all at once",""
"外科","wài kē","surgery (branch of medicine)",""
"宴会","yàn huì","banquet / feast",""
"丁","dīng","fourth of the ten Heavenly Stems / fourth in order / letter ""D"" or Roman ""IV"" in list ""A, B, C"", or ""I, II, III"" etc",""
"然","rán","correct / right / so",""
"模式","mó shì","mode / method",""
"优雅","yōu yǎ","grace / graceful",""
"施","shī","to distribute (alms etc) / to apply (fertilizer etc)",""
"消除","xiāo chú","to eliminate / to remove",""
"旅途","lǚ tú","journey / trip",""
"来得及","lái de jí","there's still time / able to do something in time",""
"口音","kǒu yin","voice / accent",""
"粉","fěn","powder / cosmetic face powder / food prepared from starch",""
"趴","pā","to lie on one's stomach / to lean forward, resting one's upper body (on a desktop etc)",""
"统治","tǒng zhì","to rule (a country) / to govern",""
"清单","qīng dān","list of items",""
"战胜","zhàn shèng","to prevail over / to defeat",""
"小朋友","xiǎo péng yǒu","child",""
"鸡尾酒","jī wěi jiǔ","cocktail (loanword)",""
"大型","dà xíng","large / large-scale",""
"上校","shàng xiào","high ranking officer in Chinese army / colonel",""
"法语","fǎ yǔ","French (language)",""
"饭店","fàn diàn","restaurant / hotel",""
"领袖","lǐng xiù","leader",""
"哭泣","kū qì","to weep",""
"超越","chāo yuè","to surpass / to exceed",""
"敞开","chǎng kāi","to open wide / unrestrictedly",""
"维护","wéi hù","to defend / to safeguard",""
"有名","yǒu míng","famous / well-known",""
"预料","yù liào","to forecast / to anticipate",""
"幸好","xìng hǎo","fortunately",""
"视线","shì xiàn","line of sight",""
"地步","dì bù","stage / degree (to which a situation has evolved)",""
"乱七八糟","luàn qī bā zāo","everything in disorder (idiom); in a hideous mess / at sixes and sevens",""
"开火","kāi huǒ","to open fire",""
"苏格兰","sū gé lán","Scotland",""
"录音","lù yīn","to record (sound) / sound recording",""
"燃烧","rán shāo","to ignite / to combust",""
"翘","qiào","to stick up / to rise on one end / to tilt",""
"状","zhuàng","accusation / suit / state",""
"回归","huí guī","to return to / to retreat",""
"批评","pī píng","to criticize / criticism",""
"滚蛋","gǔn dàn","get out of here! / beat it!",""
"疑问","yí wèn","question / interrogation",""
"用于","yòng yú","use in / use on",""
"雪糕","xuě gāo","ice cream (Malaysian)","Malaysia"
"冰淇淋","bīng qí lín","ice cream (Malaysia: 雪糕 xuě gāo)","China"
"口味","kǒu wèi","a person's preferences / tastes (in food)",""
"普通人","pǔ tōng rén","ordinary person / private citizen",""
"走向","zǒu xiàng","direction / strike (i.e. angle of inclination in geology)",""
"长期","cháng qī","long term / long time",""
"强奸","qiáng jiān","to rape",""
"编辑","biān jí","to edit / to compile",""
"创意","chuàng yì","creative / creativity",""
"牛肉","niú ròu","beef",""
"袜子","wà zi","socks / stockings",""
"节奏","jié zòu","rhythm / tempo",""
"行业","háng yè","industry / business",""
"征服","zhēng fú","to conquer / to subdue",""
"天上","tiān shàng","celestial / heavenly",""
"例如","lì rú","for example / for instance",""
"极其","jí qí","extremely",""
"每当","měi dāng","whenever / every time",""
"不是","bù shi","fault / blame",""
"俄罗斯","é luó sī","Russia",""
"战场","zhàn chǎng","battlefield",""
"公布","gōng bù","to announce / to make public",""
"排队","pái duì","to line up",""
"原始","yuán shǐ","first / original",""
"何不","hé bù","why not? / why not do (something)?",""
"怎么着","zěn me zhāo","what? / how? (Malaysia: 怎样 zěn yàng)","China"
"赞同","zàn tóng","to approve of / to endorse",""
"杆","gān","pole",""
"疼痛","téng tòng","pain / ache",""
"锻炼","duàn liàn","to toughen / to temper",""
"友善","yǒu shàn","friendly",""
"打搅","dǎ jiǎo","to disturb / to trouble",""
"展开","zhǎn kāi","to unfold / to carry out",""
"舒适","shū shì","cozy / snug",""
"太空","tài kōng","outer space",""
"设计师","shè jì shī","designer / architect",""
"糖果","táng guǒ","candy",""
"青","qīng","green / blue / black",""
"星期五","xīng qī wǔ","Friday",""
"暂停","zàn tíng","to suspend / time-out (e.g. in sports)",""
"钓","diào","to fish with a hook and bait",""
"分离","fēn lí","to separate",""
"回见","huí jiàn","See you later! (Malaysia: 再见 zài jiàn)","China"
"开放","kāi fàng","to bloom / to open",""
"因素","yīn sù","element / factor",""
"留意","liú yì","to be mindful / to pay attention to",""
"大胆","dà dǎn","brazen / audacious",""
"摄影师","shè yǐng shī","photographer / cameraman",""
"精神病","jīng shén bìng","mental disorder / psychosis",""
"写信","xiě xìn","to write a letter",""
"注册","zhù cè","to register / to enroll",""
"实施","shí shī","to implement / to carry out",""
"操心","cāo xīn","to worry about",""
"手头","shǒu tóu","on hand / at hand",""
"其余","qí yú","the rest / the others",""
"一无所有","yì wú suǒ yǒu","not having anything at all (idiom); utterly lacking / without two sticks to rub together",""
"迈阿密","mài ā mì","Miami (Florida)",""
"击败","jī bài","to defeat / to beat",""
"潜力","qián lì","potential / capacity",""
"纯","chún","pure / simple / unmixed",""
"定位","dìng wèi","to orientate / to position",""
"英俊","yīng jùn","handsome",""
"计算","jì suàn","to count / to calculate",""
"当年","dāng nián","in those days / then",""
"象征","xiàng zhēng","emblem / symbol",""
"共事","gòng shì","to work together",""
"上演","shàng yǎn","to screen (a movie) / to stage (a play)",""
"想像","xiǎng xiàng","to imagine / to conceive of",""
"例外","lì wài","exception / to be an exception",""
"合伙人","hé huǒ rén","partner / associate",""
"后退","hòu tuì","to recoil / to draw back",""
"环","huán","ring / hoop / loop",""
"厂","chǎng","factory / yard / depot",""
"旋转","xuán zhuǎn","to rotate / to revolve",""
"郁闷","yù mèn","gloomy / depressed",""
"把戏","bǎ xì","acrobatics / jugglery",""
"庭","tíng","main hall / front courtyard / law court",""
"收养","shōu yǎng","to take in and care for (an elderly person, a dog etc) / to adopt (a child)",""
"戏剧","xì jù","drama / play",""
"狂欢","kuáng huān","party / carousal",""
"降临","jiàng lín","to descend / to arrive",""
"发给","fā gěi","to issue / to grant",""
"责怪","zé guài","to blame / to rebuke",""
"避开","bì kāi","to avoid / to evade",""
"缺少","quē shǎo","lack / shortage of",""
"胃口","wèi kǒu","appetite / liking",""
"议员","yì yuán","member (of a legislative body) / representative",""
"军","jūn","military",""
"希腊","xī là","Greece",""
"亿","yì","100 million",""
"速","sù","fast / rapid / quick",""
"呵","hē","expel breath / my goodness",""
"主持人","zhǔ chí rén","TV or radio presenter / host",""
"政策","zhèng cè","policy",""
"操纵","cāo zòng","to operate / to control",""
"设置","shè zhì","to set up / to install",""
"正当","zhèng dāng","timely / just (when needed)",""
"各地","gè dì","in all parts of (a country) / various regions",""
"狡猾","jiǎo huá","crafty / cunning",""
"回想","huí xiǎng","to recall / to recollect",""
"忽视","hū shì","to neglect / to ignore",""
"倒是","dào shi","contrary to what one might expect / actually",""
"人数","rén shù","number of people",""
"终结","zhōng jié","end / conclusion",""
"决心","jué xīn","determination / resolution",""
"玫瑰","méi guī","rugosa rose (shrub) (Rosa rugosa) / rose flower",""
"叛徒","pàn tú","traitor / turncoat",""
"死因","sǐ yīn","cause of death",""
"官员","guān yuán","official (in an organization or government) / administrator",""
"神经病","shén jīng bìng","mental disorder / neuropathy",""
"穷","qióng","poor / destitute / to use up",""
"从事","cóng shì","to go for / to engage in",""
"困境","kùn jìng","predicament / plight",""
"胆小鬼","dǎn xiǎo guǐ","coward",""
"枕头","zhěn tou","pillow",""
"公","gōng","public / collectively owned / common",""
"失业","shī yè","unemployment / to lose one's job",""
"羞耻","xiū chǐ","(a feeling of) shame",""
"欢呼","huān hū","to cheer for / to acclaim",""
"诊断","zhěn duàn","diagnosis / to diagnose",""
"枪杀","qiāng shā","to shoot dead",""
"财富","cái fù","wealth / riches",""
"众","zhòng","many / numerous / crowd",""
"装作","zhuāng zuò","to pretend / to feign",""
"病毒","bìng dú","virus",""
"囚犯","qiú fàn","prisoner / convict",""
"无罪","wú zuì","innocent / guileless",""
"夹克","jiā kè","jacket (loanword)",""
"嫌疑人","xián yí rén","a suspect",""
"恶梦","è mèng","nightmare",""
"待命","dài mìng","to be on call / to be on standby",""
"星期六","xīng qī liù","Saturday",""
"遵命","zūn mìng","to follow your orders / to do as you bid",""
"发布","fā bù","to release / to issue",""
"品","pǐn","article / commodity / product",""
"挡住","dǎng zhù","to obstruct",""
"运用","yùn yòng","to use / to put to use",""
"十足","shí zú","ample / complete",""
"鉴于","jiàn yú","in view of / seeing that",""
"竞选","jìng xuǎn","to take part in an election / to run for office",""
"死刑","sǐ xíng","death penalty",""
"隔离","gé lí","to separate / to isolate",""
"团体","tuán tǐ","group / organization",""
"驾","jià","to drive (Malaysian: 驾车 = drive a car / 驾摩托 = ride a motorbike)","Malaysia"
"倒下","dǎo xià","to collapse / to topple over",""
"寂寞","jì mò","lonely / lonesome",""
"报仇","bào chóu","to take revenge / to avenge",""
"冬天","dōng tiān","winter",""
"生死","shēng sǐ","life or death",""
"坚信","jiān xìn","to believe firmly / without any doubt",""
"机器人","jī qì rén","mechanical person / robot",""
"静","jìng","still / calm / quiet",""
"院","yuàn","courtyard / institution",""
"模型","mó xíng","model / mold",""
"欺负","qī fu","to bully",""
"酗酒","xù jiǔ","heavy drinking / to get drunk",""
"患者","huàn zhě","patient / sufferer",""
"泄露","xiè lù","to leak (information) / to divulge",""
"见证","jiàn zhèng","to be witness to / witness",""
"头疼","tóu téng","headache",""
"迫不及待","pò bù jí dài","impatient (idiom); in a hurry / itching to get on with it",""
"宝贵","bǎo guì","valuable / precious",""
"钓鱼","diào yú","to fish (with line and hook) / to dupe",""
"使命","shǐ mìng","mission / long-term task to which one devotes oneself",""
"单位","dān wèi","unit (of measure) / unit (group of people as a whole)",""
"出售","chū shòu","to sell / to offer for sale",""
"从前","cóng qián","previously / formerly",""
"着想","zhuó xiǎng","to give thought (to others) / to consider (other people's needs)",""
"剧本","jù běn","script for play, opera, movie etc / screenplay",""
"捉","zhuō","to clutch / to grab / to capture",""
"体重","tǐ zhòng","body weight",""
"花样","huā yàng","pattern / way of doing something",""
"误解","wù jiě","to misunderstand / to misread",""
"罗马","luó mǎ","Rome",""
"决赛","jué sài","finals (of a competition)",""
"货车","huò chē","truck / van",""
"测","cè","to survey / to measure / to conjecture",""
"领带","lǐng dài","necktie",""
"永不","yǒng bù","never / will never",""
"名片","míng piàn","(business) card",""
"弱点","ruò diǎn","weak point / failing",""
"滑稽","huá jī","comical / funny",""
"偶然","ǒu rán","incidentally / occasional",""
"共同点","gòng tóng diǎn","common ground",""
"短暂","duǎn zàn","of short duration / brief",""
"评委","píng wěi","evaluation committee / judging panel",""
"瓶子","píng zi","bottle",""
"阴影","yīn yǐng","(lit. and fig.) shadow",""
"塑胶","sù jiāo","plastic","Malaysia"
"塑料","sù liào","plastics (Malaysia: 塑胶 sù jiāo)","China"
"凶器","xiōng qì","lethal weapon / murder weapon",""
"赌博","dǔ bó","to gamble",""
"片子","piān zi","film / movie",""
"劫","jié","to rob / to plunder / to seize by force",""
"相机","xiàng jī","camera",""
"帽","mào","hat / cap",""
"平民","píng mín","ordinary people / commoner",""
"约定","yuē dìng","to agree on something (after discussion) / to conclude a bargain",""
"迎接","yíng jiē","to meet / to welcome",""
"办事","bàn shì","to handle (affairs) / to work",""
"四周","sì zhōu","all around",""
"排练","pái liàn","to rehearse / rehearsal",""
"树林","shù lín","woods / grove",""
"沙滩","shā tān","beach / sandy shore",""
"蜡烛","là zhú","candle",""
"图片","tú piàn","image / picture",""
"扮","bàn","to disguise oneself as / to dress up / to play (a role)",""
"老家伙","lǎo jiā huo","old fellow / old codger",""
"极端","jí duān","extreme",""
"位于","wèi yú","to be located at / to be situated at",""
"此事","cǐ shì","this matter",""
"胖子","pàng zi","fat person / fatty",""
"仔","zǎi","child / young animal",""
"判决","pàn jué","judgment (by a court of law) / to pass judgment on",""
"连环","lián huán","chain",""
"奖金","jiǎng jīn","premium / award money",""
"无线电","wú xiàn diàn","wireless",""
"电池","diàn chí","battery",""
"尾","wěi","tail / remainder / remnant",""
"毛巾","máo jīn","towel",""
"感冒","gǎn mào","to catch cold / (common) cold",""
"手法","shǒu fǎ","technique / trick",""
"信念","xìn niàn","faith / belief",""
"丢人","diū rén","to lose face",""
"慌","huāng","to get panicky / to lose one's head / (after 得) unbearably",""
"误","wù","mistake / error / to miss",""
"想不到","xiǎng bú dào","unexpected / hard to imagine",""
"剑","jiàn","double-edged sword / measure word for blows of a sword",""
"被告","bèi gào","defendant",""
"游泳池","yóu yǒng chí","swimming pool",""
"收看","shōu kàn","to watch (a TV program)",""
"后备","hòu bèi","reserve / backup",""
"才华","cái huá","talent",""
"厌恶","yàn wù","to loathe / to hate",""
"集团","jí tuán","group / bloc",""
"挥","huī","to wave / to brandish / to command",""
"尊严","zūn yán","dignity / sanctity",""
"果然","guǒ rán","really / sure enough",""
"收藏","shōu cáng","to hoard / to collect",""
"控告","kòng gào","to accuse / to charge",""
"幢","chuáng","banner",""
"好转","hǎo zhuǎn","to improve / to take a turn for the better",""
"看待","kàn dài","to look upon / to regard",""
"大大","dà dà","greatly / enormously",""
"验尸","yàn shī","autopsy / postmortem examination",""
"形成","xíng chéng","to form / to take shape",""
"披","pī","to drape over one's shoulders / to open / to unroll",""
"无视","wú shì","to ignore / to disregard",""
"老大","lǎo dà","old age / very",""
"荡妇","dàng fù","slut / floozy",""
"图像","tú xiàng","image / picture",""
"抵抗","dǐ kàng","to resist / resistance",""
"重建","chóng jiàn","to rebuild / to reestablish",""
"置","zhì","to install / to place / to put",""
"粗","cū","coarse / rough / thick (for cylindrical objects)",""
"命名","mìng míng","to give a name to / to dub",""
"正经","zhèng jīng","decent / honorable",""
"从小","cóng xiǎo","from childhood / from a young age",""
"鼓掌","gǔ zhǎng","to applaud / to clap",""
"定义","dìng yì","definition / to define",""
"天天","tiān tiān","every day",""
"普","pǔ","general / popular / everywhere",""
"钢琴","gāng qín","piano",""
"演奏","yǎn zòu","to perform on a musical instrument",""
"通讯","tōng xùn","communications / news story",""
"治愈","zhì yù","to cure",""
"歇","xiē","to rest / to take a break / to stop",""
"晒","shài","(of the sun) to shine on / to bask in (the sunshine) / to dry (clothes, grain etc) in the sun",""
"风景","fēng jǐng","scenery / landscape",""
"打包","dǎ bāo","to wrap / to pack",""
"自在","zì zai","free / unrestrained",""
"动静","dòng jìng","(detectable) movement / (sign of) activity",""
"违背","wéi bèi","to go against / to be contrary to",""
"察觉","chá jué","to sense / to perceive",""
"人质","rén zhì","hostage",""
"保释","bǎo shì","to release on bail / to bail",""
"作者","zuò zhě","author / writer",""
"艳","yàn","colorful / splendid / gaudy",""
"右手","yòu shǒu","right hand / right-hand side",""
"客厅","kè tīng","drawing room (room for arriving guests) / living room",""
"题","tí","topic / problem for discussion / exam question",""
"液","yè","liquid / fluid",""
"光明","guāng míng","light / radiance",""
"创伤","chuāng shāng","wound / injury",""
"凉","liáng","cool / cold",""
"拽","zhuāi","to throw / to fling",""
"狂热","kuáng rè","zealotry / fanatical",""
"发泄","fā xiè","to give vent to (one's feelings)",""
"聚集","jù jí","to assemble / to gather",""
"念头","niàn tou","thought / idea",""
"不得","bù dé","must not / may not",""
"独一无二","dú yì wú èr","unique and unmatched (idiom); unrivalled / nothing compares with it",""
"犹太","yóu tài","Jew / Jewish",""
"曼哈顿","màn hā dùn","Manhattan island / Manhattan borough of New York City",""
"预测","yù cè","to forecast / to predict",""
"执照","zhí zhào","license / permit",""
"伴侣","bàn lǚ","companion / mate",""
"业","yè","line of business / industry / occupation",""
"气味","qì wèi","odor / scent",""
"永恒","yǒng héng","eternal / everlasting",""
"扫","sǎo","to sweep",""
"船长","chuán zhǎng","captain (of a boat) / skipper",""
"富","fù","rich / abundant / wealthy",""
"牛排","niú pái","steak",""
"野兽","yě shòu","beast / wild animal",""
"礼拜天","lǐ bài tiān","Sunday","Malaysia"
"周日","zhōu rì","Sunday (Malaysia: 礼拜天 lǐ bài tiān)","China"
"清除","qīng chú","to clear away / to eliminate",""
"演戏","yǎn xì","to put on a play / to perform",""
"放学","fàng xué","to dismiss students at the end of the school day",""
"推测","tuī cè","speculation / to conjecture",""
"商人","shāng rén","merchant / businessman",""
"融入","róng rù","to blend into / to integrate",""
"丑陋","chǒu lòu","ugly",""
"值钱","zhí qián","valuable / costly",""
"厅","tīng","(reception) hall / living room / office",""
"访问","fǎng wèn","to visit / to call on",""
"手铐","shǒu kào","manacles / handcuffs",""
"驾照","jià zhào","driver's license",""
"望","wàng","full moon / to hope / to expect",""
"堕落","duò luò","to degrade / to degenerate",""
"小小","xiǎo xiǎo","very small / very few",""
"碟","dié","dish / plate",""
"创","chuàng","to begin / to initiate / to inaugurate",""
"大小","dà xiǎo","dimension / magnitude",""
"备","bèi","to prepare / get ready / to provide or equip",""
"卷入","juǎn rù","to be drawn into / to be involved in",""
"挨","āi","in order / in sequence / close to",""
"早安","zǎo ān","Good morning!",""
"少女","shào nǚ","girl / young lady",""
"窒息","zhì xī","to choke / to stifle",""
"粗鲁","cū lǔ","coarse / crude (in one's manner)",""
"分别","fēn bié","to part or leave each other / to distinguish",""
"装满","zhuāng mǎn","to fill up",""
"神父","shén fu","Christian priest or clergyman / (spiritual) father",""
"爱尔兰","ài ěr lán","Ireland",""
"身份证","shēn fèn zhèng","identity card / ID",""
"小屋","xiǎo wū","cabin / lodge",""
"高潮","gāo cháo","high tide / high water",""
"弯","wān","to bend / bent / a bend",""
"高速","gāo sù","high speed",""
"遗传","yí chuán","heredity / to inherit (a trait)",""
"碰上","pèng shàng","to run into / to come upon",""
"剧院","jù yuàn","theater",""
"车站","chē zhàn","rail station / bus stop",""
"呵呵","hē hē","chuckle",""
"雇员","gù yuán","employee",""
"服从","fú cóng","to obey (an order) / to comply",""
"卫生","wèi shēng","health / hygiene",""
"热烈","rè liè","enthusiastic / ardent",""
"此时","cǐ shí","now / this moment",""
"其次","qí cì","next / secondly",""
"眼光","yǎn guāng","gaze / insight",""
"往常","wǎng cháng","usual / customary",""
"得分","dé fēn","to score",""
"器官","qì guān","organ (part of body tissue) / apparatus",""
"出版","chū bǎn","to publish",""
"祖母","zǔ mǔ","father's mother / paternal grandmother",""
"老弟","lǎo dì","(affectionate form of address for a male who is not very much younger than oneself) my boy / old pal",""
"卡片","kǎ piàn","card",""
"侍应生","shì yìng shēng","waiter / waitress","Malaysia"
"服务员","fú wù yuán","waiter / waitress (Malaysia: 侍应生 shì yìng shēng)","China"
"年度","nián dù","year (e.g. school year, fiscal year) / annual",""
"童年","tóng nián","childhood",""
"掐","qiā","to pick (flowers) / to pinch / to nip",""
"指引","zhǐ yǐn","to guide / to show",""
"轻轻","qīng qīng","lightly / softly",""
"先进","xiān jìn","advanced (technology) / to advance",""
"面具","miàn jù","mask",""
"礼服","lǐ fú","ceremonial robe / formal attire (dinner suit, evening gown etc)",""
"沙拉","shā lā","salad (loanword)",""
"没准","méi zhǔn","not sure / maybe",""
"事务","shì wù","(political, economic etc) affairs / work",""
"丧失","sàng shī","to lose / to forfeit",""
"成千上万","chéng qiān shàng wàn","lit. by the thousands and tens of thousands (idiom); untold numbers / innumerable",""
"休","xiū","to rest / to stop doing something for a period of time / to cease",""
"领先","lǐng xiān","to lead / to be in front",""
"家具","jiā jù","furniture",""
"搜寻","sōu xún","to search / to look for",""
"冻","dòng","to freeze / to feel very cold / aspic or jelly",""
"原地","yuán dì","(in) the original place / the place where one currently is",""
"路边","lù biān","curb / roadside",""
"帮手","bāng shǒu","helper / assistant",""
"眼中","yǎn zhōng","in one's eyes",""
"逐渐","zhú jiàn","gradually",""
"羊","yáng","sheep / goat",""
"引擎","yǐn qíng","engine (loanword)",""
"鼠","shǔ","rat / mouse",""
"车辆","chē liàng","vehicle",""
"海边","hǎi biān","coast / seaside",""
"赐","cì","to confer / to bestow / to grant",""
"解脱","jiě tuō","to untie / to free",""
"降低","jiàng dī","to reduce / to lower",""
"惊奇","jīng qí","to be amazed / to be surprised",""
"情景","qíng jǐng","scene / spectacle",""
"黄金","huáng jīn","gold / golden (opportunity)",""
"果汁","guǒ zhī","fruit juice",""
"友","yǒu","friend",""
"痕","hén","scar / traces",""
"损伤","sǔn shāng","to harm / to damage",""
"安息","ān xī","to rest / to go to sleep",""
"尖","jiān","point (of needle) / sharp / shrewd",""
"接通","jiē tōng","to connect / to put through",""
"审问","shěn wèn","to interrogate / to examine",""
"叫醒","jiào xǐng","to awaken / to wake someone up",""
"相遇","xiāng yù","to meet / to encounter",""
"招待","zhāo dài","to receive (guests) / to entertain",""
"说来话长","shuō lái huà cháng","start explaining and it's a long story (idiom); complicated and not easy to express succinctly",""
"森","sēn","forest",""
"大海","dà hǎi","sea / ocean",""
"贷款","dài kuǎn","a loan / to provide a loan (e.g. bank)",""
"同伙","tóng huǒ","colleague / co-conspirator",""
"侄子","zhí zi","brother's son / nephew",""
"恤","xù","anxiety / sympathy / to sympathize",""
"按钮","àn niǔ","push button",""
"住嘴","zhù zuǐ","to hold one's tongue / Shut up!",""
"减","jiǎn","to lower / to decrease / to reduce",""
"购买","gòu mǎi","to purchase / to buy",""
"通往","tōng wǎng","to lead to",""
"珍贵","zhēn guì","precious",""
"取代","qǔ dài","to replace / to supersede",""
"项链","xiàng liàn","necklace",""
"耳","ěr","ear / handle (archaeology) / and that is all (Classical Chinese)",""
"晓得","xiǎo de","to know",""
"硬币","yìng bì","coin",""
"首席","shǒu xí","chief (representative, correspondent etc)",""
"代理","dài lǐ","to act on behalf of someone in a responsible position / to act as an agent or proxy",""
"文明","wén míng","civilized / civilization",""
"亲生","qīn shēng","one's own (child) (i.e. one's child by birth) / biological (parents)",""
"线路","xiàn lù","line / circuit",""
"刻薄","kè bó","unkind / harsh",""
"报酬","bào chou","reward / remuneration",""
"论","lùn","opinion / view / theory",""
"实话实说","shí huà shí shuō","to tell the truth / to tell it as it is",""
"除此之外","chú cǐ zhī wài","apart from this / in addition to this",""
"以便","yǐ biàn","so that / so as to",""
"日记","rì jì","diary",""
"发送","fā sòng","to transmit / to dispatch",""
"电台","diàn tái","transmitter-receiver / broadcasting station",""
"鸡肉","jī ròu","chicken meat",""
"房租","fáng zū","rent for a room or house",""
"渣","zhā","slag (in mining or smelting) / dregs",""
"禁","jìn","to prohibit / to forbid",""
"少年","shào nián","early youth / youngster",""
"折","zhé","to break / to fracture / to snap",""
"洒","sǎ","to sprinkle / to spray / to spill",""
"铺","pù","plank bed / place to sleep / shop",""
"概念","gài niàn","concept / idea",""
"闷","mèn","bored / depressed / melancholy",""
"呈","chéng","to present to a superior / memorial / petition",""
"棕色","zōng sè","brown",""
"过世","guò shì","to die / to pass away",""
"谎话","huǎng huà","lie",""
"人性","rén xìng","human nature / humanity",""
"这时","zhè shí","at this time / at this moment",""
"当真","dàng zhēn","to take seriously / serious",""
"心思","xīn si","mind / thoughts",""
"棘手","jí shǒu","thorny (problem) / intractable",""
"幸存者","xìng cún zhě","survivor",""
"珠宝","zhū bǎo","pearls / jewels",""
"手表","shǒu biǎo","wristwatch",""
"轿车","jiào chē","enclosed carriage for carrying passengers / motor carriage",""
"恐慌","kǒng huāng","panic / panicky",""
"搅","jiǎo","to disturb / to annoy / to mix",""
"培养","péi yǎng","to cultivate / to breed",""
"走过","zǒu guò","to walk past / to pass by",""
"等到","děng dào","to wait until / by the time when (something is ready etc)",""
"吉他","jí tā","guitar (loanword)",""
"录像带","lù xiàng dài","video cassette",""
"双胞胎","shuāng bāo tāi","twin",""
"星期天","xīng qī tiān","Sunday",""
"懦夫","nuò fū","coward",""
"小费","xiǎo fèi","tip / gratuity",""
"宽","kuān","wide / broad / loose",""
"较","jiào","to compare / to dispute / compared to",""
"交叉","jiāo chā","to cross / to intersect",""
"专","zhuān","for a particular person, occasion, purpose / focused on one thing / special",""
"吓唬","xià hu","to scare / to frighten",""
"无知","wú zhī","ignorant / ignorance",""
"一早","yì zǎo","early in the morning / at dawn",""
"基督","jī dū","Christ",""
"市民","shì mín","city resident",""
"暴","bào","sudden / violent / cruel",""
"抽屉","chōu ti","drawer",""
"赞美","zàn měi","to admire / to praise",""
"拦","lán","to block someone's path / to obstruct / to flag down (a taxi)",""
"饶","ráo","rich / abundant / exuberant",""
"本能","běn néng","instinct",""
"咋","zǎ","how? / why? (northern colloquial) (Malaysia: 怎么 zěn me)","China"
"助","zhù","to help / to assist",""
"独","dú","alone / independent / single",""
"清洁","qīng jié","clean / to clean",""
"携带","xié dài","to carry (on one's person) / to support (old)",""
"焦虑","jiāo lǜ","anxious / worried",""
"预定","yù dìng","to schedule in advance",""
"带领","dài lǐng","to guide / to lead",""
"甩掉","shuǎi diào","to throw off / to abandon",""
"语气","yǔ qì","tone / manner of speaking",""
"老远","lǎo yuǎn","very far away",""
"锁定","suǒ dìng","to lock (a door) / to close with a latch",""
"合约","hé yuē","treaty / contract",""
"下巴","xià ba","chin",""
"特征","tè zhēng","characteristic / diagnostic property",""
"提升","tí shēng","to promote / to upgrade",""
"难忘","nán wàng","unforgettable",""
"露出","lù chū","to expose / to show",""
"万岁","wàn suì","Long live (the king, the revolution etc)! / Your Majesty",""
"篮球","lán qiú","basketball",""
"未婚妻","wèi hūn qī","fiancée",""
"鸽子","gē zi","pigeon / dove",""
"瘾君子","yǐn jūn zǐ","opium eater / drug addict",""
"鼓","gǔ","drum / to drum / to strike",""
"串","chuàn","to string together / to skewer / to connect wrongly",""
"下落","xià luò","whereabouts / to drop",""
"发觉","fā jué","to become aware / to detect",""
"程","chéng","rule / order / regulations",""
"打招呼","dǎ zhāo hu","to greet someone by word or action / to give prior notice",""
"递给","dì gěi","to hand it (i.e. the aforementioned item) to (someone)",""
"事务所","shì wù suǒ","office / firm",""
"西部","xī bù","western part",""
"香烟","xiāng yān","cigarette / smoke from burning incense",""
"结尾","jié wěi","ending / coda",""
"负责人","fù zé rén","person in charge",""
"打动","dǎ dòng","to move (to pity) / arousing (sympathy)",""
"扔下","rēng xià","to throw down / to drop (bomb)",""
"没错","méi cuò","that's right / sure!",""
"居住","jū zhù","to reside / to dwell",""
"纠缠","jiū chán","to be in a tangle / to nag",""
"安心","ān xīn","at ease / to feel relieved",""
"貌似","mào sì","to appear to be / to seem as if",""
"委托","wěi tuō","to entrust / to trust",""
"教师","jiào shī","teacher",""
"上台","shàng tái","to rise to power (in politics) / to go on stage (in the theater)",""
"木头","mù tou","slow-witted / blockhead",""
"新人","xīn rén","newcomer / fresh talent",""
"结构","jié gòu","structure / composition",""
"迷惑","mí huo","to puzzle / to confuse",""
"前门","qián mén","front door / main entrance",""
"成果","chéng guǒ","result / achievement",""
"适当","shì dàng","suitable / appropriate",""
"长久","cháng jiǔ","(for a) long time",""
"以往","yǐ wǎng","in the past / formerly",""
"耽误","dān wu","to delay / to hold up",""
"黑帮","hēi bāng","bunch of gangsters / criminal gang",""
"党","dǎng","party / association / club",""
"召唤","zhào huàn","to summon / to beckon",""
"调情","tiáo qíng","to flirt",""
"瞬间","shùn jiān","in an instant / in a flash",""
"级别","jí bié","(military) rank / level",""
"学位","xué wèi","academic degree / place in school",""
"添","tiān","to add / to increase / to replenish",""
"奋斗","fèn dòu","to strive / to struggle",""
"有力","yǒu lì","powerful / forceful",""
"清晰","qīng xī","clear / distinct",""
"脸色","liǎn sè","complexion / look",""
"鬼魂","guǐ hún","ghost",""
"啰","luō","long-winded / wordy",""
"作案","zuò àn","to commit a crime",""
"安全带","ān quán dài","seat belt / safety belt",""
"赞","zàn","to patronize / to support / to praise",""
"温度","wēn dù","temperature",""
"垮","kuǎ","to collapse / to break or wear down / to defeat",""
"磨","mó","to rub / to grind / to polish",""
"前任","qián rèn","predecessor / ex-",""
"花费","huā fèi","expense / cost",""
"乘客","chéng kè","passenger",""
"犬","quǎn","dog / Kangxi radical 94",""
"创作","chuàng zuò","to create / to produce",""
"附","fù","to add / to attach / to be close to",""
"伏特","fú tè","volt (loanword)",""
"勾引","gōu yǐn","to seduce / to tempt",""
"软弱","ruǎn ruò","weak / feeble",""
"拿下","ná xià","to arrest / to capture",""
"取笑","qǔ xiào","to tease / to make fun of",""
"垫","diàn","pad / cushion / mat",""
"料到","liào dào","to foresee / to anticipate",""
"热狗","rè gǒu","hot dog (loanword)",""
"海洋","hǎi yáng","ocean",""
"野蛮","yě mán","barbarous / uncivilized",""
"卡住","kǎ zhù","to jam / to choke",""
"院子","yuàn zi","courtyard / garden",""
"接收","jiē shōu","reception (of transmitted signal) / to receive",""
"享用","xiǎng yòng","to enjoy (i.e. have the use or benefit of)",""
"下场","xià chang","the end / to conclude",""
"移民","yí mín","to immigrate / to migrate",""
"贿赂","huì lù","to bribe / a bribe",""
"休假","xiū jià","to take a vacation / to go on holiday",""
"嫌疑","xián yí","suspicion / to have suspicions",""
"意愿","yì yuàn","aspiration / wish (for)",""
"品味","pǐn wèi","to sample / to taste",""
"自身","zì shēn","itself / oneself",""
"赋予","fù yǔ","to assign / to entrust (a task)",""
"歪","wāi","askew / at a crooked angle / devious",""
"工程","gōng chéng","engineering / an engineering project",""
"追捕","zhuī bǔ","to pursue / to be after",""
"后院","hòu yuàn","rear court / back garden",""
"挪","nuó","to shift / to move",""
"市中心","shì zhōng xīn","city center / downtown",""
"干涉","gān shè","to interfere / to meddle",""
"珍惜","zhēn xī","to treasure / to value",""
"阁下","gé xià","your distinguished self / your majesty",""
"外星人","wài xīng rén","space alien / extraterrestrial",""
"专辑","zhuān jí","album / record (music)",""
"扭","niǔ","to twist / to sprain",""
"依","yī","to depend on / to comply with or listen to someone / according to",""
"妄想","wàng xiǎng","to attempt vainly / a vain attempt",""
"谣言","yáo yán","rumor",""
"接管","jiē guǎn","to take over / to assume control",""
"引导","yǐn dǎo","to guide / to lead (around)",""
"呗","bei","(particle) that's all / obviously (Malaysia: 啦 la)","China"
"俄国","é guó","Russia",""
"航空","háng kōng","aviation",""
"出庭","chū tíng","to appear in court",""
"机票","jī piào","air ticket / passenger ticket",""
"押","yā","to mortgage / to pawn / to detain in custody",""
"预备","yù bèi","to prepare / to make ready",""
"香肠","xiāng cháng","sausage",""
"雇用","gù yòng","to employ / to hire",""
"点心","diǎn xin","light refreshments / pastry",""
"遗忘","yí wàng","to become forgotten / to forget",""
"南部","nán bù","southern part",""
"忠实","zhōng shí","faithful",""
"伊拉克","yī lā kè","Iraq",""
"法医","fǎ yī","forensic investigator / forensic detective",""
"脱衣舞","tuō yī wǔ","striptease",""
"果","guǒ","fruit / result / resolute",""
"壮","zhuàng","to strengthen / strong / robust",""
"呕吐","ǒu tù","to vomit",""
"含","hán","to keep / to contain / to suck (keep in your mouth without chewing)",""
"修改","xiū gǎi","to amend / to alter",""
"人间","rén jiān","the human world / the earth",""
"传达","chuán dá","to pass on / to convey",""
"持","chí","to hold / to grasp / to support",""
"地铁","dì tiě","subway / metro",""
"签署","qiān shǔ","to sign (an agreement)",""
"匹配","pǐ pèi","to mate or marry / to match",""
"陈述","chén shù","an assertion / to declare",""
"躲避","duǒ bì","to hide / to evade",""
"恐吓","kǒng hè","to threaten / to menace",""
"手腕","shǒu wàn","wrist / trickery",""
"圈套","quān tào","trap / snare",""
"马路","mǎ lù","street / road",""
"付给","fù gěi","to deliver / to pay",""
"气色","qì sè","complexion",""
"不光","bù guāng","not the only one / not only",""
"手脚","shǒu jiǎo","hand and foot / movement of limbs",""
"护照","hù zhào","passport",""
"官司","guān si","lawsuit",""
"故障","gù zhàng","malfunction / breakdown",""
"落后","luò hòu","to fall behind / to lag (in technology etc)",""
"扳机","bān jī","(gun) trigger",""
"握手","wò shǒu","to shake hands",""
"抵达","dǐ dá","to arrive / to reach (a destination)",""
"悲哀","bēi āi","grieved / sorrowful",""
"低调","dī diào","low pitch / quiet (voice)",""
"没收","mò shōu","to confiscate / to seize",""
"无疑","wú yí","no doubt / undoubtedly",""
"今后","jīn hòu","hereafter / henceforth",""
"知名","zhī míng","well-known / famous",""
"模糊","mó hu","vague / indistinct",""
"波士顿","bō shì dùn","Boston",""
"唇","chún","lip",""
"投诉","tóu sù","complaint / to complain",""
"颈","jǐng","neck",""
"浴缸","yù gāng","bathtub",""
"赞助","zàn zhù","to support / to assist",""
"撤","chè","to remove / to take away / to withdraw",""
"头痛","tóu tòng","to have a headache",""
"罩","zhào","cover / fish trap (basket) / shade",""
"逻辑","luó ji","logic (loanword)",""
"失误","shī wù","lapse / mistake",""
"虚构","xū gòu","to make up / fabrication",""
"风趣","fēng qù","charm / humor",""
"制定","zhì dìng","to draw up / to formulate",""
"宁可","nìng kě","preferably / one would prefer to...(or not to...)",""
"警惕","jǐng tì","to be on the alert / vigilant",""
"主任","zhǔ rèn","director / head",""
"军人","jūn rén","serviceman / soldier",""
"健身","jiàn shēn","to exercise / to keep fit",""
"未婚夫","wèi hūn fū","fiancé",""
"作战","zuò zhàn","combat / to fight",""
"超市","chāo shì","supermarket",""
"寸","cùn","a unit of length / inch / thumb",""
"跌倒","diē dǎo","to tumble / to fall","Malaysia"
"摔倒","shuāi dǎo","to fall down / to slip and fall (Malaysia: 跌倒 diē dǎo)","China"
"誓","shì","oath / vow / to swear",""
"含义","hán yì","meaning (implicit in a phrase) / implied meaning",""
"骑士","qí shì","horseman / cavalryman",""
"馅饼","xiàn bǐng","meat pie / pie",""
"当晚","dàng wǎn","the same evening",""
"青少年","qīng shào nián","adolescent / youth",""
"雾","wù","fog / mist",""
"不要紧","bú yào jǐn","unimportant / not serious",""
"光荣","guāng róng","honor and glory / glorious",""
"思维","sī wéi","(line of) thought / thinking",""
"来讲","lái jiǎng","as to / considering",""
"肚","dù","belly",""
"要不","yào bù","otherwise / or else",""
"捣乱","dǎo luàn","to disturb / to look for trouble",""
"带有","dài yǒu","to have / to involve",""
"摄影","shè yǐng","to take a photograph / photography",""
"细胞","xì bāo","cell (biology)",""
"工作室","gōng zuò shì","studio / workshop",""
"坟墓","fén mù","grave / tomb",""
"可乐","kě lè","amusing / entertaining",""
"司法","sī fǎ","judicial / (administration of) justice",""
"等候","děng hòu","to wait / to wait for",""
"贪婪","tān lán","avaricious / greedy",""
"缩小","suō xiǎo","to reduce / to decrease",""
"别处","bié chù","elsewhere",""
"各个","gè gè","every / various",""
"超人","chāo rén","superhuman / exceptional",""
"植物","zhí wù","plant / vegetation",""
"酒鬼","jiǔ guǐ","drunkard",""
"用品","yòng pǐn","articles for use / products",""
"今日","jīn rì","today",""
"春天","chūn tiān","spring (season)",""
"拘留","jū liú","to detain (a prisoner) / to keep someone in custody",""
"巡逻","xún luó","to patrol (police, army or navy)",""
"分裂","fēn liè","to split up / to divide",""
"婆","pó","grandmother / matron / mother-in-law",""
"贱","jiàn","inexpensive / lowly / despicable",""
"赐予","cì yǔ","to grant / to bestow",""
"厌烦","yàn fán","bored / fed up with something",""
"多余","duō yú","superfluous / unnecessary",""
"乔","qiáo","to disguise (乔装) / tall",""
"指挥官","zhǐ huī guān","commander",""
"大夫","dài fu","doctor (Malaysia: 医生 yī shēng)","China"
"贝","bèi","cowrie / shellfish / currency (archaic)",""
"预算","yù suàn","budget",""
"标","biāo","mark / sign / label",""
"监禁","jiān jìn","to imprison / to jail",""
"安装","ān zhuāng","to install / to erect",""
"认定","rèn dìng","to maintain (that something is true) / to determine (a fact)",""
"一流","yì liú","top quality / front ranking",""
"头号","tóu hào","first rate / top rank",""
"反击","fǎn jī","to strike back / to beat back",""
"标签","biāo qiān","label / tag",""
"渐渐","jiàn jiàn","gradually",""
"不怕","bú pà","fearless / not worried (by setbacks or difficulties)",""
"顾","gù","to look after / to take into consideration / to attend to",""
"城堡","chéng bǎo","castle / rook (chess piece)",""
"嗑","kē","to crack (seeds) between one's teeth",""
"恶作剧","è zuò jù","practical joke / prank",""
"盐","yán","salt",""
"届","jiè","to arrive at (place or time) / period / to become due",""
"噪音","zào yīn","rumble / noise",""
"焦","jiāo","burnt / scorched / charred",""
"细","xì","thin or slender / finely particulate / thin and soft",""
"憎恨","zēng hèn","to detest / hatred",""
"怒","nù","anger / fury / flourishing",""
"需求","xū qiú","requirement / to require",""
"模样","mú yàng","look / style",""
"专注","zhuān zhù","to focus / to concentrate",""
"之上","zhī shàng","above",""
"好日子","hǎo rì zi","auspicious day / good day",""
"本质","běn zhì","essence / nature",""
"勒索","lè suǒ","to blackmail / to extort",""
"企业","qǐ yè","company / firm",""
"服务生","fú wù shēng","server (at a restaurant)",""
"撤销","chè xiāo","to repeal / to revoke",""
"无家可归","wú jiā kě guī","homeless",""
"问候","wèn hòu","to give one's respects / to send a greeting",""
"待遇","dài yù","treatment / pay",""
"获取","huò qǔ","to gain / to get",""
"恶意","è yì","malice / evil intention",""
"兹","zī","now / here / this",""
"造型","zào xíng","to model / to shape",""
"汽油","qì yóu","gasoline",""
"守卫","shǒu wèi","to guard / to defend",""
"祷告","dǎo gào","to pray / prayer",""
"屠杀","tú shā","to massacre / massacre",""
"谜","mí","riddle",""
"尾巴","wěi ba","tail / colloquial pr. [yi3 ba5]",""
"星期一","xīng qī yī","Monday",""
"指定","zhǐ dìng","to appoint / to assign",""
"小型","xiǎo xíng","small scale / small size",""
"终身","zhōng shēn","lifelong / all one's life",""
"顺序","shùn xù","sequence / order",""
"正直","zhèng zhí","upright / upstanding",""
"优先","yōu xiān","to have priority / to take precedence",""
"补充","bǔ chōng","to replenish / to supplement",""
"目睹","mù dǔ","to witness / to see at first hand",""
"从头","cóng tóu","anew / from the start",""
"同一","tóng yī","identical / the same",""
"演唱","yǎn chàng","sung performance / to sing for an audience",""
"兮","xī","(classical particle)",""
"高尔夫","gāo ěr fū","golf (loanword)",""
"服用","fú yòng","to take (medicine)",""
"马桶","mǎ tǒng","chamber pot / wooden pan used as toilet",""
"解放","jiě fàng","to liberate / to emancipate",""
"认得","rèn de","to recognize / to remember something (or someone) on seeing it",""
"灌","guàn","to irrigate / to pour / to install (software)",""
"仿佛","fǎng fú","to seem / as if",""
"牵扯","qiān chě","to involve / to implicate",""
"肉体","ròu tǐ","physical body",""
"传言","chuán yán","rumor / hearsay",""
"精确","jīng què","accurate / precise",""
"紧紧","jǐn jǐn","closely / tightly",""
"加强","jiā qiáng","to reinforce / to strengthen",""
"行踪","xíng zōng","whereabouts / (lose) track (of)",""
"潜在","qián zài","hidden / potential",""
"上尉","shàng wèi","captain (military rank)",""
"漫画","màn huà","caricature / cartoon",""
"指令","zhǐ lìng","order / command",""
"香水","xiāng shuǐ","perfume / cologne",""
"账户","zhàng hù","bank account / online account",""
"链","liàn","chain / cable (unit of length: 100 fathoms, about 185 m) / chain (unit of length: 66 feet, about 20 m)",""
"前科","qián kē","criminal record / previous convictions",""
"羞愧","xiū kuì","ashamed",""
"诞生","dàn shēng","to be born",""
"吸引力","xī yǐn lì","attractive force (such as gravitation) / sex appeal",""
"超出","chāo chū","to exceed / to overstep",""
"轮胎","lún tāi","tire / pneumatic tire",""
"报应","bào yìng","retribution / judgment",""
"宗","zōng","school / sect / purpose",""
"笔记本","bǐ jì běn","notebook (stationery) / notebook (computing)",""
"执法","zhí fǎ","to enforce a law / law enforcement",""
"镇定","zhèn dìng","calm / unperturbed",""
"安全感","ān quán gǎn","sense of security",""
"焦点","jiāo diǎn","focus / focal point",""
"死人","sǐ rén","dead person / to die",""
"杰","jié","hero / heroic / outstanding person",""
"中尉","zhōng wèi","lieutenant (navy) / first lieutenant (army)",""
"选举","xuǎn jǔ","to elect / election",""
"华","huá","China / Chinese (华人) / splendid",""
"牢房","láo fáng","jail cell / prison cell",""
"荣耀","róng yào","honor / glory",""
"质量","zhì liàng","quality",""
"男士","nán shì","man / gentleman",""
"离去","lí qù","to leave / to exit",""
"凑","còu","to gather together, pool or collect / to happen by chance / to move close to",""
"消","xiāo","to disappear / to vanish / to eliminate",""
"胜过","shèng guò","to excel / to surpass",""
"吩咐","fēn fù","to tell / to instruct",""
"高尚","gāo shàng","noble / lofty",""
"称作","chēng zuò","to be called / to be known as",""
"庆幸","qìng xìng","to rejoice / to be glad",""
"爵士","jué shì","knight / Sir",""
"睡眠","shuì mián","sleep / to sleep",""
"兼","jiān","double / twice / simultaneous",""
"召集","zhào jí","to convene / to gather",""
"无情","wú qíng","pitiless / ruthless",""
"介入","jiè rù","to intervene / to get involved",""
"着手","zhuó shǒu","to put one's hand to it / to start out on a task",""
"倒数","dào shǔ","to count backwards (from 10 down to 0) / to count down",""
"商场","shāng chǎng","shopping mall / shopping center",""
"亚洲","yà zhōu","Asia",""
"检验","jiǎn yàn","to inspect / to examine",""
"保卫","bǎo wèi","to defend / to safeguard",""
"发言","fā yán","to make a speech / statement",""
"账单","zhàng dān","bill",""
"道别","dào bié","leave-taking / to say goodbye",""
"张开","zhāng kāi","to open up / to spread",""
"开工","kāi gōng","to begin work (of a factory or engineering operation) / to start a construction job",""
"行不通","xíng bù tōng","won't work / will get (you) nowhere",""
"阻碍","zǔ ài","to obstruct / to hinder",""
"怪不得","guài bù de","no wonder! / so that's why!",""
"节日","jié rì","holiday / festival",""
"歌词","gē cí","song lyric / lyrics",""
"保镖","bǎo biāo","bodyguard",""
"战术","zhàn shù","tactics",""
"打仗","dǎ zhàng","to fight a battle / to go to war",""
"魔力","mó lì","magic / magic power",""
"戳","chuō","to jab / to poke / to stab",""
"薯条","shǔ tiáo","french fries / french fried potatoes",""
"左手","zuǒ shǒu","left hand / left-hand side",""
"上网","shàng wǎng","to go online / to connect to the Internet",""
"走人","zǒu rén","to leave / to beat it",""
"挽回","wǎn huí","to retrieve / to redeem",""
"复活","fù huó","to revive / (lit. and fig.) to come back to life",""
"女神","nǚ shén","goddess / nymph",""
"英","yīng","hero / outstanding / excellent",""
"骨折","gǔ zhé","to suffer a fracture / (of a bone) to break",""
"终点","zhōng diǎn","the end / end point",""
"震撼","zhèn hàn","to shake / to shock",""
"输入","shū rù","to import / to input",""
"相符","xiāng fú","to match / to tally",""
"大战","dà zhàn","war / to wage war",""
"首要","shǒu yào","the most important / of chief importance",""
"出自","chū zì","to come from",""
"当事人","dāng shì rén","persons involved or implicated / party (to an affair)",""
"欧","ōu","Europe (欧洲)",""
"泰","tài","Thailand (泰国) / peaceful",""
"族","zú","race / nationality / ethnicity",""
"周年","zhōu nián","anniversary / annual",""
"中学","zhōng xué","middle school",""
"拜二","bài èr","Tuesday (Malaysian; = 星期二)","Malaysia"
"周二","zhōu èr","Tuesday (Malaysia: 拜二 bài èr)","China"
"心理学","xīn lǐ xué","psychology",""
"拳头","quán tou","fist / clenched fist",""
"顶级","dǐng jí","top-notch / first-rate",""
"面子","miàn zi","outer surface / outside",""
"廉价","lián jià","cheaply-priced / low-cost",""
"陪伴","péi bàn","to accompany",""
"善于","shàn yú","to be good at / to be adept at",""
"局长","jú zhǎng","bureau chief",""
"消防","xiāo fáng","firefighting / fire control",""
"收音机","shōu yīn jī","radio",""
"呦","yōu","Oh! (exclamation of dismay etc)",""
"蜜月","mì yuè","honeymoon",""
"版本","bǎn běn","version / edition",""
"开场","kāi chǎng","to begin / to open",""
"学期","xué qī","term / semester",""
"形状","xíng zhuàng","form / shape",""
"诺言","nuò yán","promise",""
"浓","nóng","concentrated / dense / strong (smell etc)",""
"依赖","yī lài","to depend on / to be dependent on",""
"发抖","fā dǒu","to tremble / to shake",""
"勉强","miǎn qiǎng","to do with difficulty / to force someone to do something",""
"火灾","huǒ zāi","serious fire (in a city or a forest etc)",""
"银","yín","silver / silver-colored / relating to money or currency",""
"摩","mó","to rub",""
"佛罗里达","fú luó lǐ dá","Florida",""
"典礼","diǎn lǐ","celebration / ceremony",""
"下载","xià zǎi","to download",""
"播出","bō chū","to broadcast / to air (a TV program etc)",""
"宿","sù","lodge for the night / old / former",""
"山上","shān shàng","on the mountain / up the hill",""
"设施","shè shī","facilities / installation",""
"成分","chéng fèn","composition / make-up",""
"拖延","tuō yán","to delay / to put off",""
"圈子","quān zi","circle / ring",""
"数目","shù mù","amount / number",""
"幼稚","yòu zhì","young / childish",""
"炫耀","xuàn yào","dazzling / to show off",""
"处置","chǔ zhì","to handle / to take care of",""
"预言","yù yán","to predict / prophecy",""
"厨师","chú shī","cook / chef",""
"口香糖","kǒu xiāng táng","chewing gum",""
"传播","chuán bō","to disseminate / to propagate",""
"无效","wú xiào","not valid / ineffective",""
"毯子","tǎn zi","blanket",""
"影子","yǐng zi","shadow / reflection",""
"杰出","jié chū","outstanding / distinguished",""
"回避","huí bì","to shun / to avoid (someone)",""
"天下","tiān xià","land under heaven / the whole world",""
"指向","zhǐ xiàng","to point towards / aimed at",""
"低估","dī gū","to underestimate / to underrate",""
"掏","tāo","to fish out (from pocket) / to scoop",""
"随后","suí hòu","soon after",""
"前来","qián lái","to come (formal) / before",""
"碰头","pèng tóu","to meet / to hold a meeting",""
"打发","dǎ fa","to dispatch someone to do something / to make someone leave",""
"门外","mén wài","outside the door",""
"随身","suí shēn","(carried) on one's person / hand (luggage)",""
"精心","jīng xīn","with utmost care / fine",""
"吸血鬼","xī xuè guǐ","leech / bloodsucking vermin",""
"卧底","wò dǐ","to hide (as an undercover agent) / an insider (in a gang of thieves)",""
"老爹","lǎo diē","old man / sir",""
"毒贩","dú fàn","drug dealer / drug trafficker",""
"营","yíng","camp / barracks / battalion",""
"巴士","bā shì","bus (loanword)","Malaysia"
"公车","gōng chē","bus (Malaysia: 巴士 bā shì)","China"
"急救","jí jiù","first aid / emergency treatment",""
"装修","zhuāng xiū","to decorate / interior decoration",""
"非凡","fēi fán","out of the ordinary / unusually (good, talented etc)",""
"脱身","tuō shēn","to get away / to escape (from obligations)",""
"每人","měi rén","each person / everybody",""
"有限","yǒu xiàn","limited / finite",""
"眼睁睁","yǎn zhēng zhēng","to stare blankly / to look on helplessly",""
"环节","huán jié","(zoology) segment (of the body of a worm, centipede etc) / (fig.) a part of an integrated whole: aspect (of a project), element (of a policy), sector (of the economy), stage (of a process) etc",""
"游行","yóu xíng","march / parade",""
"靴子","xuē zi","boots",""
"抗议","kàng yì","to protest / protest",""
"处女","chǔ nǚ","virgin / maiden",""
"香蕉","xiāng jiāo","banana",""
"薄","báo","thin / cold in manner / indifferent",""
"传递","chuán dì","to transmit / to pass on to someone else",""
"逍遥法外","xiāo yáo fǎ wài","unfettered and beyond the law (idiom); evading retribution / getting away with it (e.g. crimes)",""
"供应","gōng yìng","to supply / to provide",""
"显","xiǎn","(Malaysian slang 'sian') bored / fed up; (standard) to show / obvious","Malaysia"
"肩","jiān","shoulder / to shoulder (responsibilities etc)",""
"日常","rì cháng","daily / everyday",""
"贴心","tiē xīn","intimate / close",""
"完了","wán le","to be finished / to be done for",""
"目光","mù guāng","sight / vision",""
"走着瞧","zǒu zhe qiáo","wait and see (who is right)",""
"飞行员","fēi xíng yuán","pilot / aviator",""
"拉斯维加斯","lā sī wéi jiā sī","Las Vegas, Nevada",""
"国会","guó huì","Parliament (UK) / Congress (US)",""
"暖","nuǎn","warm / to warm",""
"侵入","qīn rù","to make (military) incursions / to invade",""
"守护","shǒu hù","to guard / to protect",""
"仇恨","chóu hèn","to hate / hatred",""
"云","yún","cloud",""
"傲慢","ào màn","arrogant / haughty",""
"亲热","qīn rè","affectionate / intimate",""
"局势","jú shì","situation / state (of affairs)",""
"当天","dàng tiān","the same day",""
"坚定","jiān dìng","firm / steady",""
"坦诚","tǎn chéng","candid / frank",""
"摩托车","mó tuō chē","motorbike / motorcycle (loanword)",""
"外遇","wài yù","extramarital affair",""
"影片","yǐng piàn","film / movie",""
"嚼","jué","to chew",""
"就绪","jiù xù","to be ready / to be in order",""
"煎","jiān","to pan fry / to sauté",""
"意图","yì tú","intent / intention",""
"玩弄","wán nòng","to play with / to toy with",""
"打住","dǎ zhù","to stop / to halt",""
"独处","dú chǔ","to live alone / to spend time alone (or with a significant other)",""
"要命","yào mìng","to cause someone's death / very",""
"印第安","yìn dì ān","(American) Indian / native American",""
"韩国","hán guó","South Korea (Republic of Korea) / Han, one of the Seven Hero States of the Warring States",""
"村","cūn","village",""
"撤退","chè tuì","to retreat",""
"风暴","fēng bào","storm / violent commotion",""
"医师","yī shī","doctor",""
"月亮","yuè liang","the moon",""
"计算机","jì suàn jī","computer",""
"翅膀","chì bǎng","wing",""
"口径","kǒu jìng","caliber / diameter of opening",""
"减肥","jiǎn féi","to lose weight",""
"证件","zhèng jiàn","certificate / papers",""
"上衣","shàng yī","jacket / upper outer garment",""
"赔","péi","to compensate for loss / to indemnify / to suffer a financial loss",""
"点燃","diǎn rán","to ignite / to set on fire",""
"均","jūn","equal / even / all",""
"形势","xíng shì","circumstances / situation",""
"知觉","zhī jué","perception / consciousness",""
"面对面","miàn duì miàn","face to face",""
"大吃一惊","dà chī yì jīng","to have a surprise (idiom); shocked or startled / gobsmacked",""
"白宫","bái gōng","White House",""
"荣","róng","glory / honor / thriving",""
"祖父","zǔ fù","father's father / paternal grandfather",""
"防御","fáng yù","defense / to defend",""
"展","zhǎn","to spread out / to open up / to exhibit",""
"病情","bìng qíng","state of an illness / patient's condition",""
"锅","guō","pot / pan / boiler",""
"跪","guì","to kneel",""
"一块","yí kuài","together (northern colloquial) (Malaysia: 一起 yì qǐ)","China"
"市区","shì qū","urban district / downtown",""
"未知","wèi zhī","unknown",""
"体贴","tǐ tiē","considerate (of other people's needs)",""
"重视","zhòng shì","to attach importance to something / to value",""
"过错","guò cuò","mistake / fault",""
"总共","zǒng gòng","altogether / in sum",""
"恰好","qià hǎo","as it turns out / by lucky coincidence",""
"大赛","dà sài","grand contest",""
"虫子","chóng zi","insect / bug",""
"帝国","dì guó","empire / imperial",""
"鹿","lù","deer",""
"镇子","zhèn zi","town / village",""
"修复","xiū fù","to restore / to renovate",""
"催","cuī","to urge / to press / to prompt",""
"痒","yǎng","to itch / to tickle",""
"菜单","cài dān","menu",""
"倾听","qīng tīng","to listen attentively",""
"法子","fǎ zi","way / method",""
"多数","duō shù","majority / most",""
"持有","chí yǒu","to hold (passport, views etc)",""
"严厉","yán lì","severe / strict",""
"永久","yǒng jiǔ","everlasting / perpetual",""
"感人","gǎn rén","touching / moving",""
"途中","tú zhōng","en route",""
"好些","hǎo xiē","a good deal of / quite a lot",""
"部落","bù luò","tribe",""
"棺材","guān cai","coffin",""
"八卦","bā guà","the eight divinatory trigrams of the Book of Changes / gossip",""
"论文","lùn wén","paper / treatise",""
"前夫","qián fū","former husband",""
"匿名","nì míng","anonymous",""
"备用","bèi yòng","reserve / spare",""
"小学","xiǎo xué","elementary school / primary school",""
"选中","xuǎn zhòng","to choose / to pick",""
"熏","xūn","fragrance / warm / to educate",""
"提问","tí wèn","to question / to quiz",""
"途径","tú jìng","way / channel",""
"救援","jiù yuán","to save / to support",""
"隧道","suì dào","tunnel",""
"股票","gǔ piào","share certificate / stock (finance)",""
"牙医","yá yī","dentist",""
"马铃薯","mǎ líng shǔ","potato","Malaysia"
"土豆","tǔ dòu","potato (Malaysia: 马铃薯 mǎ líng shǔ)","China"
"登场","dēng chǎng","to go on stage / fig. to appear on the scene",""
"勾","gōu","to attract / to arouse / to tick",""
"呈现","chéng xiàn","to appear / to emerge",""
"无耻","wú chǐ","without any sense of shame / unembarrassed",""
"恶化","è huà","to worsen",""
"胸口","xiōng kǒu","chest",""
"扭曲","niǔ qū","to twist / to warp",""
"面孔","miàn kǒng","face",""
"出错","chū cuò","to make a mistake / error",""
"上路","shàng lù","to start on a journey / to be on one's way",""
"很难说","hěn nán shuō","hard to say",""
"疗法","liáo fǎ","therapy / treatment",""
"机械","jī xiè","machine / machinery",""
"污染","wū rǎn","pollution / contamination",""
"跪下","guì xia","to kneel down",""
"医","yī","medical / medicine / doctor",""
"誓言","shì yán","to pledge / to promise",""
"改造","gǎi zào","to transform / to reform",""
"已婚","yǐ hūn","married",""
"放大","fàng dà","to enlarge / to magnify",""
"阅读","yuè dú","to read / reading",""
"升级","shēng jí","to escalate (in intensity) / to go up by one grade",""
"外国","wài guó","foreign (country)",""
"引诱","yǐn yòu","to coerce (someone into doing something bad) / to lure (into a trap)",""
"减轻","jiǎn qīng","to lighten / to ease",""
"激怒","jī nù","to infuriate / to enrage",""
"后台","hòu tái","backstage area / behind-the-scenes supporter",""
"吸烟","xī yān","to smoke",""
"逊","xùn","to abdicate / modest / yielding",""
"妆","zhuāng","(of a woman) to adorn oneself / makeup / adornment",""
"识别","shí bié","to distinguish / to discern",""
"争执","zhēng zhí","to dispute / to disagree",""
"妥协","tuǒ xié","to compromise / to reach terms",""
"夜里","yè li","during the night / at night",""
"躲开","duǒ kāi","to stay out of (hot water, trouble, awkward situation etc) / to avoid (someone)",""
"抱抱","bào bào","to hug / to embrace",""
"分配","fēn pèi","to distribute / to assign",""
"本性","běn xìng","natural instincts / nature",""
"转转","zhuàn zhuan","to stroll",""
"奉献","fèng xiàn","to offer respectfully / to consecrate",""
"牵涉","qiān shè","to involve / implicated",""
"情愿","qíng yuàn","willingness / would rather (agree to X than Y)",""
"请便","qǐng biàn","Please do as you wish! / You are welcome to do whatever you like!",""
"甲","jiǎ","first of the ten Heavenly Stems / (used for an unspecified person or thing) / first (in a list, as a party to a contract etc)",""
"火焰","huǒ yàn","blaze / flame",""
"歌唱","gē chàng","to sing",""
"结案","jié àn","to conclude a case / to wind up",""
"业务","yè wù","business / professional work",""
"摆平","bǎi píng","to be fair / to be impartial",""
"正面","zhèng miàn","front / obverse side",""
"发脾气","fā pí qì","to get angry",""
"唠叨","láo dao","to prattle / to chatter away",""
"与此同时","yǔ cǐ tóng shí","at the same time / meanwhile",""
"单纯","dān chún","simple / pure",""
"从中","cóng zhōng","from within / therefrom",""
"难关","nán guān","difficulty / crisis",""
"疑犯","yí fàn","a suspect",""
"永","yǒng","forever / always / perpetual",""
"护理","hù lǐ","to nurse / to tend and protect",""
"柜子","guì zi","cupboard / cabinet",""
"清洗","qīng xǐ","to wash / to clean",""
"急事","jí shì","urgent matter / emergency",""
"举止","jǔ zhǐ","bearing / manner",""
"场所","chǎng suǒ","location / place",""
"侠","xiá","knight-errant / brave and chivalrous / hero",""
"住院","zhù yuàn","to be in hospital / to be hospitalized",""
"评判","píng pàn","to judge (a competition) / to appraise",""
"秩序","zhì xù","order (orderly) / order (sequence)",""
"拦住","lán zhù","to stop / to bar the way",""
"青春","qīng chūn","youth / youthfulness",""
"无限","wú xiàn","unlimited / unbounded",""
"渴","kě","thirsty",""
"男女","nán nǚ","male-female / male and female",""
"不良","bù liáng","bad / harmful",""
"扩大","kuò dà","to expand / to enlarge",""
"相对","xiāng duì","relatively / opposite",""
"传染","chuán rǎn","to infect / contagious",""
"废","fèi","to abolish / to abandon / to abrogate",""
"淹死","yān sǐ","to drown",""
"讲述","jiǎng shù","to talk about / to narrate",""
"大腿","dà tuǐ","thigh",""
"跨","kuà","to step across / to stride over / to straddle",""
"榜样","bǎng yàng","example / model",""
"复制","fù zhì","to duplicate / to make a copy of",""
"传送","chuán sòng","to convey / to deliver",""
"管道","guǎn dào","tubing / pipeline",""
"蔬菜","shū cài","vegetables",""
"难度","nán dù","trouble / problem",""
"卫生间","wèi shēng jiān","bathroom / toilet (Malaysia: 洗手间 xǐ shǒu jiān)","China"
"表格","biǎo gé","form / table",""
"蹦","bèng","to jump / to bounce / to hop",""
"哄","hǒng","to deceive / to coax / to amuse (a child)",""
"探索","tàn suǒ","to explore / to probe",""
"终止","zhōng zhǐ","to stop / to terminate (law)",""
"命中","mìng zhòng","to hit (a target)",""
"保管","bǎo guǎn","to hold in safekeeping / to have in one's care",""
"出路","chū lù","a way out (lit. and fig.) / opportunity for advancement",""
"特定","tè dìng","special / specific",""
"胜任","shèng rèn","qualified / competent (professionally)",""
"营地","yíng dì","camp",""
"忏悔","chàn huǐ","to confess / to repent",""
"假释","jiǎ shì","parole",""
"孤儿","gū ér","orphan",""
"大厦","dà shà","(used in the names of grand buildings such as 百老匯大廈|百老汇大厦 Broadway Mansions (in Shanghai) or 帝國大廈|帝国大厦 Empire State Building etc)",""
"肥皂","féi zào","soap",""
"车牌","chē pái","license plate",""
"打倒","dǎ dǎo","to overthrow / to knock down",""
"语音","yǔ yīn","speech sounds / pronunciation",""
"鲜血","xiān xuè","blood",""
"往后","wǎng hòu","from now on / in the future",""
"压抑","yā yì","to constrain or repress emotions / oppressive",""
"信箱","xìn xiāng","mailbox / post office box",""
"改进","gǎi jìn","to improve / to make better",""
"闲","xián","idle / unoccupied / free time",""
"自称","zì chēng","to call oneself / to claim to be",""
"多年","duō nián","many years / for many years",""
"大哥","dà gē","eldest brother / big brother (polite address for a man of about the same age as oneself)",""
"打球","dǎ qiú","to play ball / to play with a ball",""
"夏威夷","xià wēi yí","Hawaii",""
"纸条","zhǐ tiáo","slip of paper",""
"管子","guǎn zi","tube / pipe",""
"别墅","bié shù","villa",""
"捏","niē","to hold between the thumb and fingers / to pinch / to mold (using the fingers)",""
"尿布","niào bù","diaper",""
"质","zhì","character / nature / quality",""
"仍旧","réng jiù","still (remaining) / to remain (the same)",""
"丢失","diū shī","to lose / lost",""
"扑","pū","to throw oneself at / to pounce on / to devote one's energies",""
"致死","zhì sǐ","deadly",""
"生理","shēng lǐ","physiology",""
"改善","gǎi shàn","to make better / to improve",""
"脚下","jiǎo xià","under the foot",""
"猜想","cāi xiǎng","to guess / to conjecture",""
"前提","qián tí","premise / precondition",""
"陈","chén","to lay out / to exhibit / to display",""
"边境","biān jìng","frontier / border",""
"掌声","zhǎng shēng","applause",""
"败","bài","to defeat / to damage / to lose (to an opponent)",""
"封闭","fēng bì","to seal / to close",""
"极限","jí xiàn","limit / extreme boundary",""
"发音","fā yīn","to pronounce / pronunciation",""
"无礼","wú lǐ","rude / rudely",""
"蠢事","chǔn shì","folly",""
"羡慕","xiàn mù","to envy / to admire",""
"看好","kàn hǎo","to regard as having good prospects",""
"常见","cháng jiàn","commonly seen / common",""
"丝毫","sī háo","the slightest amount or degree / a bit",""
"核","hé","pit / stone / nucleus",""
"小鬼","xiǎo guǐ","little demon (term of endearment for a child) / mischievous child",""
"赌注","dǔ zhù","stake (in a gamble) / (what is at) stake",""
"短裤","duǎn kù","short pants / shorts",""
"底线","dǐ xiàn","to underline / bottom line",""
"乡下","xiāng xia","countryside / rural area",""
"职员","zhí yuán","office worker / staff member",""
"国内","guó nèi","domestic / internal (to a country)",""
"访","fǎng","to call on / to seek / to inquire",""
"分心","fēn xīn","to distract",""
"固执","gù zhí","obstinate / stubborn",""
"活该","huó gāi","serve someone right / deservedly",""
"揭晓","jiē xiǎo","to announce publicly / to publish",""
"炸药","zhà yào","explosive (material)",""
"条子","tiáo zi","short note / slip of paper",""
"仆人","pú rén","servant",""
"赔偿","péi cháng","to compensate",""
"登陆","dēng lù","to land / to come ashore",""
"提取","tí qǔ","to withdraw (money) / to collect (left luggage)",""
"文字","wén zì","character / script",""
"撒尿","sā niào","to pass water / to piss",""
"男孩子","nán hái zi","boy",""
"遥远","yáo yuǎn","distant / remote",""
"渡过","dù guò","to cross over / to pass through",""
"常规","cháng guī","code of conduct / conventions",""
"何处","hé chù","whence / where",""
"可信","kě xìn","trustworthy",""
"要紧","yào jǐn","important / urgent",""
"传来","chuán lái","(of a sound) to come through / to be heard",""
"认罪","rèn zuì","to admit guilt / to plead guilty",""
"人格","rén gé","personality / integrity",""
"发光","fā guāng","to shine",""
"睡衣","shuì yī","night clothes / pajamas",""
"胶","jiāo","to glue / glue / gum",""
"伤亡","shāng wáng","casualties / injuries and deaths",""
"应当","yīng dāng","should / ought to",""
"打工","dǎ gōng","to work a temporary or casual job / (of students) to have a job outside of class time, or during vacation",""
"电视机","diàn shì jī","television set",""
"胆","dǎn","gall bladder / courage / guts",""
"耻辱","chǐ rǔ","disgrace / shame",""
"属","shǔ","category / genus (taxonomy) / family members",""
"缺点","quē diǎn","weak point / fault",""
"身子","shēn zi","body / pregnancy",""
"担任","dān rèn","to hold a governmental office or post / to assume office of",""
"幸存","xìng cún","to survive (a disaster)",""
"此外","cǐ wài","besides / in addition",""
"番","fān","foreign (non-Chinese) / barbarian / measure word for occurrences (of an event, action or speech utterance)",""
"求助","qiú zhù","to request help / to appeal (for help)",""
"自责","zì zé","to blame oneself",""
"血压","xuè yā","blood pressure",""
"娘娘腔","niáng niang qiāng","sissy / effeminate",""
"计时","jì shí","to measure time / to time",""
"拜四","bài sì","Thursday (Malaysian; = 星期四)","Malaysia"
"周四","zhōu sì","Thursday (Malaysia: 拜四 bài sì)","China"
"房屋","fáng wū","house / building",""
"杀戮","shā lù","to massacre / to slaughter",""
"怜悯","lián mǐn","to take pity on / pity",""
"行程","xíng chéng","journey / course of a journey",""
"长相","zhǎng xiàng","appearance / looks",""
"恰当","qià dàng","appropriate / suitable",""
"引爆","yǐn bào","to cause to burn / to ignite",""
"作弊","zuò bì","to practice fraud / to cheat",""
"拖车","tuō chē","to tow / towed vehicle",""
"阵","zhèn","disposition of troops / wave / spate",""
"电视剧","diàn shì jù","TV series / TV drama",""
"物理","wù lǐ","physics / physical",""
"客房","kè fáng","guest room",""
"乳","rǔ","breast / milk",""
"公子","gōng zǐ","son of an official / son of nobility",""
"开发","kāi fā","to exploit (a resource) / to open up (for development)",""
"平等","píng děng","equal / equality",""
"采用","cǎi yòng","to adopt / to employ",""
"空白","kòng bái","blank space",""
"冷酷","lěng kù","grim / unfeeling",""
"虚弱","xū ruò","weak / in poor health",""
"纠正","jiū zhèng","to correct / to make right",""
"露面","lòu miàn","to show one's face / to appear (in public)",""
"反复","fǎn fù","repeatedly / over and over",""
"叶","yè","leaf / page / lobe",""
"跑步","pǎo bù","to run / to jog",""
"循环","xún huán","to cycle / to circulate",""
"纯洁","chún jié","pure / clean and honest",""
"无能","wú néng","incompetence / inability",""
"门锁","mén suǒ","door lock",""
"欢","huān","joyous / happy / pleased",""
"强调","qiáng diào","to emphasize (a statement) / to stress",""
"借用","jiè yòng","to borrow something for another use / to borrow an idea for one's own use",""
"博","bó","extensive / ample / rich",""
"汉","hàn","man",""
"候选人","hòu xuǎn rén","candidate",""
"总裁","zǒng cái","chairman / director-general (of a company etc)",""
"课室","kè shì","classroom","Malaysia"
"教室","jiào shì","classroom (Malaysia: 课室 kè shì)","China"
"怪胎","guài tāi","freak / abnormal embryo",""
"引用","yǐn yòng","to quote / to cite",""
"强硬","qiáng yìng","tough / unyielding",""
"经受","jīng shòu","to undergo (hardship) / to endure",""
"就此","jiù cǐ","at this point / thus",""
"闪电","shǎn diàn","lightning",""
"丛林","cóng lín","jungle / thicket",""
"朵","duǒ","flower / earlobe / fig. item on both sides",""
"校园","xiào yuán","campus",""
"脚趾","jiǎo zhǐ","toe",""
"偏见","piān jiàn","prejudice / bias",""
"监督","jiān dū","to control / to supervise",""
"好友","hǎo yǒu","close friend / pal",""
"设定","shè dìng","to set / to set up",""
"一同","yì tóng","along / together",""
"剥夺","bō duó","to deprive / to expropriate",""
"不但","bú dàn","not only (... but also...)",""
"包含","bāo hán","to contain / to embody",""
"参赛","cān sài","to compete / to take part in a competition",""
"豆","dòu","bean / pea / sacrificial vessel",""
"雪茄","xuě jiā","cigar (loanword)",""
"额","é","forehead / horizontal tablet or inscribed board / specified number or amount",""
"起立","qǐ lì","to stand / Stand up!",""
"推销","tuī xiāo","to market / to sell",""
"激励","jī lì","to encourage / to urge",""
"体力","tǐ lì","physical strength / physical power",""
"时髦","shí máo","in vogue / fashionable",""
"名誉","míng yù","fame / reputation",""
"顺着","shùn zhe","to follow / following",""
"生来","shēng lái","from birth / by one's nature",""
"报答","bào dá","to repay / to requite",""
"认可","rèn kě","to approve / approval",""
"余地","yú dì","margin / leeway",""
"说笑","shuō xiào","to chat and laugh / to crack jokes",""
"请客","qǐng kè","to give a dinner party / to entertain guests",""
"进出","jìn chū","to enter or exit / to go through",""
"是非","shì fēi","right and wrong / quarrel",""
"刹车","shā chē","to brake (when driving) / to stop",""
"刀子","dāo zi","knife",""
"毛衣","máo yī","(wool) sweater",""
"青年","qīng nián","youth / youthful years",""
"季节","jì jié","time / season",""
"嘉宾","jiā bīn","esteemed guest / honored guest",""
"推迟","tuī chí","to postpone / to put off",""
"和谐","hé xié","harmonious / harmony",""
"离谱","lí pǔ","excessive / beyond reasonable limits",""
"鬼混","guǐ hùn","to hang around / to fool around",""
"绳","shéng","rope",""
"金色","jīn sè","golden / gold (color)",""
"葡萄酒","pú tao jiǔ","(grape) wine",""
"核心","hé xīn","core / nucleus",""
"自尊","zì zūn","self-respect / self-esteem",""
"住所","zhù suǒ","habitation / dwelling place",""
"占据","zhàn jù","to occupy / to hold",""
"崭新","zhǎn xīn","brand new",""
"认同","rèn tóng","to approve of / to endorse",""
"免得","miǎn de","so as not to / so as to avoid",""
"治安","zhì ān","law and order / public security",""
"球队","qiú duì","sports team (basketball, soccer, football etc)",""
"时装","shí zhuāng","fashion / fashionable clothes",""
"百老汇","bǎi lǎo huì","Broadway (New York City)",""
"曲子","qǔ zi","poem for singing / tune",""
"写作","xiě zuò","to write / to compose",""
"假发","jiǎ fà","wig",""
"浴","yù","bath / to bathe",""
"定罪","dìng zuì","to convict (someone of a crime)",""
"英文","yīng wén","English (language)",""
"统计","tǒng jì","statistics / to count",""
"打听","dǎ ting","to ask about / to make some inquiries",""
"平均","píng jūn","average / on average",""
"目的地","mù dì dì","destination (location)",""
"乱动","luàn dòng","to fiddle with / to tamper with",""
"去掉","qù diào","to get rid of / to exclude",""
"实","shí","real / true / honest",""
"愁","chóu","to worry about",""
"大喊大叫","dà hǎn dà jiào","shouting and screaming (idiom); to scream loudly / to rant",""
"正事","zhèng shì","one's proper business",""
"人心","rén xīn","popular feeling / the will of the people",""
"昂贵","áng guì","expensive / costly",""
"整夜","zhěng yè","the whole night / all through the night",""
"当面","dāng miàn","to someone's face / in someone's presence",""
"皇家","huáng jiā","royal / imperial household",""
"信封","xìn fēng","envelope",""
"脉搏","mài bó","pulse (both medical and figurative)",""
"真人","zhēn rén","a real person / Daoist spiritual master",""
"曝光","bào guāng","to expose (photography) / (fig.) to expose (a scandal)",""
"偷窃","tōu qiè","to steal / to pilfer",""
"高贵","gāo guì","grandeur / noble",""
"洗手","xǐ shǒu","to wash one's hands / to go to the toilet",""
"北部","běi bù","northern part",""
"日程","rì chéng","schedule / itinerary",""
"几率","jī lǜ","probability / odds",""
"教导","jiào dǎo","to instruct / to teach",""
"过时","guò shí","old-fashioned / out of date",""
"分成","fēn chéng","to divide (into) / to split a bonus",""
"垒","lěi","rampart / base (in baseball) / to build with stones, bricks etc",""
"大会","dà huì","general assembly / general meeting",""
"谷","gǔ","grain / corn",""
"财务","cái wù","financial affairs",""
"挖掘","wā jué","to excavate / to dig",""
"过量","guò liàng","excess / overdose",""
"上瘾","shàng yǐn","to get into a habit / to become addicted",""
"解散","jiě sàn","to dissolve / to disband",""
"解救","jiě jiù","to rescue / to help out of difficulties",""
"通向","tōng xiàng","to lead to",""
"闪亮","shǎn liàng","brilliant / shiny",""
"老家","lǎo jiā","native place / place of origin",""
"加快","jiā kuài","to accelerate / to speed up",""
"不满","bù mǎn","resentful / discontented",""
"来回","lái huí","to make a round trip / return journey",""
"活跃","huó yuè","active / lively",""
"夸奖","kuā jiǎng","to praise / to applaud",""
"起初","qǐ chū","originally / at first",""
"音乐会","yīn yuè huì","concert",""
"遗产","yí chǎn","heritage / legacy",""
"臀部","tún bù","butt / buttocks",""
"大块头","dà kuài tóu","heavy man / fat man",""
"使劲","shǐ jìn","to exert all one's strength",""
"飘","piāo","to float",""
"随机","suí jī","according to the situation / pragmatic",""
"束","shù","to bind / bunch / bundle",""
"捞","lāo","to fish up / to dredge up",""
"好比","hǎo bǐ","to be just like / can be compared to",""
"用心","yòng xīn","motive / intention",""
"涉嫌","shè xián","to be a suspect (in a crime) / to be suspected of",""
"憋","biē","to choke / to stifle / to restrain",""
"幽默感","yōu mò gǎn","sense of humor",""
"过人","guò rén","to surpass others / outstanding",""
"两边","liǎng bian","either side / both sides",""
"烂摊子","làn tān zi","terrible mess / shambles",""
"活生生","huó shēng shēng","real (people) / living (artist)",""
"停留","tíng liú","to stay somewhere temporarily / to stop over",""
"李","lǐ","plum",""
"蜘蛛","zhī zhū","spider",""
"民","mín","inhabitants of a country",""
"演唱会","yǎn chàng huì","vocal recital or concert",""
"日落","rì luò","sundown / sunset",""
"仪器","yí qì","instrument / apparatus",""
"宣誓","xuān shì","to swear an oath (of office) / to make a vow",""
"出狱","chū yù","to be released from prison",""
"驱逐","qū zhú","to expel / to deport",""
"病房","bìng fáng","ward (of a hospital) / sickroom",""
"光线","guāng xiàn","light ray / light",""
"浅","qiǎn","shallow / light (color)",""
"有毒","yǒu dú","poisonous",""
"杰作","jié zuò","masterpiece",""
"依旧","yī jiù","as before / still",""
"办到","bàn dào","to accomplish / to get something done",""
"比方","bǐ fang","analogy / instance",""
"显而易见","xiǎn ér yì jiàn","clearly and easy to see (idiom); obviously / clearly",""
"修女","xiū nǚ","nun or sister (of the Roman Catholic or Greek Orthodox churches)",""
"晚宴","wǎn yàn","banquet / dinner party",""
"神话","shén huà","legend / fairy tale",""
"预见","yù jiàn","to foresee / to predict",""
"战略","zhàn lüè","strategy",""
"铐","kào","shackles / fetters / manacle",""
"担保","dān bǎo","to guarantee / to vouch for",""
"英勇","yīng yǒng","heroic / gallant",""
"犯法","fàn fǎ","to break the law",""
"屈服","qū fú","to surrender / to succumb",""
"发狂","fā kuáng","crazy / mad",""
"好意","hǎo yì","good intention / kindness",""
"没戏","méi xì","not a chance / no way",""
"中途","zhōng tú","midway",""
"一部分","yí bù fen","portion / part of",""
"再也","zài yě","(not) any more",""
"自以为是","zì yǐ wéi shì","to believe oneself infallible (idiom) / to be opinionated",""
"丹","dān","red / pill (TCM: 丹药)",""
"可卡因","kě kǎ yīn","cocaine (loanword)",""
"埃及","āi jí","Egypt",""
"盗窃","dào qiè","to steal",""
"运行","yùn xíng","to move along one's course (of celestial bodies etc) / (fig.) to function",""
"收据","shōu jù","receipt",""
"血管","xuè guǎn","vein / artery",""
"童话","tóng huà","children's fairy tales",""
"开启","kāi qǐ","to open / to start",""
"爱河","ài hé","the river of love / a stumbling block on the path to enlightenment (Buddhism)",""
"仗","zhàng","weaponry / to hold (a weapon) / to wield",""
"甚","shèn","what / very / extremely",""
"一无所获","yì wú suǒ huò","to gain nothing / to end up empty-handed",""
"挑起","tiǎo qǐ","to provoke / to stir up",""
"万分","wàn fēn","very much / extremely",""
"麦克","mài kè","microphone (loanword)",""
"球员","qiú yuán","sports club member / footballer, golfer etc",""
"捐赠","juān zèng","to contribute (as a gift) / to donate",""
"贵族","guì zú","lord / nobility",""
"撤离","chè lí","to withdraw from / to evacuate",""
"凶杀","xiōng shā","to murder / assassination",""
"纤维","xiān wéi","fiber",""
"仪","yí","apparatus / rites / appearance",""
"梦见","mèng jiàn","to dream about (something or someone) / to see in a dream",""
"残","cán","to destroy / to spoil / to ruin",""
"古董","gǔ dǒng","curio / antique",""
"拜一","bài yī","Monday (Malaysian; = 星期一)","Malaysia"
"周一","zhōu yī","Monday (Malaysia: 拜一 bài yī)","China"
"集体","jí tǐ","collective (decision) / joint (effort)",""
"吸收","xī shōu","to absorb / to assimilate",""
"透过","tòu guò","to pass through / to penetrate",""
"富翁","fù wēng","rich person / millionaire",""
"安定","ān dìng","stable / quiet",""
"近来","jìn lái","recently / lately",""
"知情","zhī qíng","to know the facts / to understand",""
"诱人","yòu rén","attractive / alluring",""
"为难","wéi nán","to feel embarrassed or awkward / to make things difficult (for someone)",""
"碰面","pèng miàn","to meet / to run into (someone)",""
"当场","dāng chǎng","at the scene / on the spot",""
"难得","nán dé","seldom / rare",""
"极大","jí dà","maximum / enormous",""
"参议员","cān yì yuán","senator",""
"弗","fú","not",""
"董事会","dǒng shì huì","board of directors",""
"港","gǎng","harbor / port",""
"元素","yuán sù","element / element of a set",""
"争夺","zhēng duó","to fight over / to contest",""
"发烧","fā shāo","to have a high temperature (from illness) / to have a fever",""
"架子","jià zi","shelf / frame",""
"腐烂","fǔ làn","to rot / to putrefy",""
"推进","tuī jìn","to impel / to carry forward",""
"苏打","sū dá","soda (loanword)",""
"制止","zhì zhǐ","to curb / to put a stop to",""
"华丽","huá lì","gorgeous",""
"预计","yù jì","to forecast / to predict",""
"罕见","hǎn jiàn","rare / rarely seen",""
"火鸡","huǒ jī","turkey",""
"福利","fú lì","material benefit / benefit in kind",""
"也好","yě hǎo","that's fine / may as well",""
"包装","bāo zhuāng","to pack / to package",""
"注视","zhù shì","to watch attentively / to gaze at",""
"单子","dān zi","list of items / bill",""
"轨道","guǐ dào","track (for trains etc) / orbit (of a satellite)",""
"暗杀","àn shā","to assassinate",""
"微","wēi","tiny / miniature / slightly",""
"资助","zī zhù","to subsidize / to provide financial aid",""
"诗人","shī rén","bard / poet",""
"草坪","cǎo píng","lawn",""
"丑闻","chǒu wén","scandal",""
"挣钱","zhèng qián","to make money",""
"气息","qì xī","breath / smell",""
"差别","chā bié","difference / distinction",""
"答复","dá fù","to answer / to reply",""
"懒","lǎn","lazy",""
"裹","guǒ","to bind / to wrap / a bundle",""
"辞","cí","to resign / to dismiss / to decline",""
"转告","zhuǎn gào","to pass on / to communicate",""
"祸","huò","disaster / misfortune / calamity",""
"索","suǒ","to search / to demand / to ask",""
"电力","diàn lì","electrical power / electricity",""
"管理员","guǎn lǐ yuán","manager / administrator",""
"必需","bì xū","to need / to require",""
"出走","chū zǒu","to leave home / to go off",""
"忠","zhōng","loyal / devoted / honest",""
"高跟鞋","gāo gēn xié","high-heeled shoes",""
"举手","jǔ shǒu","to raise a hand / to put up one's hand (as signal)",""
"甜美","tián měi","sweet / pleasant",""
"同情心","tóng qíng xīn","compassion / sympathy",""
"预","yù","to advance / in advance / beforehand",""
"下车","xià chē","to get off (a bus, train, car)",""
"心碎","xīn suì","heartbroken / extreme depth of sorrow",""
"责备","zé bèi","to blame / to criticize",""
"军官","jūn guān","officer (military)",""
"感应","gǎn yìng","response / reaction",""
"恐","kǒng","afraid / frightened / to fear",""
"税","shuì","taxes / duties",""
"急诊室","jí zhěn shì","emergency room",""
"运输","yùn shū","to transport / to carry",""
"工程师","gōng chéng shī","engineer",""
"闪开","shǎn kāi","to get out of the way",""
"情侣","qíng lǚ","sweethearts / lovers",""
"下令","xià lìng","to give an order / to command",""
"双重","shuāng chóng","double",""
"口信","kǒu xìn","oral message",""
"精英","jīng yīng","cream / elite",""
"保障","bǎo zhàng","to ensure / to guarantee",""
"势力","shì li","power / (ability to) influence",""
"抗拒","kàng jù","to resist / to defy",""
"收费","shōu fèi","to charge a fee",""
"协调","xié tiáo","to coordinate / to harmonize",""
"缘故","yuán gù","reason / cause",""
"拉开","lā kāi","to pull open / to pull apart",""
"恶劣","è liè","vile / nasty",""
"功劳","gōng láo","contribution / meritorious service",""
"上下","shàng xià","up and down / top and bottom",""
"作风","zuò fēng","style / style of work",""
"温馨","wēn xīn","comfort / soft and fragrant",""
"保险箱","bǎo xiǎn xiāng","safe deposit box / a safe",""
"威","wēi","power / might / prestige",""
"新泽西","xīn zé xī","New Jersey",""
"彩","cǎi","(bright) color / variety / applause",""
"竞赛","jìng sài","race / competition",""
"援助","yuán zhù","to help / to support",""
"工业","gōng yè","industry",""
"性生活","xìng shēng huó","sex life",""
"发行","fā xíng","to publish / to issue (stocks, currency etc)",""
"烤肉","kǎo ròu","barbecue (lit. roast meat)",""
"债","zhài","debt",""
"国外","guó wài","abroad / external (affairs)",""
"遗弃","yí qì","to leave / to abandon",""
"缺陷","quē xiàn","defect / flaw",""
"运转","yùn zhuǎn","to work / to operate",""
"私事","sī shì","personal matters",""
"出差","chū chāi","to go on a business trip",""
"优点","yōu diǎn","merit / benefit",""
"加倍","jiā bèi","to double / to redouble",""
"外出","wài chū","to go out / to go away (on a trip etc)",""
"纪念品","jì niàn pǐn","souvenir",""
"早期","zǎo qī","early period / early phase",""
"信赖","xìn lài","to trust / to have confidence in",""
"不至于","bú zhì yú","unlikely to go so far as to / not as bad as",""
"厨","chú","kitchen",""
"瓦","wǎ","roof tile",""
"鼻","bí","nose",""
"民主","mín zhǔ","democracy",""
"毒药","dú yào","poison",""
"伤痕","shāng hén","scar / bruise",""
"衬衣","chèn yī","shirt (Malaysia: 恤衫 xù shān)","China"
"软件","ruǎn jiàn","(computer) software",""
"抉择","jué zé","to choose (literary)",""
"发掘","fā jué","to excavate / to explore",""
"让开","ràng kāi","to get out of the way / to step aside",""
"东部","dōng bù","the east / eastern part",""
"埋葬","mái zàng","to bury",""
"盛大","shèng dà","grand / majestic",""
"秋天","qiū tiān","autumn",""
"履行","lǚ xíng","to fulfill (one's obligations) / to carry out (a task)",""
"比喻","bǐ yù","to compare / to liken to",""
"按时","àn shí","on time / before deadline",""
"嫌","xián","to dislike / suspicion / resentment",""
"拿手","ná shǒu","expert in / good at",""
"另一方面","lìng yì fāng miàn","on the other hand / another aspect",""
"球场","qiú chǎng","stadium / sports ground",""
"帐篷","zhàng peng","tent",""
"罐子","guàn zi","jar / pitcher",""
"渡","dù","to cross / to pass through / to ferry",""
"转换","zhuǎn huàn","to change / to switch",""
"部位","bù wèi","position / place",""
"妥","tuǒ","suitable / adequate / ready",""
"取出","qǔ chū","to take out / to extract",""
"横","héng","horizontal / across / crosswise",""
"破裂","pò liè","to rupture / to fracture",""
"肿","zhǒng","to swell / swelling / swollen",""
"少数","shǎo shù","small number / few",""
"反映","fǎn yìng","to mirror / to reflect",""
"倾诉","qīng sù","to say everything (that is on one's mind)",""
"早已","zǎo yǐ","long ago / for a long time",""
"蝙蝠","biān fú","bat",""
"狮子","shī zi","lion",""
"会议室","huì yì shì","meeting room / conference room",""
"巨人","jù rén","giant",""
"异性","yì xìng","the opposite sex / of the opposite sex",""
"头盔","tóu kuī","helmet",""
"中毒","zhòng dú","to be poisoned / poisoning",""
"癖","pǐ","habit / hobby",""
"巨","jù","very large / huge / tremendous",""
"畜生","chù sheng","domestic animal / brute",""
"大衣","dà yī","overcoat / topcoat",""
"水管","shuǐ guǎn","water pipe",""
"泄漏","xiè lòu","(of a liquid or gas) to leak / to divulge (a secret)",""
"制度","zhì dù","system (e.g. political, adminstrative etc) / institution",""
"损坏","sǔn huài","to damage / to injure",""
"跟随","gēn suí","to follow",""
"分辨","fēn biàn","to distinguish / to differentiate",""
"伸出","shēn chū","to extend",""
"无权","wú quán","to have no right / to have no authority",""
"得意","dé yì","proud of oneself / pleased with oneself",""
"境地","jìng dì","circumstances",""
"帮派","bāng pài","gang / faction",""
"幽灵","yōu líng","specter / apparition",""
"枪支","qiāng zhī","a gun / guns in general",""
"坑","kēng","hole / pit / tunnel",""
"镇静","zhèn jìng","calm / cool",""
"打碎","dǎ suì","to shatter / to smash",""
"床单","chuáng dān","bed sheet",""
"交出","jiāo chū","to hand over",""
"上级","shàng jí","higher authorities / superiors",""
"广","guǎng","wide / numerous / to spread",""
"尺寸","chǐ cun","size / dimension",""
"片刻","piàn kè","short period of time / a moment",""
"熟人","shú rén","acquaintance / friend",""
"举起","jǔ qǐ","to heave / to lift",""
"委托人","wěi tuō rén","trustor",""
"佛","fó","Buddha / Buddhist",""
"老虎","lǎo hǔ","tiger",""
"买家","mǎi jiā","buyer / client",""
"源","yuán","root / source / origin",""
"瑞士","ruì shì","Switzerland",""
"小鸟","xiǎo niǎo","small bird / young bird (hatchling, nestling, fledgling, chick)",""
"手册","shǒu cè","manual / handbook",""
"紫色","zǐ sè","purple / violet (color)",""
"键","jiàn","key (on a piano or computer keyboard) / button (on a mouse or other device) / chemical bond",""
"唤醒","huàn xǐng","to wake someone / to rouse",""
"邮","yóu","post (office) / mail",""
"公事","gōng shì","work-related matters / documents",""
"面部","miàn bù","face (body part)",""
"心烦","xīn fán","to feel agitated / to be troubled",""
"宣称","xuān chēng","to assert / to claim",""
"垃圾桶","lā jī tǒng","rubbish bin / trash can",""
"顽固","wán gù","stubborn / obstinate",""
"往事","wǎng shì","past events / former happenings",""
"编造","biān zào","to compile / to draw up",""
"往往","wǎng wǎng","usually / in many cases",""
"朝着","cháo zhe","facing / advancing (towards)",""
"悬","xuán","to hang or suspend / to worry / public announcement",""
"伴随","bàn suí","to accompany / to follow",""
"鲨鱼","shā yú","shark",""
"童","tóng","child",""
"麦克风","mài kè fēng","microphone (loanword)",""
"伤疤","shāng bā","scar",""
"暖和","nuǎn huo","warm / nice and warm",""
"虔诚","qián chéng","pious / devout",""
"新生","xīn shēng","new / newborn",""
"立马","lì mǎ","at once / immediately",""
"听从","tīng cóng","to listen and obey / to comply with",""
"各种各样","gè zhǒng gè yàng","various kinds / all sorts",""
"亲口","qīn kǒu","one's own mouth / fig. in one's own words",""
"陛下","bì xià","Your Majesty / His or Her Majesty",""
"巴西","bā xī","Brazil",""
"会员","huì yuán","member",""
"阴","yīn","overcast (weather) / cloudy / shady",""
"笼子","lóng zi","cage / basket",""
"奖品","jiǎng pǐn","award / prize",""
"主妇","zhǔ fù","housewife / woman of senior authority in a household",""
"钞票","chāo piào","paper money / a bill (e.g. 100 yuan)",""
"星期二","xīng qī èr","Tuesday",""
"苍蝇","cāng ying","housefly",""
"牛油","niú yóu","butter (in China 牛油 means beef tallow)","Malaysia"
"黄油","huáng yóu","butter (Malaysia: 牛油 niú yóu)","China"
"生长","shēng zhǎng","to grow",""
"恶棍","è gùn","scoundrel / rogue",""
"星期四","xīng qī sì","Thursday",""
"崩","bēng","to collapse / to fall into ruins / death of king or emperor",""
"实情","shí qíng","actual situation / truth",""
"安置","ān zhì","to find a place for / to help settle down",""
"阻挡","zǔ dǎng","to stop / to resist",""
"拿到","ná dào","to get / to obtain",""
"以至于","yǐ zhì yú","down to / up to",""
"无力","wú lì","powerless / lacking strength",""
"强行","qiáng xíng","to do something by force",""
"都会","dū huì","city / metropolis",""
"虎","hǔ","tiger",""
"怪兽","guài shòu","rare animal / mythical animal",""
"马戏团","mǎ xì tuán","circus",""
"影像","yǐng xiàng","image",""
"鉴定","jiàn dìng","to appraise / to identify",""
"培训","péi xùn","to cultivate / to train",""
"场地","chǎng dì","space / site",""
"您好","nín hǎo","hello (polite)",""
"迷恋","mí liàn","to be infatuated with / to be enchanted by",""
"用力","yòng lì","to exert oneself physically",""
"会合","huì hé","to meet / to rendezvous",""
"共享","gòng xiǎng","to share / to enjoy together",""
"掺","càn","to grasp",""
"何况","hé kuàng","let alone / to say nothing of",""
"竭尽全力","jié jìn quán lì","to spare no effort (idiom); to do one's utmost",""
"自找","zì zhǎo","to suffer as a consequence of one's own actions / you asked for it",""
"与否","yǔ fǒu","whether or not (at the end of a phrase)",""
"空军","kōng jūn","air force",""
"鸭子","yā zi","duck / male prostitute (slang)",""
"氧气","yǎng qì","oxygen",""
"不明","bù míng","not clear / unknown",""
"军方","jūn fāng","military",""
"北方","běi fāng","north / the northern part a country",""
"中断","zhōng duàn","to cut short / to break off",""
"坠入","zhuì rù","to drop into / to fall into",""
"涨","zhǎng","to rise (of prices, rivers)",""
"揭露","jiē lù","to expose / to unmask",""
"出手","chū shǒu","to dispose of / to spend (money)",""
"亡","wáng","to die / to lose / to be gone",""
"上钩","shàng gōu","to take the bait",""
"截","jié","to cut off (a length) / to stop / to intercept",""
"复","fù","to go and return / to return / to resume",""
"得出","dé chū","to obtain (results) / to arrive at (a conclusion)",""
"丧命","sàng mìng","to lose one's life",""
"预期","yù qī","to expect / to anticipate",""
"哈罗","hā luó","hello (loanword)",""
"呜","wū","for humming or whimpering",""
"梦幻","mèng huàn","dream / illusion",""
"频率","pín lǜ","frequency",""
"维修","wéi xiū","maintenance (of equipment) / to protect and maintain",""
"魂","hún","soul / spirit / immortal soul, i.e. that can be detached from the body",""
"肤色","fū sè","skin color",""
"致敬","zhì jìng","to salute / to pay one's respects to",""
"忽然","hū rán","suddenly / all of a sudden",""
"跌","diē","to fall",""
"替代","tì dài","to substitute for / to replace",""
"兜","dōu","pocket / bag / to wrap up or hold in a bag",""
"厌","yàn","to loathe",""
"得逞","dé chěng","to prevail / to have one's way",""
"魔术","mó shù","magic",""
"石油","shí yóu","oil / petroleum",""
"勇士","yǒng shì","a warrior / a brave person",""
"听证会","tīng zhèng huì","(legislative) hearing",""
"轮椅","lún yǐ","wheelchair",""
"布鲁克林","bù lǔ kè lín","Brooklyn",""
"真理","zhēn lǐ","truth",""
"证物","zhèng wù","exhibit (law)",""
"旗","qí","banner / flag / (in Qing times) Manchu (cf. )",""
"贩毒","fàn dú","to traffic narcotics / drugs trade",""
"家园","jiā yuán","home / homeland",""
"开庭","kāi tíng","to begin a (judicial) court session",""
"首都","shǒu dū","capital (city)",""
"护送","hù sòng","to escort / to accompany",""
"酒后","jiǔ hòu","after drinking / under the influence of alcohol",""
"饥饿","jī è","hunger / starvation",""
"身高","shēn gāo","(a person's) height",""
"散钱","sàn qián","loose change / small coins","Malaysia"
"零钱","líng qián","change (of money) / small change (Malaysia: 散钱 sàn qián)","China"
"全力以赴","quán lì yǐ fù","to do at all costs / to make an all-out effort",""
"袭","xí","to attack / to inherit / measure word for suits (esp. of funeral robes)",""
"加班","jiā bān","to work overtime",""
"入睡","rù shuì","to fall asleep",""
"藏身","cáng shēn","to hide / to go into hiding",""
"一塌糊涂","yì tā hú tu","muddled and completely collapsing (idiom); in an awful condition / complete shambles",""
"归来","guī lái","to return / to come back",""
"折腾","zhē teng","to toss from side to side (e.g. sleeplessly) / to repeat something over and over again",""
"部长","bù zhǎng","head of a (government etc) department / section chief",""
"旧金山","jiù jīn shān","San Francisco, California",""
"时空","shí kōng","time and place / world of a particular locale and era",""
"宾馆","bīn guǎn","guesthouse / lodge (Malaysia: 酒店 jiǔ diàn)","China"
"门票","mén piào","ticket (for theater, cinema etc)",""
"铃","líng","(small) bell",""
"阁楼","gé lóu","garret / loft",""
"麻醉","má zuì","anesthesia / (fig.) to poison (someone's mind)",""
"墓地","mù dì","cemetery / graveyard",""
"通信","tōng xìn","to correspond (by letter etc) / to communicate",""
"终极","zhōng jí","ultimate / final",""
"电线","diàn xiàn","wire / power cord",""
"流浪","liú làng","to drift about / to wander",""
"前方","qián fāng","ahead / the front",""
"液体","yè tǐ","liquid",""
"脚步","jiǎo bù","footstep / step",""
"偷看","tōu kàn","to peep / to peek",""
"上楼","shàng lóu","to go upstairs",""
"澄清","chéng qīng","clear (of liquid) / limpid",""
"担忧","dān yōu","to worry / to be concerned",""
"话说","huà shuō","It is said that ... (at the start of a narrative) / to discuss",""
"密切","mì qiè","close / familiar",""
"眼熟","yǎn shú","familiar-looking / to seem familiar",""
"以免","yǐ miǎn","in order to avoid / so as not to",""
"偶","ǒu","accidental / image / pair",""
"哈佛","hā fó","Harvard",""
"游艇","yóu tǐng","barge / yacht",""
"枪声","qiāng shēng","crack / shooting sound",""
"裁决","cái jué","ruling / adjudication",""
"电源","diàn yuán","electric power source",""
"集会","jí huì","to gather / assembly",""
"灰色","huī sè","gray / ash gray",""
"自卫","zì wèi","self-defense",""
"飙","biāo","whirlwind / violent wind",""
"突出","tū chū","prominent / outstanding",""
"出示","chū shì","to show / to take out and show to others",""
"奏效","zòu xiào","to show results / effective",""
"升起","shēng qǐ","to raise / to hoist",""
"嘿嘿","hēi hēi","mischievous laughter",""
"倾","qīng","to overturn / to collapse / to lean",""
"退缩","tuì suō","to shrink back / to cower",""
"惊吓","jīng xià","to frighten / to horrify",""
"此时此刻","cǐ shí cǐ kè","at this very moment",""
"家门","jiā mén","house door / family clan",""
"对比","duì bǐ","to contrast / contrast",""
"好心","hǎo xīn","kindness / good intentions",""
"事态","shì tài","situation / existing state of affairs",""
"看成","kàn chéng","to regard as",""
"东京","dōng jīng","Tokyo/ Tonkin (northern Vietnam during the French colonial period)",""
"纳粹","nà cuì","Nazi (loanword)",""
"裁判","cái pàn","judgment / to referee",""
"和解","hé jiě","to settle (a dispute out of court) / to reconcile",""
"骗局","piàn jú","a swindle / a trap",""
"自首","zì shǒu","to give oneself up / to surrender (to the authorities)",""
"浮","fú","to float / superficial / floating",""
"艺术品","yì shù pǐn","art piece / work of art",""
"求救","qiú jiù","to seek help (when in distress or having difficulties)",""
"加利福尼亚","jiā lì fú ní yà","California",""
"脚踝","jiǎo huái","ankle",""
"破案","pò àn","to solve a case / shabby old table",""
"谋杀罪","móu shā zuì","murder",""
"心意","xīn yì","regard / kindly feelings",""
"利润","lì rùn","profits",""
"避","bì","to avoid / to shun / to flee",""
"沉重","chén zhòng","heavy / hard",""
"一级","yì jí","first class / category A",""
"权威","quán wēi","authority / authoritative",""
"越过","yuè guò","to cross over / to transcend",""
"体现","tǐ xiàn","to embody / to reflect",""
"海盗","hǎi dào","pirate",""
"马克","mǎ kè","mark (monetary unit)",""
"帕","pà","to wrap / kerchief / handkerchief",""
"西雅图","xī yǎ tú","Seattle, Washington State",""
"实习","shí xí","to practice / field work",""
"蛋蛋","dàn dàn","balls (testicles)",""
"药品","yào pǐn","medicaments / medicine",""
"民众","mín zhòng","populace / masses",""
"砰","pēng","thump",""
"村庄","cūn zhuāng","village / hamlet",""
"猎","liè","hunting",""
"遇害","yù hài","to be murdered",""
"背包","bēi bāo","knapsack / rucksack",""
"穷人","qióng rén","poor people / the poor",""
"城镇","chéng zhèn","town / cities and towns",""
"房地产","fáng dì chǎn","real estate",""
"照相","zhào xiàng","to take a photograph",""
"监视器","jiān shì qì","security camera / surveillance monitor",""
"融化","róng huà","to melt / to thaw",""
"猎物","liè wù","prey",""
"学费","xué fèi","tuition fee / tuition",""
"条款","tiáo kuǎn","clause (of contract or law)",""
"房产","fáng chǎn","real estate / the property market (e.g. houses)",""
"后背","hòu bèi","the back (human anatomy) / the back part of something",""
"拐","guǎi","to turn (a corner etc) / to kidnap / to swindle",""
"危害","wēi hài","to jeopardize / to harm",""
"后座","hòu zuò","empress's throne / (fig.) first place in a feminine competition",""
"安宁","ān níng","peaceful / tranquil",""
"追逐","zhuī zhú","to chase / to pursue vigorously",""
"休想","xiū xiǎng","don't think (that) / don't imagine (that)",""
"溜走","liū zǒu","to slip away / to leave secretly",""
"柔软","róu ruǎn","soft",""
"体面","tǐ miàn","dignity / face (as in ""losing face"")",""
"得以","dé yǐ","able to / so that someone can",""
"坏话","huài huà","unpleasant talk / malicious words",""
"难题","nán tí","difficult problem",""
"占用","zhàn yòng","to occupy",""
"模","mó","to imitate / model / norm",""
"探长","tàn zhǎng","(police) detective",""
"古巴","gǔ bā","Cuba",""
"火箭","huǒ jiàn","rocket",""
"泳池","yǒng chí","swimming pond",""
"丫头","yā tou","girl / lass (Malaysia: 女孩 nǚ hái)","China"
"星期三","xīng qī sān","Wednesday",""
"烧烤","shāo kǎo","barbecue / to roast",""
"失常","shī cháng","not normal / an aberration",""
"特权","tè quán","prerogative / privilege",""
"小伙","xiǎo huǒ","young guy / lad (Malaysia: 年轻人 nián qīng rén)","China"
"捆","kǔn","a bunch / to tie together / bundle",""
"无敌","wú dí","unequalled / without rival",""
"传真","chuán zhēn","fax / facsimile",""
"瘫痪","tān huàn","paralysis / be paralyzed (body, transportation, etc)",""
"此地","cǐ dì","here / this place",""
"羞","xiū","shy / ashamed / shame",""
"言语","yán yu","to speak / to tell",""
"悄悄","qiāo qiāo","quietly / secretly",""
"具备","jù bèi","to possess / to have",""
"构成","gòu chéng","to constitute / to form",""
"传出","chuán chū","to transmit outwards / to disseminate",""
"不得了","bù dé liǎo","desperately serious / disastrous",""
"放过","fàng guò","to let off / to let slip by",""
"正要","zhèng yào","to be just about to / to be on the point of",""
"拳击","quán jī","boxing",""
"隆","lóng","grand / intense / prosperous",""
"柠檬","níng méng","lemon",""
"尊","zūn","senior / of a senior generation / to honor",""
"豪","háo","grand / heroic",""
"技能","jì néng","technical ability / skill",""
"轰","hōng","explosion / bang / boom",""
"靓","liàng","pretty / good-looking (Malaysian 'leng')","Malaysia"
"岗位","gǎng wèi","a post / a job",""
"末","mò","tip / end / final stage",""
"下雨","xià yǔ","to rain",""
"束缚","shù fù","to bind / to restrict",""
"夸","kuā","to boast / to exaggerate / to praise",""
"惊慌","jīng huāng","to panic / to be alarmed",""
"运送","yùn sòng","to transport / to carry",""
"传闻","chuán wén","rumor",""
"鬼话","guǐ huà","lie / false words",""
"至关重要","zhì guān zhòng yào","extremely important / vital",""
"像样","xiàng yàng","presentable / decent",""
"众多","zhòng duō","numerous",""
"可言","kě yán","it may be said",""
"热线","rè xiàn","hotline (communications link)",""
"夜总会","yè zǒng huì","nightclub / nightspot",""
"大火","dà huǒ","conflagration / large fire",""
"国土","guó tǔ","country's territory / national land",""
"寡妇","guǎ fu","widow",""
"裔","yì","descendants / frontier",""
"文学","wén xué","literature",""
"衰","shuāi","to decline / to wane / to become weak or feeble",""
"劳","láo","to toil / labor / laborer",""
"财政","cái zhèng","finances (public) / financial",""
"贱货","jiàn huò","bitch / slut",""
"言论","yán lùn","expression of opinion / views",""
"步行","bù xíng","to go on foot / to walk",""
"记号","jì hao","mark / symbol",""
"罪案","zuì àn","a criminal case",""
"各就各位","gè jiù gè wèi","(of the people in a group) to get into position (idiom) / (athletics) On your mark!",""
"虽","suī","although / even though",""
"老式","lǎo shì","old-fashioned / old type",""
"深夜","shēn yè","very late at night",""
"先前","xiān qián","before / previously",""
"大惊小怪","dà jīng xiǎo guài","to make a fuss about nothing (idiom)",""
"来看","lái kàn","to come and see / to see a topic from a certain point of view",""
"直言","zhí yán","to speak forthrightly / to talk bluntly",""
"宫","gōng","palace / temple / castration (as corporal punishment)",""
"大便","dà biàn","to defecate / excrement",""
"血统","xuè tǒng","blood relationship / lineage",""
"动脉","dòng mài","artery",""
"信件","xìn jiàn","letter (sent by mail)",""
"赎","shú","to redeem / to ransom",""
"占领","zhàn lǐng","to occupy (a territory) / to hold",""
"冰块","bīng kuài","ice cube / ice chunk",""
"重量","zhòng liàng","weight",""
"转向","zhuǎn xiàng","to change direction / fig. to change one's stance",""
"祈求","qí qiú","to pray for / to appeal",""
"禽兽","qín shòu","birds and animals / creature",""
"入狱","rù yù","to go to jail / to be sent to prison",""
"溅","jiàn","to splash",""
"告发","gào fā","to lodge an accusation / accusation (law)",""
"破烂","pò làn","worn-out / rotten",""
"出入","chū rù","to go out and come in / entrance and exit",""
"支撑","zhī chēng","to prop up / to support",""
"想象力","xiǎng xiàng lì","imagination",""
"含有","hán yǒu","to contain / including",""
"大钱","dà qián","large sum of money / old Chinese type of coin of high denomination",""
"暴躁","bào zào","irascible / irritable",""
"规模","guī mó","scale / scope",""
"匆忙","cōng máng","hasty / hurried",""
"晋级","jìn jí","to advance in rank / promotion",""
"己","jǐ","self / oneself / sixth of the ten Heavenly Stems",""
"物体","wù tǐ","object / body",""
"出租","chū zū","to rent",""
"审","shěn","to examine / to investigate / carefully",""
"劳驾","láo jià","excuse me",""
"抑郁","yì yù","depressed / despondent",""
"中弹","zhòng dàn","hit by a bullet / shot",""
"撬","qiào","to lift / to pry open / to lever open",""
"敌","dí","enemy / to be a match for / to rival",""
"家属","jiā shǔ","family member / (family) dependent",""
"视觉","shì jué","sight / vision",""
"剂量","jì liàng","dosage / prescribed dose of medicine",""
"接待","jiē dài","to receive (a visitor) / to admit (allow someone to enter)",""
"抬头","tái tóu","to raise one's head / to gain ground",""
"裂","liè","to split / to crack / to break open",""
"惹火","rě huǒ","to stir up the fire / fig. to provoke and offend people",""
"存活","cún huó","to survive (a serious accident) / survival",""
"在座","zài zuò","to be present",""
"闻到","wén dào","to smell / to sniff something out",""
"起见","qǐ jiàn","motive / purpose",""
"德克萨斯","dé kè sà sī","Texas",""
"奖学金","jiǎng xué jīn","scholarship",""
"流浪汉","liú làng hàn","tramp / wanderer",""
"笔记","bǐ jì","to take down (in writing) / notes",""
"警戒","jǐng jiè","to warn / to alert",""
"疑","yí","to doubt / to suspect",""
"巨星","jù xīng","(astronomy) giant star / (fig.) superstar (of opera, basketball etc)",""
"贩卖","fàn mài","to sell / to peddle",""
"嚷嚷","rāng rang","to argue noisily / to shout",""
"顶尖","dǐng jiān","peak / apex",""
"外界","wài jiè","the outside world / external",""
"异议","yì yì","objection / dissent",""
"精灵","jīng líng","spirit / fairy",""
"朗","lǎng","clear / bright",""
"遗嘱","yí zhǔ","testament / will",""
"村子","cūn zi","village",""
"出价","chū jià","to bid",""
"领养","lǐng yǎng","adoption / to adopt (a child)",""
"私家","sī jiā","private / privately owned or managed",""
"燃料","rán liào","fuel",""
"模拟","mó nǐ","imitation / to simulate",""
"海报","hǎi bào","poster / playbill",""
"粒","lì","grain / granule / measure word for small round things (peas, bullets, peanuts, pills, grains etc)",""
"冷气","lěng qì","air-conditioning / air-con","Malaysia"
"空调","kōng tiáo","air conditioning / air conditioner (including units that have a heating mode) (Malaysia: 冷气 lěng qì)","China"
"墙壁","qiáng bì","wall",""
"特色","tè sè","characteristic / distinguishing feature or quality",""
"发起","fā qǐ","to originate / to initiate",""
"牵连","qiān lián","to implicate / implicated",""
"胡闹","hú nào","to act willfully and make a scene / to make trouble",""
"迟钝","chí dùn","slow in one's reactions / sluggish (in movement or thought)",""
"初步","chū bù","initial / preliminary",""
"半辈子","bàn bèi zi","half of a lifetime",""
"风声","fēng shēng","sound of the wind / rumor",""
"鹰","yīng","eagle / falcon / hawk",""
"猎人","liè rén","hunter",""
"动物园","dòng wù yuán","zoo",""
"港口","gǎng kǒu","port / harbor",""
"头衔","tóu xián","title / rank",""
"太平洋","tài píng yáng","Pacific Ocean",""
"高层","gāo céng","high level / high class",""
"瘾","yǐn","addiction / craving",""
"筒","tǒng","tube / cylinder / to encase in something cylindrical (such as hands in sleeves etc)",""
"台阶","tái jiē","steps / flight of steps",""
"粉色","fěn sè","pink / white",""
"恩怨","ēn yuàn","gratitude and grudges / resentment",""
"查明","chá míng","to investigate and find out / to ascertain",""
"当局","dāng jú","authorities",""
"增长","zēng zhǎng","to grow / to increase",""
"宁静","níng jìng","tranquil / tranquility",""
"靠边","kào biān","to keep to the side / to pull over",""
"漏洞","lòu dòng","leak / hole",""
"依据","yī jù","according to / basis",""
"无助","wú zhù","helpless / helplessness",""
"特点","tè diǎn","characteristic (feature) / trait",""
"不已","bù yǐ","endlessly / incessantly",""
"冲浪","chōng làng","to surf / surfing",""
"浪","làng","wave / breaker / unrestrained",""
"辩","biàn","to dispute / to debate / to argue",""
"介","jiè","to introduce / to lie between / between",""
"乘坐","chéng zuò","to ride (in a vehicle)",""
"单词","dān cí","word",""
"幻","huàn","fantasy",""
"老太太","lǎo tài tai","elderly lady (respectful) / esteemed mother",""
"肋骨","lèi gǔ","rib",""
"野餐","yě cān","picnic / to have a picnic",""
"亦","yì","also",""
"强制","qiáng zhì","to enforce / enforcement",""
"地带","dì dài","zone",""
"眼下","yǎn xià","now / at present",""
"规律","guī lǜ","rule (e.g. of science) / law of behavior",""
"鼓舞","gǔ wǔ","heartening (news) / to boost (morale)",""
"挑剔","tiāo ti","picky / fussy",""
"来往","lái wǎng","to come and go / to have dealings with",""
"心底","xīn dǐ","bottom of one's heart",""
"佩服","pèi fú","to admire",""
"损害","sǔn hài","harm / to damage",""
"统统","tǒng tǒng","totally",""
"可行","kě xíng","feasible",""
"大多","dà duō","for the most part / many",""
"充足","chōng zú","adequate / sufficient",""
"移植","yí zhí","to transplant",""
"狱","yù","prison",""
"箭","jiàn","arrow",""
"马车","mǎ chē","cart / chariot",""
"代码","dài mǎ","code",""
"湾","wān","bay / gulf / to cast anchor",""
"徽章","huī zhāng","badge / emblem",""
"弟兄","dì xiong","brothers / comrade",""
"道具","dào jù","prop (theater) / paraphernalia",""
"歧视","qí shì","to discriminate against / discrimination",""
"姐","jiě","older sister",""
"测验","cè yàn","test / to test",""
"医学院","yī xué yuàn","medical school",""
"祖国","zǔ guó","motherland",""
"棍子","gùn zi","stick / rod",""
"删","shān","to delete",""
"聋","lóng","deaf",""
"签约","qiān yuē","to sign a contract or agreement",""
"天分","tiān fèn","natural gift / talent",""
"现身","xiàn shēn","to show oneself / to appear",""
"效力","xiào lì","effectiveness / positive effect",""
"消化","xiāo huà","to digest / digestion",""
"对准","duì zhǔn","to aim at / to target",""
"看样子","kàn yàng zi","it seems / it looks as if",""
"胆子","dǎn zi","courage / nerve",""
"飞过","fēi guò","to fly over / to fly past",""
"说服力","shuō fú lì","persuasiveness",""
"卡拉","kǎ lā","karaoke",""
"网球","wǎng qiú","tennis / tennis ball",""
"报导","bào dǎo","to report (in the media) / (news) report",""
"老二","lǎo èr","second-eldest child in a family / (euphemism) penis",""
"花生","huā shēng","peanut / groundnut",""
"滑雪","huá xuě","to ski / skiing",""
"气球","qì qiú","balloon",""
"进化","jìn huà","evolution",""
"刑事","xíng shì","criminal / penal",""
"火花","huǒ huā","spark / sparkle",""
"平凡","píng fán","commonplace / ordinary",""
"办案","bàn àn","to handle a case",""
"兑现","duì xiàn","(of a check etc) to cash / to honor a commitment",""
"席","xí","woven mat / seat / banquet",""
"偿还","cháng huán","to repay / to reimburse",""
"伤感","shāng gǎn","sad / emotional",""
"似","sì","like / to seem",""
"观念","guān niàn","notion / thought",""
"递","dì","to hand over / to pass on something / to gradually increase or decrease",""
"从而","cóng ér","thus / thereby",""
"成天","chéng tiān","all day long / all the time",""
"散发","sàn fā","to distribute / to emit",""
"年头","nián tóu","start of the year / whole year",""
"伯","bó","father's elder brother / senior / paternal elder uncle",""
"大象","dà xiàng","elephant",""
"剥","bō","to peel / to skin / to flay",""
"峡谷","xiá gǔ","canyon / gill",""
"乳房","rǔ fáng","breast / udder",""
"会计","kuài jì","accountant / accountancy",""
"相片","xiàng piàn","image / photograph",""
"打斗","dǎ dòu","to fight",""
"血腥","xuè xīng","reeking of blood / bloody (events)",""
"征兆","zhēng zhào","omen / sign (that something is about to happen)",""
"监听","jiān tīng","to monitor / to listen in",""
"诱饵","yòu ěr","bait",""
"选出","xuǎn chū","to pick out / to select",""
"激进","jī jìn","radical / extreme",""
"喝茶","hē chá","to drink tea",""
"邀","yāo","to invite / to request / to intercept",""
"抗争","kàng zhēng","to resist / to make a stand and fight (against)",""
"恼火","nǎo huǒ","to get angry / irritated",""
"否定","fǒu dìng","to negate / to deny",""
"热门","rè mén","popular / hot",""
"瞎说","xiā shuō","to talk drivel / to assert something without a proper understanding or basis in fact",""
"冒昧","mào mèi","bold / presumptuous",""
"谋","móu","to plan / to seek / scheme",""
"圣诞老人","shèng dàn lǎo rén","Father Christmas / Santa Claus",""
"飞船","fēi chuán","airship / spaceship",""
"能源","néng yuán","energy / power source",""
"堡","bǎo","an earthwork / castle / position of defense",""
"海上","hǎi shàng","maritime",""
"走私","zǒu sī","to smuggle / to have an illicit affair",""
"画家","huà jiā","painter",""
"采","cǎi","to pick / to pluck / to collect",""
"销毁","xiāo huǐ","to destroy (by melting or burning) / to obliterate",""
"副作用","fù zuò yòng","side effect",""
"窗帘","chuāng lián","window curtains",""
"光芒","guāng máng","rays of light / brilliant rays",""
"天花板","tiān huā bǎn","ceiling",""
"找寻","zhǎo xún","to look for / to seek",""
"心爱","xīn ài","beloved",""
"终生","zhōng shēng","throughout one's life / lifetime",""
"改天","gǎi tiān","another day / some other time",""
"找麻烦","zhǎo má fan","to look for trouble",""
"激发","jī fā","to arouse / to excite",""
"歉意","qiàn yì","apology / regret",""
"赌场","dǔ chǎng","casino",""
"细菌","xì jūn","bacterium / germ",""
"化妆品","huà zhuāng pǐn","cosmetic / makeup product",""
"健身房","jiàn shēn fáng","gym / gymnasium",""
"磕","kē","to tap / to knock (against something hard) / to knock (mud from boots, ashes from a pipe etc)",""
"塌","tā","to collapse / to droop / to settle down",""
"收买","shōu mǎi","to purchase / to bribe",""
"到位","dào wèi","to get to the intended location / to be in place",""
"哲学","zhé xué","philosophy",""
"点火","diǎn huǒ","to ignite / to light a fire",""
"身亡","shēn wáng","to die",""
"忠告","zhōng gào","to give someone a word of advice / advice",""
"突发","tū fā","to burst out suddenly / sudden outburst",""
"特意","tè yì","specially / intentionally",""
"一无是处","yì wú shì chù","not one good point / everything about it is wrong",""
"人情","rén qíng","human emotions / social relationship",""
"王国","wáng guó","kingdom / realm",""
"下水道","xià shuǐ dào","sewer",""
"皮带","pí dài","strap / leather belt",""
"资产","zī chǎn","property / assets",""
"漆","qī","paint / lacquer / to paint (furniture, walls etc)",""
"西方","xī fāng","the West / the Occident",""
"众人","zhòng rén","everyone",""
"柜台","guì tái","sales counter / front desk",""
"合格","hé gé","to meet the standard required / qualified",""
"覆盖","fù gài","to cover",""
"通缉","tōng jī","to order the arrest of someone as criminal / to list as wanted",""
"吸取","xī qǔ","to absorb / to draw (a lesson, insight etc)",""
"辨认","biàn rèn","to recognize / to identify",""
"何必","hé bì","there is no need / why should",""
"搜集","sōu jí","to gather / to collect",""
"口气","kǒu qì","tone of voice / the way one speaks",""
"破碎","pò suì","to smash to pieces / to shatter",""
"乱跑","luàn pǎo","to run around all over the place",""
"痛快","tòng kuài","delighted / to one's heart's content",""
"越南","yuè nán","Vietnam / Vietnamese",""
"议会","yì huì","parliament / legislative assembly",""
"选票","xuǎn piào","a vote / ballot",""
"卫","wèi","to guard / to protect / to defend",""
"洋葱","yáng cōng","onion (Allium cepa) / bulb onion",""
"演示","yǎn shì","to demonstrate / to show",""
"加密","jiā mì","to encrypt / encryption",""
"出血","chū xuè","to bleed / bleeding",""
"开战","kāi zhàn","to start a war / to make war",""
"志愿者","zhì yuàn zhě","volunteer",""
"男子汉","nán zǐ hàn","man (i.e. manly, masculine)",""
"殴打","ōu dǎ","to beat up / to come to blows",""
"办公","bàn gōng","to handle official business / to work (esp. in an office)",""
"游荡","yóu dàng","to wander / to roam about",""
"中部","zhōng bù","middle part / central section",""
"住址","zhù zhǐ","address",""
"个子","gè zi","height / stature",""
"自大","zì dà","arrogant",""
"影响力","yǐng xiǎng lì","influence / impact",""
"袖手旁观","xiù shǒu páng guān","to watch with folded arms (idiom); to look on without lifting a finger",""
"外加","wài jiā","in addition / extra",""
"称职","chèn zhí","well qualified / competent",""
"琢磨","zuó mo","to think over / to ponder (Malaysia: 想 xiǎng)","China"
"总结","zǒng jié","to sum up / to conclude",""
"用处","yòng chu","usefulness",""
"仙","xiān","immortal",""
"队友","duì yǒu","member of same class, team, work group etc / teammate",""
"着陆","zhuó lù","landing / touchdown",""
"寿","shòu","long life / old age / age",""
"上诉","shàng sù","to appeal (a judicial case) / appeal",""
"疏散","shū sàn","to scatter / to disperse",""
"露营","lù yíng","to camp out / camping",""
"冰激凌","bīng jī líng","ice cream (Malaysia: 雪糕 xuě gāo)","China"
"处方","chǔ fāng","medical prescription / recipe",""
"侄女","zhí nǚ","niece / brother's daughter",""
"火腿","huǒ tuǐ","ham",""
"性关系","xìng guān xi","sexual relations / sexual contact",""
"钟头","zhōng tóu","hour",""
"扩散","kuò sàn","to spread / to proliferate",""
"车道","chē dào","traffic lane / driveway",""
"胆量","dǎn liàng","courage / boldness",""
"盼","pàn","to hope for / to long for / to expect",""
"自负","zì fù","conceited / to take responsibility",""
"卸","xiè","to unload / to unhitch / to remove or strip",""
"现状","xiàn zhuàng","current situation",""
"好不容易","hǎo bù róng yì","with great difficulty / very difficult",""
"防守","fáng shǒu","to defend / to protect (against)",""
"蝴蝶","hú dié","butterfly",""
"拉丁","lā dīng","Latin / (in former times) to press-gang",""
"赖","lài","to depend on / to hang on in a place / bad",""
"猴","hóu","monkey",""
"纪念日","jì niàn rì","day of commemoration / memorial day",""
"召","zhào","to call together / to summon / to convene",""
"牛仔裤","niú zǎi kù","jeans",""
"镇静剂","zhèn jìng jì","tranquilizer",""
"猪头","zhū tóu","pig head / fool",""
"通告","tōng gào","to announce / to give notice",""
"高速公路","gāo sù gōng lù","expressway / highway",""
"团聚","tuán jù","to reunite / to have a reunion",""
"废弃","fèi qì","to discard / to abandon (old ways)",""
"滥用","làn yòng","to misuse / to abuse",""
"重罪","zhòng zuì","serious crime / felony",""
"脸蛋","liǎn dàn","cheek / face",""
"可耻","kě chǐ","shameful / disgraceful",""
"共识","gòng shí","common understanding / consensus",""
"饭碗","fàn wǎn","rice bowl / fig. livelihood",""
"更为","gèng wéi","even more",""
"动用","dòng yòng","to utilize / to put something to use",""
"有幸","yǒu xìng","fortunately",""
"围绕","wéi rào","to revolve around / to center on (an issue)",""
"忙碌","máng lù","busy / bustling",""
"透顶","tòu dǐng","out-and-out / thoroughly",""
"革命","gé mìng","to withdraw the mandate of heaven (and transition to a new dynasty) (original meaning) / revolution",""
"岩石","yán shí","rock",""
"切除","qiē chú","to excise / to cut out (a tumor)",""
"麻","má","generic name for hemp, flax etc / hemp or flax fiber for textile materials / sesame",""
"筹码","chóu mǎ","bargaining chip / gaming chip",""
"大陆","dà lù","continent / mainland",""
"草莓","cǎo méi","strawberry / love bite",""
"暑假","shǔ jià","summer vacation",""
"水手","shuǐ shǒu","mariner / sailor",""
"气体","qì tǐ","gas (i.e. gaseous substance)",""
"电击","diàn jī","electric shock",""
"激光","jī guāng","laser",""
"油站","yóu zhàn","petrol station","Malaysia"
"加油站","jiā yóu zhàn","gas station (Malaysia: 油站 yóu zhàn)","China"
"关照","guān zhào","to take care / to keep an eye on",""
"义","yì","justice / righteousness / meaning",""
"炸掉","zhà diào","to bomb",""
"妇","fù","woman",""
"抖","dǒu","to tremble / to shake out / to reveal",""
"碍","ài","to hinder / to obstruct / to block",""
"眼皮","yǎn pí","eyelid",""
"轻微","qīng wēi","slight / light",""
"过不去","guò bú qù","to make life difficult for / to embarrass",""
"久等","jiǔ děng","to wait for a long time",""
"未经","wèi jīng","not having undergone / without (having gone though a certain process)",""
"上头","shàng tou","above / on top of",""
"百分之百","bǎi fēn zhī bǎi","a hundred percent / out and out",""
"雷达","léi dá","radar (loanword)",""
"钩","gōu","to hook / to sew / to crochet",""
"烟雾","yān wù","smoke / mist",""
"凶杀案","xiōng shā àn","murder case",""
"鲜花","xiān huā","flower / fresh flowers",""
"有请","yǒu qǐng","to request the pleasure of seeing someone / to ask someone in",""
"烧毁","shāo huǐ","to burn / to burn down",""
"过失","guò shī","error / fault",""
"示范","shì fàn","to demonstrate / to show how to do something",""
"眼球","yǎn qiú","eyeball / (fig.) attention",""
"景色","jǐng sè","scenery / scene",""
"尽力而为","jìn lì ér wéi","to try one's utmost / to strive",""
"看作","kàn zuò","to look upon as / to regard as",""
"养活","yǎng huo","to provide for / to keep (animals, a family etc)",""
"终究","zhōng jiū","in the end / after all is said and done",""
"来得","lái de","to emerge (from a comparison) / to come out as",""
"海洛因","hǎi luò yīn","heroin (loanword)",""
"扑克","pū kè","poker (game) (loanword) / playing cards",""
"宿舍","sù shè","dormitory / dorm room",""
"伏","fú","to lean over / to fall (go down) / to hide (in ambush)",""
"攻","gōng","to attack / to accuse / to study",""
"阳台","yáng tái","balcony / porch",""
"信徒","xìn tú","believer",""
"诡计","guǐ jì","trick / ruse",""
"演说","yǎn shuō","speech / to deliver a speech",""
"民族","mín zú","nationality / ethnic group",""
"听众","tīng zhòng","audience / listeners",""
"爆米花","bào mǐ huā","puffed rice / popcorn",""
"诈骗","zhà piàn","to defraud / to swindle",""
"功","gōng","meritorious deed or service / achievement / result",""
"万能","wàn néng","omnipotent / all-purpose",""
"大学生","dà xué shēng","university student / college student",""
"货物","huò wù","goods / commodity",""
"衣橱","yī chú","wardrobe",""
"抄","chāo","to make a copy / to plagiarize / to search and seize",""
"势","shì","power / influence / potential",""
"悲痛","bēi tòng","grieved / sorrowful",""
"探望","tàn wàng","to visit / to call on someone",""
"浇","jiāo","to pour liquid / to irrigate (using waterwheel) / to water",""
"召开","zhào kāi","to convene (a conference or meeting) / to convoke",""
"艰苦","jiān kǔ","difficult / hard",""
"营养","yíng yǎng","nutrition / nourishment",""
"装扮","zhuāng bàn","to decorate / to adorn",""
"一瞬间","yí shùn jiān","split second",""
"堵住","dǔ zhù","to block up",""
"追寻","zhuī xún","to pursue / to track down",""
"反常","fǎn cháng","unusual / abnormal",""
"急需","jí xū","to urgently need / urgent need",""
"费城","fèi chéng","Philadelphia, Pennsylvania",""
"肿瘤","zhǒng liú","tumor",""
"金子","jīn zi","gold",""
"哩","lī","mile (unit of length equal to 1,609.344 m) / old form of modern",""
"艺","yì","skill / art",""
"堪","kān","to endure / may / can",""
"裙","qún","skirt",""
"救世主","jiù shì zhǔ","the Savior (in Christianity)",""
"导师","dǎo shī","tutor / teacher",""
"服役","fú yì","to serve in the army / in active service",""
"照相机","zhào xiàng jī","camera",""
"黎明","lí míng","dawn / daybreak",""
"战役","zhàn yì","military campaign",""
"眉毛","méi mao","eyebrow",""
"世人","shì rén","people (in general) / people around the world",""
"海里","hǎi lǐ","nautical mile",""
"扯淡","chě dàn","to talk nonsense",""
"警车","jǐng chē","police car",""
"占有","zhàn yǒu","to have / to own",""
"那会","nà huì","at that time (Malaysia: 那时 nà shí)","China"
"恳求","kěn qiú","to beg / to beseech",""
"姿态","zī tài","attitude / posture",""
"嫩","nèn","tender / soft / delicate",""
"管闲事","guǎn xián shì","to meddle / to be a ""nosy Parker""",""
"上星期","shàng xīng qī","last week / previous week",""
"煎熬","jiān áo","to suffer / to torture",""
"在内","zài nèi","(included) in it / among them",""
"来信","lái xìn","incoming letter / to send us a letter",""
"筹","chóu","chip (in gambling) / token (for counting) / ticket",""
"看守","kān shǒu","to guard / to watch over",""
"瓜","guā","melon / gourd / squash",""
"宪法","xiàn fǎ","constitution (of a country)",""
"干酪","gān lào","cheese (Malaysia: 芝士 zhī shì)","China"
"逃犯","táo fàn","escaped criminal / fugitive from the law (criminal suspect on the run)",""
"片段","piàn duàn","fragment (of speech etc) / extract (from book etc)",""
"口供","kǒu gòng","oral confession (as opposed to ) / statement",""
"大地","dà dì","earth / mother earth",""
"海湾","hǎi wān","bay / gulf",""
"衣柜","yī guì","wardrobe / armoire",""
"休息室","xiū xī shì","lobby / lounge",""
"松开","sōng kāi","to release / to let go",""
"眉","méi","eyebrow / upper margin",""
"恋人","liàn rén","lover / sweetheart",""
"大餐","dà cān","great meal / banquet",""
"出动","chū dòng","to start out on a trip / to dispatch troops",""
"专用","zhuān yòng","special / dedicated",""
"品尝","pǐn cháng","to taste a small amount / to sample",""
"能耐","néng nài","ability / capability",""
"到场","dào chǎng","to show up / present (at the scene)",""
"手续","shǒu xù","procedure / formalities",""
"童子军","tóng zǐ jūn","child soldiers / juvenile militia",""
"俄","é","suddenly / very soon",""
"星际","xīng jì","interstellar / interplanetary",""
"骑马","qí mǎ","to ride a horse",""
"勃","bó","flourishing / prosperous / suddenly",""
"性骚扰","xìng sāo rǎo","sexual harassment",""
"隐形","yǐn xíng","invisible",""
"哥伦比亚","gē lún bǐ yà","Colombia / Columbia (District of, or University etc)",""
"打猎","dǎ liè","to go hunting",""
"火力","huǒ lì","fire / firepower",""
"剃","tì","shave / to weed",""
"烧伤","shāo shāng","burn (injury)",""
"招供","zhāo gòng","to confess",""
"空手","kōng shǒu","empty-handed / unarmed",""
"莓","méi","berry / strawberry",""
"腐败","fǔ bài","corruption / to corrupt",""
"住口","zhù kǒu","shut up / shut your mouth",""
"缩","suō","to withdraw / to pull back / to contract",""
"友情","yǒu qíng","friendly feelings / friendship",""
"扰乱","rǎo luàn","to disturb / to perturb",""
"兜风","dōu fēng","to catch the wind / to go for a spin in the fresh air",""
"胆小","dǎn xiǎo","cowardice / timid",""
"结实","jiē shi","rugged / sturdy",""
"严","yán","tight (closely sealed) / stern / strict",""
"莫名其妙","mò míng qí miào","(idiom) baffling / inexplicable",""
"耽搁","dān ge","to tarry / to delay",""
"光彩","guāng cǎi","luster / splendor",""
"置于","zhì yú","to place / to put (at or in a position)",""
"至极","zhì jí","very / extremely",""
"不怎么","bù zěn me","not very / not particularly",""
"地震","dì zhèn","earthquake",""
"赛季","sài jì","season (sports)",""
"统一","tǒng yī","to unify / to unite",""
"化验","huà yàn","chemical examination / to do a lab test",""
"忧郁","yōu yù","sullen / depressed",""
"棍","gùn","stick / rod / truncheon",""
"政客","zhèng kè","politician",""
"后援","hòu yuán","reinforcement / back-up",""
"圣人","shèng rén","saint / sage",""
"拧","níng","to pinch / wring",""
"独家","dú jiā","exclusive",""
"色彩","sè cǎi","tint / coloring",""
"亵渎","xiè dú","to blaspheme / to profane",""
"热水","rè shuǐ","hot water",""
"怨恨","yuàn hèn","to resent / to harbor a grudge against",""
"怨","yuàn","to blame / to complain",""
"饮食","yǐn shí","food and drink / diet",""
"偷听","tōu tīng","to eavesdrop / to monitor (secretly)",""
"推翻","tuī fān","to overthrow",""
"威力","wēi lì","might / formidable power",""
"绝妙","jué miào","exquisite",""
"敬意","jìng yì","respect / tribute",""
"热闹","rè nao","bustling with noise and excitement / lively",""
"延长","yán cháng","to prolong / to extend",""
"动人","dòng rén","touching / moving",""
"进度","jìn dù","pace / tempo",""
"从来不","cóng lái bù","never",""
"用场","yòng chǎng","use / application",""
"苛刻","kē kè","harsh / severe",""
"换句话说","huàn jù huà shuō","in other words",""
"荷兰","hé lán","Holland / the Netherlands",""
"社","shè","society / group / club",""
"强盗","qiáng dào","to rob (with force) / bandit",""
"枪手","qiāng shǒu","gunman / sharpshooter",""
"撞击","zhuàng jī","to strike / to hit",""
"劫持","jié chí","to kidnap / to hijack",""
"须","xū","beard / mustache / feeler (of an insect etc)",""
"疤","bā","scar / scab",""
"激","jī","to arouse / to incite / to excite",""
"膜","mó","membrane / film",""
"房东","fáng dōng","landlord",""
"图案","tú àn","design / pattern",""
"执","zhí","to execute (a plan) / to grasp",""
"理性","lǐ xìng","reason / rationality",""
"谴责","qiǎn zé","to denounce / to condemn",""
"淡","dàn","insipid / diluted / weak",""
"随心所欲","suí xīn suǒ yù","to follow one's heart's desires / to do as one pleases (idiom)",""
"复原","fù yuán","to restore (something) to (its) former condition / to recover from illness",""
"餐桌","cān zhuō","dining table / dinner table",""
"愧疚","kuì jiù","to feel guilty / to feel ashamed of oneself",""
"放出","fàng chū","to let off / to give out",""
"设想","shè xiǎng","to imagine / to assume",""
"为生","wéi shēng","to make a living",""
"不通","bù tōng","to be obstructed / to be blocked up",""
"啦啦队","lā lā duì","cheerleading squad",""
"新年","xīn nián","New Year",""
"舱","cāng","cabin / the hold of a ship or airplane",""
"面条","miàn tiáo","noodles",""
"债务","zhài wù","debt / liability",""
"绰号","chuò hào","nickname",""
"智商","zhì shāng","IQ (intelligence quotient)",""
"中止","zhōng zhǐ","to cease / to suspend",""
"心扉","xīn fēi","inner heart / soul",""
"吹牛","chuī niú","to talk big / to shoot off one's mouth",""
"争议","zhēng yì","controversy / dispute",""
"颠倒","diān dǎo","to turn upside down / to reverse",""
"俱","jù","entirely / without exception / to be alike",""
"书面","shū miàn","in writing / written",""
"视为","shì wéi","to view as / to see as",""
"尚未","shàng wèi","not yet / still not",""
"不顾","bú gù","in spite of / regardless of",""
"应有","yīng yǒu","proper",""
"头骨","tóu gǔ","skull",""
"耳环","ěr huán","earring",""
"解剖","jiě pōu","to dissect (an animal) / to analyze",""
"咖啡店","kā fēi diàn","café / coffee shop",""
"胸罩","xiōng zhào","brassiere (underwear) / bra",""
"汽水","qì shuǐ","soda / pop",""
"转弯","zhuǎn wān","to turn / to go around a corner",""
"编号","biān hào","to number / numbering",""
"抵押","dǐ yā","to provide (an asset) as security for a loan / to put up collateral",""
"监护","jiān hù","to act as a guardian",""
"同胞","tóng bāo","born of the same parents / sibling",""
"案例","àn lì","case (law)",""
"例","lì","example / precedent / rule",""
"开动","kāi dòng","to start / to set in motion",""
"出院","chū yuàn","to leave hospital / to be discharged from hospital",""
"整体","zhěng tǐ","whole entity / entire body",""
"错乱","cuò luàn","in disorder / deranged (mentally)",""
"启发","qǐ fā","to enlighten / to explain (a text etc)",""
"开张","kāi zhāng","to open a business / first transaction of a business day",""
"帅气","shuài qi","handsome / smart",""
"派出","pài chū","to send / to dispatch",""
"再度","zài dù","once more / once again",""
"算数","suàn shù","to count numbers / to keep to one's word",""
"受苦","shòu kǔ","to suffer hardship",""
"最先","zuì xiān","(the) very first",""
"耗","hào","to waste / to spend / to consume",""
"辐射","fú shè","radiation",""
"宾","bīn","visitor / guest / object (in grammar)",""
"法案","fǎ àn","bill / proposed law",""
"雕像","diāo xiàng","sculpture / (carved) statue",""
"管家","guǎn jiā","housekeeper / butler",""
"乳头","rǔ tóu","nipple",""
"警徽","jǐng huī","police badge",""
"盗","dào","to steal / to rob / to plunder",""
"窃","qiè","to steal / secretly / (humble) I",""
"毫米","háo mǐ","millimeter",""
"后代","hòu dài","descendant / progeny",""
"罪过","zuì guo","sin / offense",""
"用餐","yòng cān","to eat a meal",""
"抑制","yì zhì","to inhibit / to keep down",""
"恶毒","è dú","malicious",""
"百分","bǎi fēn","percent / percentage",""
"跳动","tiào dòng","to throb / to pulse",""
"分歧","fēn qí","divergent / difference (of opinion, position)",""
"流动","liú dòng","to flow / to circulate",""
"打中","dǎ zhòng","to hit (a target)",""
"冰冷","bīng lěng","ice-cold",""
"失落","shī luò","to lose (something) / to drop (something)",""
"弄清","nòng qīng","to clarify / to fully understand",""
"品位","pǐn wèi","rank / grade",""
"室内","shì nèi","indoor",""
"有助于","yǒu zhù yú","to contribute to / to promote",""
"导弹","dǎo dàn","guided missile / cruise missile",""
"巫师","wū shī","wizard / magician",""
"武士","wǔ shì","warrior / samurai",""
"剪刀","jiǎn dāo","scissors",""
"阴道","yīn dào","vagina",""
"坐标","zuò biāo","coordinate (geometry)",""
"圣母","shèng mǔ","goddess",""
"便利","biàn lì","convenient / easy",""
"小弟","xiǎo dì","little brother / I, your little brother (humble)",""
"腹部","fù bù","abdomen / belly",""
"孩","hái","child",""
"痛恨","tòng hèn","to detest / to loathe",""
"屁话","pì huà","shit / nonsense",""
"剩余","shèng yú","remainder / surplus",""
"大规模","dà guī mó","large scale / extensive",""
"原先","yuán xiān","originally / original",""
"为人","wéi rén","to conduct oneself / behavior",""
"摔跤","shuāi jiāo","to trip and fall / to wrestle",""
"新郎","xīn láng","bridegroom / groom",""
"储","chǔ","to store / to save / to have in reserve",""
"肾上腺","shèn shàng xiàn","adrenal glands",""
"搏","bó","to fight / to combat / to seize",""
"盘问","pán wèn","to interrogate / to cross-examine",""
"乏味","fá wèi","tedious",""
"怒火","nù huǒ","rage / fury",""
"气质","qì zhì","temperament / personality traits",""
"天亮","tiān liàng","dawn / daybreak",""
"等级","děng jí","grade / rank",""
"景象","jǐng xiàng","scene / sight (to behold)",""
"每月","měi yuè","each month",""
"逛逛","guàng guang","to roam around / to have a stroll",""
"漏掉","lòu diào","to miss / to leave out",""
"路程","lù chéng","route / path traveled",""
"满满","mǎn mǎn","full / closely packed",""
"井","jǐng","a well / neat / orderly",""
"州长","zhōu zhǎng","governor (of a province or colony) / US state governor",""
"辩论","biàn lùn","debate / argument",""
"歌声","gē shēng","singing voice / fig. original voice of a poet",""
"硬盘","yìng pán","hard disk",""
"团伙","tuán huǒ","(criminal) gang / gang member",""
"简历","jiǎn lì","curriculum vitae (CV) / résumé",""
"删除","shān chú","to delete / to cancel",""
"处决","chǔ jué","to execute (a condemned criminal)",""
"今夜","jīn yè","tonight / this evening",""
"兄","xiōng","elder brother",""
"行政","xíng zhèng","administrative / executive (attributive)",""
"池","chí","pond / reservoir / moat",""
"脏话","zāng huà","profanity / obscene language",""
"深度","shēn dù","depth / (of a speech etc) profundity",""
"宅","zhái","residence / to stay in at home / to hang around at home",""
"拘捕","jū bǔ","to arrest",""
"拜三","bài sān","Wednesday (Malaysian; = 星期三)","Malaysia"
"周三","zhōu sān","Wednesday (Malaysia: 拜三 bài sān)","China"
"行驶","xíng shǐ","to travel along a route (of vehicles etc)",""
"举报","jǔ bào","to report (malefactors to the police) / to denounce",""
"手工","shǒu gōng","handwork / manual",""
"界限","jiè xiàn","boundary",""
"距","jù","at a distance of / distance / to be apart",""
"拒","jù","to resist / to repel / to refuse",""
"期限","qī xiàn","time limit / deadline",""
"颤抖","chàn dǒu","to shudder / to shiver",""
"苍白","cāng bái","pale / wan",""
"兼职","jiān zhí","to hold concurrent posts / concurrent job",""
"痊愈","quán yù","to recover completely (from illness or injury)",""
"抛开","pāo kāi","to throw out / to get rid of",""
"鲁莽","lǔ mǎng","hot-headed / impulsive",""
"不知所措","bù zhī suǒ cuò","not knowing what to do (idiom); at one's wits' end / embarrassed and at a complete loss",""
"定下","dìng xià","to set (the tone, a target etc) / to lay down (the beat)",""
"毒气","dú qì","poison gas / toxic gas",""
"希","xī","to hope / to admire",""
"沙子","shā zi","sand / grit",""
"综合症","zōng hé zhèng","syndrome",""
"商品","shāng pǐn","commodity / goods",""
"美分","měi fēn","one cent (United States coin)",""
"分数","fēn shù","(exam) grade / mark",""
"农民","nóng mín","peasant / farmer",""
"游客","yóu kè","traveler / tourist",""
"脸部","liǎn bù","face",""
"条例","tiáo lì","regulations / rules",""
"淋","lín","to sprinkle / to drip / to pour",""
"淫","yín","excess / excessive / wanton",""
"呆子","dāi zi","fool / sucker",""
"谱","pǔ","chart / list / table",""
"小便","xiǎo biàn","to urinate / to pass water",""
"隐蔽","yǐn bì","to conceal / to hide",""
"反感","fǎn gǎn","to be disgusted with / to dislike",""
"闲逛","xián guàng","to stroll",""
"理会","lǐ huì","to understand / to pay attention to",""
"歉","qiàn","to apologize / to regret / deficient",""
"一般来说","yì bān lái shuō","generally speaking",""
"有事","yǒu shì","to be occupied with something / to have something on one's mind",""
"奥斯卡","ào sī kǎ","(film industry) Oscar (Academy Award) / (name) Oscar",""
"雅","yǎ","elegant",""
"拍卖","pāi mài","to auction / auction sale",""
"通行证","tōng xíng zhèng","a pass (authority to enter) / a laissez-passer or safe conduct",""
"刺伤","cì shāng","to stab",""
"吃醋","chī cù","to feel jealous",""
"纪律","jì lǜ","discipline",""
"权限","quán xiàn","scope of authority / extent of power",""
"目","mù","eye / item / section",""
"颇","pǒ","rather / quite / considerably",""
"关押","guān yā","to imprison / to lock up (in jail)",""
"搭配","dā pèi","to pair up / to match",""
"囚禁","qiú jìn","to imprison / captivity",""
"人工","rén gōng","artificial / manpower",""
"略","lüè","plan / strategy / outline",""
"踪迹","zōng jì","tracks / trail",""
"门前","mén qián","in front of the door",""
"重重","chóng chóng","layer upon layer / one after another",""
"坚决","jiān jué","firm / resolute",""
"长话短说","cháng huà duǎn shuō","to make a long story short (idiom)",""
"感恩节","gǎn ēn jié","Thanksgiving Day",""
"外婆","wài pó","mother's mother / maternal grandmother",""
"咒","zhòu","incantation / magic spell / curse",""
"火星","huǒ xīng","spark",""
"棕榈","zōng lǘ","palm tree",""
"零件","líng jiàn","part / component",""
"勋章","xūn zhāng","medal / decoration",""
"煎饼","jiān bǐng","jianbing, a savory Chinese crêpe / pancake",""
"氏","shì","clan name / maiden name",""
"嗷","áo","loud clamor / the sound of wailing",""
"脂肪","zhī fáng","fat (in the body, in a plant, or in food)",""
"防护","fáng hù","to defend / to protect",""
"体温","tǐ wēn","(body) temperature",""
"泼","pō","to splash / to spill / rough and coarse",""
"眨眼","zhǎ yǎn","to blink / to wink",""
"刺杀","cì shā","to assassinate / (military) to fight with a bayonet",""
"氧","yǎng","oxygen (chemistry)",""
"恰恰","qià qià","exactly / just",""
"出众","chū zhòng","to stand out / outstanding",""
"战利品","zhàn lì pǐn","spoils of war",""
"橡胶","xiàng jiāo","rubber / caoutchouc",""
"无线","wú xiàn","wireless",""
"震","zhèn","to shake / to vibrate / to jolt",""
"音乐家","yīn yuè jiā","musician",""
"欺诈","qī zhà","to cheat",""
"潜入","qián rù","to submerge / to infiltrate",""
"优美","yōu měi","graceful / fine",""
"哀悼","āi dào","to grieve over someone's death / to lament someone's death",""
"适用","shì yòng","to be applicable",""
"交代","jiāo dài","to hand over / to explain",""
"活命","huó mìng","life / to survive",""
"翻过","fān guò","to turn over / to transform",""
"好感","hǎo gǎn","good opinion / favorable impression",""
"确凿","què záo","definite / conclusive",""
"家里人","jiā lǐ rén","family members",""
"低级","dī jí","low level / rudimentary",""
"仇","chóu","hatred / animosity / enmity",""
"推出","tuī chū","to push out / to release",""
"教养","jiào yǎng","to train / to educate",""
"生效","shēng xiào","to take effect / to go into effect",""
"天性","tiān xìng","nature / innate tendency",""
"出身","chū shēn","to be born of / to come from",""
"早晚","zǎo wǎn","morning and evening / sooner or later",""
"擅自","shàn zì","without permission",""
"厄","è","distressed",""
"掉头","diào tóu","to turn one's head / to turn round",""
"樱桃","yīng táo","cherry",""
"代号","dài hào","code name",""
"讯","xùn","to question / to ask / to interrogate",""
"衫","shān","garment / jacket with open slits in place of sleeves",""
"孔","kǒng","hole / measure word for cave dwellings",""
"居","jū","to reside / to be (in a certain position) / to store up",""
"生还","shēng huán","to return alive / to survive",""
"触摸","chù mō","to touch",""
"任命","rèn mìng","to appoint / (job) appointment",""
"品质","pǐn zhì","character / intrinsic quality (of a person)",""
"最为","zuì wéi","the most",""
"排斥","pái chì","to reject / to exclude",""
"行走","xíng zǒu","to walk",""
"粗暴","cū bào","rough / cruel",""
"问话","wèn huà","questioning (a suspect) / interrogation",""
"富人","fù rén","rich person / the rich",""
"白费","bái fèi","to waste (one's energy etc)",""
"欢笑","huān xiào","to laugh happily / a belly-laugh",""
"预防","yù fáng","to prevent / to take precautions against",""
"提及","tí jí","to mention / to raise (a subject)",""
"满嘴","mǎn zuǐ","a full mouth of (something physical) / to have the mouth exclusively filled with (a certain language, lies, promises, etc)",""
"有益","yǒu yì","useful / beneficial",""
"舞步","wǔ bù","dance steps",""
"列车","liè chē","(railway) train",""
"英格兰","yīng gé lán","England",""
"嗓音","sǎng yīn","voice",""
"虾","xiā","shrimp / prawn",""
"套房","tào fáng","suite / apartment",""
"麦片","mài piàn","oatmeal / rolled oats",""
"弹药","dàn yào","ammunition",""
"僵硬","jiāng yìng","stiff / rigid",""
"弱智","ruò zhì","weak-minded / mentally deficient",""
"骚","sāo","trouble / disturbance / rumpus",""
"性别","xìng bié","gender / sex",""
"虚伪","xū wěi","false / hypocritical",""
"前台","qián tái","stage / proscenium",""
"宽容","kuān róng","lenient / tolerant",""
"综合","zōng hé","comprehensive / composite",""
"营业","yíng yè","to do business / to trade",""
"期盼","qī pàn","hope and expectation / to anticipate",""
"同行","tóng háng","person of the same profession / of the same trade, occupation or industry",""
"专长","zhuān cháng","specialty / special knowledge or ability",""
"辩解","biàn jiě","to explain / to justify",""
"疲惫","pí bèi","beaten / exhausted",""
"成年","chéng nián","to grow to adulthood / fully grown",""
"缓解","huǎn jiě","to bring relief / to alleviate (a crisis)",""
"没意思","méi yì si","boring / of no interest",""
"争斗","zhēng dòu","struggle / war",""
"沿","yán","along / to follow (a line, tradition etc) / to carry on",""
"评审","píng shěn","to appraise / to evaluate",""
"舞伴","wǔ bàn","dancing partner",""
"跳跃","tiào yuè","to jump / to leap",""
"窃听器","qiè tīng qì","tapping device / bug",""
"展览","zhǎn lǎn","to put on display / to exhibit",""
"读者","dú zhě","reader",""
"油漆","yóu qī","oil paints / lacquer",""
"里头","lǐ tou","inside / interior",""
"猪肉","zhū ròu","pork",""
"更衣室","gēng yī shì","change room / dressing room",""
"卡通","kǎ tōng","cartoon (loanword)","Malaysia"
"规划","guī huà","to plan (how to do something) / planning",""
"审查","shěn chá","to examine / to investigate",""
"压迫","yā pò","to oppress / to repress",""
"聆听","líng tīng","to listen (respectfully)",""
"路口","lù kǒu","crossing / intersection (of roads)",""
"美食","měi shí","culinary delicacy / fine food",""
"搭讪","dā shàn","to hit on someone / to strike up a conversation",""
"悚","sǒng","frightened",""
"预告","yù gào","to forecast / to predict",""
"低头","dī tóu","to bow the head / to yield",""
"晕倒","yūn dǎo","to faint / to swoon",""
"岁月","suì yuè","years / time",""
"踪","zōng","footprint / trace / tracks",""
"补救","bǔ jiù","to remedy",""
"误导","wù dǎo","to mislead / to misguide",""
"谦虚","qiān xū","modest / self-effacing",""
"拾","shí","to pick up / to collate or arrange / ten (banker's anti-fraud numeral)",""
"拐角","guǎi jiǎo","to turn a corner / corner",""
"过日子","guò rì zi","to live one's life / to pass one's days",""
"没完没了","méi wán méi liǎo","without end / incessantly",""
"以此","yǐ cǐ","with this / thereby",""
"源自","yuán zì","to originate from",""
"蜜蜂","mì fēng","bee / honeybee",""
"十字架","shí zì jià","cross / crucifix",""
"炮","pào","cannon / firecracker",""
"乐园","lè yuán","paradise",""
"温","wēn","warm / lukewarm / temperature",""
"法则","fǎ zé","law / rule",""
"含量","hán liàng","content / quantity contained",""
"准则","zhǔn zé","norm / standard",""
"暴徒","bào tú","bandit / thug",""
"快感","kuài gǎn","pleasure / thrill",""
"车门","chē mén","car door / door of bus, railway carriage etc",""
"刑","xíng","punishment / penalty / sentence",""
"脱光","tuō guāng","to strip naked / to strip nude",""
"北边","běi biān","north / north side",""
"帅哥","shuài gē","handsome guy / lady-killer",""
"寒冷","hán lěng","cold (climate) / frigid",""
"伤痛","shāng tòng","pain (from wound) / sorrow",""
"次数","cì shù","number of times / frequency",""
"清晨","qīng chén","early morning",""
"任意","rèn yì","any / arbitrary",""
"自制","zì zhì","self-made / improvised",""
"术语","shù yǔ","term / terminology",""
"必然","bì rán","inevitable / certain",""
"示","shì","to show / to reveal",""
"兽","shòu","beast / animal / beastly",""
"梅","méi","plum / plum blossom",""
"开拍","kāi pāi","to begin shooting (a movie, a scene of a movie etc) / to start the bidding (auction)",""
"表弟","biǎo dì","younger male cousin via female line",""
"木偶","mù ǒu","puppet",""
"肝","gān","liver / (slang) to put in long hours, typically late into the night, playing (a video game) / (of a video game) grindy",""
"失效","shī xiào","to fail / to lose effectiveness",""
"吨","dūn","ton (loanword)",""
"盆","pén","basin / flower pot / unit of volume equal to 12 and 8 , approx 128 liters",""
"增强","zēng qiáng","to increase / to strengthen",""
"黑夜","hēi yè","night",""
"重演","chóng yǎn","to recur (of events, esp. adverse ones) / to repeat (a performance)",""
"照料","zhào liào","to tend / to take care of someone",""
"主宰","zhǔ zǎi","to dominate / to rule",""
"来访","lái fǎng","to pay a visit",""
"推断","tuī duàn","to infer / to deduce",""
"除去","chú qù","to eliminate / to remove",""
"身手","shēn shǒu","skill / talent",""
"敏锐","mǐn ruì","keen / sharp",""
"竭尽","jié jìn","to use up / to exhaust",""
"田","tián","field / farm",""
"柏林","bó lín","Berlin",""
"被害人","bèi hài rén","victim",""
"手术室","shǒu shù shì","operating room",""
"整形","zhěng xíng","shaping / reshaping",""
"基督徒","jī dū tú","Christian",""
"铅笔","qiān bǐ","(lead) pencil",""
"葡萄","pú tao","grape",""
"摇滚乐","yáo gǔn yuè","rock music / rock 'n roll",""
"体育馆","tǐ yù guǎn","gym / gymnasium",""
"逃亡","táo wáng","to flee / flight (from danger)",""
"飞翔","fēi xiáng","to circle in the air / to soar",""
"诉","sù","to complain / to sue / to tell",""
"注入","zhù rù","to pour into / to empty into",""
"租金","zū jīn","rent",""
"金融","jīn róng","banking / finance",""
"种子","zhǒng zi","seed",""
"河边","hé biān","river bank",""
"改编","gǎi biān","to adapt / to rearrange",""
"实行","shí xíng","to implement / to carry out",""
"温和","wēn hé","mild / gentle",""
"疏远","shū yuǎn","to drift apart / to become estranged",""
"迫使","pò shǐ","to force / to compel",""
"抽出","chōu chū","to take out / to extract",""
"设立","shè lì","to set up / to establish",""
"好说","hǎo shuō","easy to deal with / not a problem",""
"拉拉","lā lā","lesbian (Internet slang) / Labrador retriever",""
"演绎","yǎn yì","(of a story etc) to unfold / to play out",""
"篮","lán","basket (receptacle) / basket (in basketball)",""
"龙虾","lóng xiā","lobster",""
"锯","jù","a saw / to cut with a saw",""
"锤子","chuí zi","hammer",""
"病例","bìng lì","(medical) case / occurrence of illness",""
"老头子","lǎo tóu zi","old man / (said of an aging husband) my old man",""
"发布会","fā bù huì","news conference / briefing",""
"烹饪","pēng rèn","cooking / culinary arts",""
"壁橱","bì chú","a built-in wardrobe or cupboard / closet",""
"胎","tāi","fetus / measure word for litters (of puppies etc) / padding (in clothing or bedding)",""
"讯息","xùn xī","information / news",""
"爪子","zhuǎ zi","(animal's) claw",""
"嗓子","sǎng zi","throat / voice (Malaysia: 喉咙 hóu lóng)","China"
"打劫","dǎ jié","to loot / to rob",""
"邮箱","yóu xiāng","mailbox / post office box",""
"产业","chǎn yè","industry / estate",""
"孙女","sūn nǚ","son's daughter / granddaughter",""
"空虚","kōng xū","hollow / emptiness",""
"大屠杀","dà tú shā","massacre / Holocaust",""
"生前","shēng qián","(of a deceased) during one's life / while living",""
"霉","méi","bacteria / fungi / moldy",""
"啃","kěn","to gnaw / to nibble / to bite",""
"重返","chóng fǎn","to return to",""
"约束","yuē shù","to restrict / to limit to",""
"失血","shī xuè","blood loss",""
"简短","jiǎn duǎn","brief (statement, summary etc) / briefly",""
"好家伙","hǎo jiā huo","my God! / oh boy!",""
"差错","chā cuò","mistake / slip-up",""
"安顿","ān dùn","to find a place for / to help settle down",""
"致力","zhì lì","to work for / to devote one's efforts to",""
"撒旦","sā dàn","Satan or Shaitan",""
"大使","dà shǐ","ambassador / envoy",""
"迷你","mí nǐ","mini (as in mini-skirt or Mini Cooper) (loanword)",""
"敲诈","qiāo zhà","to rip off / to extort (money)",""
"法学院","fǎ xué yuàn","law school",""
"杂","zá","mixed / miscellaneous / various",""
"肠","cháng","intestines",""
"叉","chā","fork / pitchfork / prong",""
"清新","qīng xīn","fresh and clean",""
"开关","kāi guān","power switch / gas valve",""
"喇叭","lǎ ba","horn (automobile etc) / loudspeaker",""
"送命","sòng mìng","to lose one's life / to get killed",""
"偷窥","tōu kuī","to peep / to peek",""
"把柄","bǎ bǐng","handle / (fig.) information that can be used against someone",""
"样品","yàng pǐn","sample / specimen",""
"取悦","qǔ yuè","to try to please",""
"卖力","mài lì","to work hard / to do one's very best",""
"指派","zhǐ pài","to assign / to appoint",""
"查找","chá zhǎo","to search for / to look up",""
"沉迷","chén mí","to be engrossed / to be absorbed with",""
"拴","shuān","to tie up",""
"揭发","jiē fā","to expose / to bring to light",""
"临","lín","to face / to overlook / to arrive",""
"讨好","tǎo hǎo","to get the desired outcome / to win favor by fawning on someone",""
"闪闪","shǎn shǎn","flickering / sparkling",""
"感想","gǎn xiǎng","impressions / reflections",""
"走动","zǒu dòng","to walk around / to move about",""
"正轨","zhèng guǐ","the right track",""
"芬","fēn","perfume / fragrance",""
"康","kāng","healthy / peaceful / abundant",""
"尚","shàng","still / yet / to value",""
"睾丸","gāo wán","testicle",""
"高尔夫球","gāo ěr fū qiú","golf / golf ball",""
"戏院","xì yuàn","cinema (Malaysian; 看戏 = to watch a movie)","Malaysia"
"电影院","diàn yǐng yuàn","cinema / movie theater (Malaysia: 戏院 xì yuàn)","China"
"悬崖","xuán yá","precipice / overhanging cliff",""
"储藏室","chǔ cáng shì","storeroom",""
"热身","rè shēn","to warm up (sports) / (fig.) to prepare",""
"测量","cè liáng","survey / to measure",""
"火柴","huǒ chái","match (for lighting fire)",""
"型号","xíng hào","model (particular version of a manufactured article) / type (product specification in terms of color, size etc)",""
"肢体","zhī tǐ","limb / limbs and trunk",""
"回电","huí diàn","to call someone back (on the phone) / a return call",""
"闹着玩","nào zhe wán","to joke around / to be kidding",""
"添麻烦","tiān má fan","to cause trouble for someone / to inconvenience",""
"野心","yě xīn","ambition / wild schemes",""
"万事","wàn shì","all things",""
"撕裂","sī liè","to rip apart / to tear",""
"重现","chóng xiàn","to reappear",""
"蹩脚","bié jiǎo","inferior / shoddy",""
"粉碎","fěn suì","to crush / to smash",""
"判断力","pàn duàn lì","ability to judge / judgment",""
"梦寐以求","mèng mèi yǐ qiú","to yearn for something even in one's dreams (idiom) / to long for something day and night",""
"锁门","suǒ mén","to lock the door",""
"沉浸","chén jìn","to soak / to permeate",""
"缓慢","huǎn màn","slow / slow-moving",""
"诸如此类","zhū rú cǐ lèi","things like this (idiom); and so on / and the rest",""
"效","xiào","effect / efficacy / to imitate",""
"参考","cān kǎo","consultation / reference",""
"以色列","yǐ sè liè","Israel",""
"甘","gān","sweet / willing",""
"馆","guǎn","building / shop / term for certain service establishments",""
"偷情","tōu qíng","to carry on a clandestine love affair",""
"航行","háng xíng","to sail / to fly",""
"纸巾","zhǐ jīn","paper towel / napkin",""
"边界","biān jiè","boundary / border",""
"发财","fā cái","to get rich",""
"齿","chǐ","tooth",""
"壶","hú","pot / measure word for bottled liquid",""
"恋情","liàn qíng","romantic love",""
"内在","nèi zài","inner / internal",""
"延续","yán xù","to continue / to go on",""
"提交","tí jiāo","to submit (a report etc) / to refer (a problem) to someone",""
"融合","róng hé","a mixture / an amalgam",""
"效率","xiào lǜ","efficiency",""
"额头","é tóu","forehead",""
"记载","jì zǎi","to write down / to record",""
"不妥","bù tuǒ","not proper / inappropriate",""
"疑惑","yí huò","to doubt / to distrust",""
"闲聊","xián liáo","to chat / casual conversation",""
"扫地","sǎo dì","to sweep the floor / to reach rock bottom",""
"盲目","máng mù","blind / blindly",""
"无缘无故","wú yuán wú gù","no cause, no reason (idiom); completely uncalled for",""
"欣慰","xīn wèi","to be gratified",""
"催眠","cuī mián","hypnosis",""
"水晶","shuǐ jīng","crystal",""
"南瓜","nán guā","pumpkin",""
"铃声","líng shēng","ring / ringtone",""
"红灯","hóng dēng","red light",""
"环保","huán bǎo","environmental protection / environmentally friendly",""
"捕","bǔ","to catch / to seize / to capture",""
"免疫","miǎn yì","immunity (to disease)",""
"泡泡","pào pao","bubbles",""
"耐","nài","to endure / to withstand",""
"静脉","jìng mài","vein",""
"报到","bào dào","to report for duty / to check in",""
"碳","tàn","carbon (chemistry)",""
"古代","gǔ dài","ancient times / olden times",""
"时间表","shí jiān biǎo","schedule / timetable",""
"亿万","yì wàn","millions and millions",""
"郊区","jiāo qū","suburban district / outskirts",""
"父子","fù zǐ","father and son",""
"挑逗","tiǎo dòu","to provoke / to entice",""
"合身","hé shēn","well-fitting (of clothes)",""
"跟进","gēn jìn","to follow / to follow up",""
"愉悦","yú yuè","joyful / cheerful",""
"知晓","zhī xiǎo","to know / to understand",""
"紧密","jǐn mì","inseparably close",""
"海外","hǎi wài","overseas / abroad",""
"灿烂","càn làn","to glitter / brilliant",""
"迷茫","mí máng","vast and indistinct / perplexed",""
"戏剧性","xì jù xìng","dramatic",""
"落入","luò rù","to fall into",""
"名下","míng xià","under someone's name",""
"进程","jìn chéng","process / course",""
"扫兴","sǎo xìng","to have one's spirits dampened / to feel disappointed",""
"遮住","zhē zhù","to cover (up) / to block",""
"千真万确","qiān zhēn wàn què","absolutely true (idiom) / manifold",""
"女巫","nǚ wū","witch",""
"咒语","zhòu yǔ","incantation / spell",""
"份子","fèn zi","one's share of a gift price",""
"县","xiàn","county",""
"书店","shū diàn","bookstore",""
"奉","fèng","to offer (tribute) / to present respectfully (to superior, ancestor, deity etc) / to esteem",""
"戒酒","jiè jiǔ","to give up drinking / to abstain from drinking",""
"薄荷","bò he","field mint / peppermint",""
"幼儿园","yòu ér yuán","kindergarten / nursery school",""
"臀","tún","butt / buttocks",""
"智力","zhì lì","intelligence / intellect",""
"人身","rén shēn","person / personal",""
"万物","wàn wù","all things / all that exists",""
"碰见","pèng jiàn","to run into / to meet (unexpectedly)",""
"掌管","zhǎng guǎn","in charge of / to control",""
"理所当然","lǐ suǒ dāng rán","as it should be by rights (idiom); proper and to be expected as a matter of course / inevitable and right",""
"蔓延","màn yán","to extend / to spread",""
"一带","yí dài","region / district",""
"涌","yǒng","to bubble up / to rush forth",""
"时常","shí cháng","often / frequently",""
"热衷","rè zhōng","to feel strongly about / to be fond of",""
"毁坏","huǐ huài","to damage / to devastate",""
"一贯","yí guàn","consistent / constant",""
"轻而易举","qīng ér yì jǔ","easy / with no difficulty",""
"奈","nài","how can one help",""
"提名","tí míng","to nominate",""
"符号","fú hào","symbol / mark",""
"博客","bó kè","blog (loanword) / weblog",""
"勤","qín","diligent / industrious / hardworking",""
"摇摆","yáo bǎi","to sway / to wobble",""
"袜","wà","socks / stockings",""
"回收","huí shōu","to recycle / to reclaim",""
"辅导","fǔ dǎo","to give guidance / to mentor",""
"闪光","shǎn guāng","flash",""
"采集","cǎi jí","to gather / to collect",""
"许诺","xǔ nuò","promise / pledge",""
"水面","shuǐ miàn","water surface",""
"人造","rén zào","man-made / artificial",""
"膛","táng","chest (of body) / hollow space / throat",""
"起点","qǐ diǎn","starting point",""
"观","guān","to look at / to watch / to observe",""
"没命","méi mìng","to lose one's life / to die",""
"无处不在","wú chù bú zài","to be everywhere",""
"乱来","luàn lái","to act recklessly / to mess around",""
"动身","dòng shēn","to go on a journey / to leave",""
"假定","jiǎ dìng","to assume / to suppose",""
"办公桌","bàn gōng zhuō","office desk",""
"轰动","hōng dòng","to cause a sensation / to create a stir in (a place)",""
"气死","qì sǐ","to infuriate / to be furious",""
"擅","shàn","without authority / to usurp / to arrogate to oneself",""
"热心","rè xīn","enthusiasm / zeal",""
"克制","kè zhì","to restrain / to control",""
"相识","xiāng shí","to get to know each other / acquaintance",""
"一来","yì lái","firstly, ...",""
"比不上","bǐ bú shàng","can't compare with",""
"一大早","yí dà zǎo","at dawn / at first light",""
"苏联","sū lián","Soviet Union, 1922-1991",""
"肝脏","gān zàng","liver",""
"叮","dīng","to sting or bite (of mosquito, bee etc) / to say repeatedly / to urge insistently",""
"甲板","jiǎ bǎn","deck (of a boat etc)",""
"狩猎","shòu liè","to hunt / hunting",""
"脚印","jiǎo yìn","footprint",""
"报名","bào míng","to sign up / to enter one's name",""
"骑车","qí chē","to ride a bike (motorbike or bicycle)",""
"教徒","jiào tú","disciple / follower of a religion",""
"荷尔蒙","hé ěr méng","hormone (loanword)",""
"美貌","měi mào","good looks / beauty",""
"烤箱","kǎo xiāng","oven",""
"壳","ké","shell / carapace / crust (earth's crust etc)",""
"贫穷","pín qióng","poor / impoverished",""
"爱好者","ài hào zhě","lover (of art, sports etc) / amateur",""
"忍耐","rěn nài","to endure / to bear with",""
"窗子","chuāng zi","window (Malaysia: 窗口 chuāng kǒu)","China"
"征","zhēng","to invite / to recruit / to levy (taxes)",""
"受损","shòu sǔn","to suffer damage",""
"刷牙","shuā yá","to brush one's teeth",""
"竟敢","jìng gǎn","to have the impertinence / to have the cheek to",""
"偷偷摸摸","tōu tōu mō mō","surreptitious / sneaky",""
"无处","wú chù","nowhere",""
"亲切","qīn qiè","amiable / cordial",""
"发自","fā zì","to evolve from",""
"节省","jié shěng","saving / to save",""
"本意","běn yì","original idea / real intention",""
"称赞","chēng zàn","to praise / to acclaim",""
"周到","zhōu dào","thoughtful / considerate",""
"将近","jiāng jìn","almost / nearly",""
"好话","hǎo huà","friendly advice / words spoken on someone's behalf",""
"精疲力尽","jīng pí lì jìn","spirit weary, strength exhausted (idiom); spent / drained",""
"爹","diē","dad (Malaysia: 爸爸 bà ba)","China"
"布丁","bù dīng","pudding (loanword)",""
"陆军","lù jūn","army / ground forces",""
"天主教","tiān zhǔ jiào","Catholicism",""
"奇特","qí tè","peculiar / unusual",""
"基督教","jī dū jiào","Christianity / Christian",""
"传输","chuán shū","to transmit / transmission",""
"畜","chù","livestock / domesticated animal / domestic animal",""
"羽毛","yǔ máo","feather / plumage",""
"祖先","zǔ xiān","ancestor / forebears",""
"效应","xiào yìng","effect (scientific phenomenon)",""
"无赖","wú lài","hoodlum / rascal",""
"房顶","fáng dǐng","housetop / roof",""
"突击","tū jī","sudden and violent attack / assault",""
"比基尼","bǐ jī ní","bikini (loanword)",""
"对头","duì tou","(longstanding) opponent / enemy",""
"抚摸","fǔ mō","to gently caress and stroke / to pet",""
"水准","shuǐ zhǔn","level (of achievement etc) / standard",""
"揭开","jiē kāi","to uncover / to open",""
"擦伤","cā shāng","to abrade / to scrape",""
"冷漠","lěng mò","cold and detached towards someone / lack of regard",""
"揪","jiū","to seize / to clutch / to grab firmly and pull",""
"冲击","chōng jī","to attack / to batter",""
"留住","liú zhù","to ask someone to stay / to keep someone for the night",""
"流逝","liú shì","(of time) to pass / to elapse",""
"付清","fù qīng","to pay in full / to pay all of a bill",""
"这会","zhè huì","now / at the moment (Malaysia: 现在 xiàn zài)","China"
"前所未有","qián suǒ wèi yǒu","unprecedented",""
"个别","gè bié","individual / specific",""
"豁免权","huò miǎn quán","immunity from prosecution",""
"狙击手","jū jī shǒu","sniper / marksman",""
"使者","shǐ zhě","emissary / envoy",""
"笑声","xiào shēng","laughter",""
"尘","chén","dust / dirt / earth",""
"毒瘾","dú yǐn","drug addiction",""
"高中生","gāo zhōng shēng","senior high school student",""
"痴迷","chī mí","infatuated / obsessed",""
"灭亡","miè wáng","to be destroyed / to become extinct",""
"值班","zhí bān","to work a shift / on duty",""
"放假","fàng jià","to have a holiday or vacation",""
"外头","wài tou","outside / out (Malaysia: 外面 wài miàn)","China"
"职务","zhí wù","post / position",""
"勾搭","gōu da","to gang up / to fool around with",""
"频繁","pín fán","frequently / often",""
"差事","chāi shi","errand / assignment",""
"个头","ge tóu","(suffix) my ass! / yeah, right!",""
"住宅","zhù zhái","residence / tenement",""
"当做","dàng zuò","to treat as / to regard as",""
"庞大","páng dà","huge / enormous",""
"过后","guò hòu","after / afterwards",""
"事后","shì hòu","after the event / in hindsight",""
"勾当","gòu dàng","shady business",""
"预先","yù xiān","beforehand / in advance",""
"潜水","qián shuǐ","to dive / to go under water",""
"彩排","cǎi pái","dress rehearsal",""
"摄影机","shè yǐng jī","camera / movie camera",""
"首领","shǒu lǐng","head / boss",""
"变形","biàn xíng","deformation / to become deformed",""
"贸易","mào yì","(commercial) trade",""
"山谷","shān gǔ","valley / ravine",""
"暴风雨","bào fēng yǔ","rainstorm / storm",""
"拦截","lán jié","to intercept",""
"巡回","xún huí","to go around / to roam",""
"目录","mù lù","catalog / table of contents",""
"拉链","lā liàn","zipper",""
"转动","zhuǎn dòng","to turn something around / to swivel",""
"增","zēng","to increase / to expand / to add",""
"搏斗","bó dòu","to wrestle / to fight",""
"摊","tān","to spread out / vendor's stand",""
"听取","tīng qǔ","to hear (news) / to listen to",""
"奔","bēn","to hurry / to rush / to run quickly",""
"辉煌","huī huáng","splendid / glorious",""
"神经质","shén jīng zhì","nervous / on edge",""
"小人","xiǎo rén","person of low social status (old) / I, me (used to refer humbly to oneself)",""
"流传","liú chuán","to spread / to circulate",""
"心烦意乱","xīn fán yì luàn","lit. heart distracted, thoughts in turmoil (idiom); distraught with anxiety",""
"人手","rén shǒu","manpower / staff",""
"心目","xīn mù","mind",""
"玩偶","wán ǒu","toy figurine / action figure",""
"回合","huí hé","one of a sequence of contests (or subdivisions of a contest) between the same two opponents / round (boxing etc)",""
"先知","xiān zhī","prophet",""
"死神","sǐ shén","mythological figure (such as the Grim Reaper) in charge of taking the souls of those who die / (fig.) death",""
"编剧","biān jù","to write a play / scenario",""
"激活","jī huó","to activate",""
"腰带","yāo dài","belt",""
"机关","jī guān","mechanism / gear",""
"营救","yíng jiù","to rescue",""
"胶带","jiāo dài","adhesive tape / rubber belt",""
"时速","shí sù","speed per hour",""
"脆","cuì","brittle / fragile / crisp",""
"轮子","lún zi","wheel",""
"休庭","xiū tíng","to adjourn (law)",""
"都市","dū shì","city / metropolis",""
"灭绝","miè jué","to extinguish / to become extinct",""
"领地","lǐng dì","territory / domain",""
"冻死","dòng sǐ","to freeze to death / to die off in winter",""
"耀眼","yào yǎn","to dazzle / dazzling",""
"愚弄","yú nòng","to make a fool out of / to fool",""
"同谋","tóng móu","to conspire with someone / to plot",""
"人命","rén mìng","human life",""
"遮","zhē","to cover up (a shortcoming) / to screen off / to hide",""
"玩耍","wán shuǎ","to play (as children do) / to amuse oneself",""
"外边","wài bian","outside / outer surface",""
"拥挤","yōng jǐ","crowded / to throng",""
"全身心","quán shēn xīn","wholeheartedly / (to devote oneself) heart and soul",""
"交待","jiāo dài","to substitute / to act on behalf of others / to replace",""
"留心","liú xīn","to be careful / to pay attention to",""
"以内","yǐ nèi","within / less than",""
"替换","tì huàn","to exchange / to replace",""
"提早","tí zǎo","ahead of schedule / sooner than planned",""
"少见","shǎo jiàn","rare / not familiar (to the speaker)",""
"引人注目","yǐn rén zhù mù","to attract attention / eye-catching",""
"特地","tè dì","specially / for a special purpose",""
"实习生","shí xí sheng","intern (student)",""
"兔","tù","rabbit",""
"德州","dé zhōu","Texas",""
"青蛙","qīng wā","frog / (slang) ugly guy",""
"阿拉伯","ā lā bó","Arabian / Arabic",""
"火车站","huǒ chē zhàn","train station",""
"围巾","wéi jīn","scarf / shawl",""
"旅店","lǚ diàn","inn / small hotel",""
"银色","yín sè","silver (color)",""
"奖赏","jiǎng shǎng","reward / prize",""
"排名","pái míng","to rank (1st, 2nd etc) / ranking",""
"罐头","guàn tou","tin / can",""
"沟","gōu","ditch / gutter / groove",""
"文书","wén shū","document / official correspondence",""
"体系","tǐ xì","system / setup",""
"挑衅","tiǎo xìn","to provoke / provocation",""
"爱心","ài xīn","compassion / kindness",""
"傲","ào","proud / arrogant / to despise",""
"灵活","líng huó","flexible / nimble",""
"皱","zhòu","to wrinkle / wrinkled / to crease",""
"插入","chā rù","to insert / to stick",""
"无所事事","wú suǒ shì shì","to have nothing to do / to idle one's time away (idiom)",""
"失礼","shī lǐ","to act discourteously / forgive me (for my impropriety)",""
"胡言乱语","hú yán luàn yǔ","babbling nonsense (idiom); crazy and unfounded ravings / double Dutch",""
"白白","bái bái","in vain / to no purpose",""
"思路","sī lù","train of thought / thinking",""
"意料","yì liào","to anticipate / to expect",""
"罢休","bà xiū","to give up / to abandon (a goal etc)",""
"摩托","mó tuō","motorbike",""
"奖杯","jiǎng bēi","trophy cup",""
"口红","kǒu hóng","lipstick",""
"比萨","bǐ sà","pizza (loanword)",""
"梯子","tī zi","ladder / stepladder",""
"孕","yùn","pregnant",""
"炖","dùn","to stew",""
"艺人","yì rén","performing artist / actor",""
"防卫","fáng wèi","to defend / defensive",""
"驴","lǘ","donkey",""
"巡警","xún jǐng","police patrol / patrol officer",""
"东方","dōng fāng","east",""
"地产","dì chǎn","estate",""
"浑","hún","muddy / to mix",""
"咳嗽","ké sou","to cough",""
"国度","guó dù","country / nation",""
"预订","yù dìng","to place an order / to book ahead",""
"止痛药","zhǐ tòng yào","painkiller / analgesic",""
"绷带","bēng dài","bandage (loanword)",""
"大自然","dà zì rán","nature (the natural world)",""
"复合","fù hé","complex / compound",""
"嗜","shì","addicted to / fond of / stem corresponding to -phil or -phile",""
"怪事","guài shì","strange thing / curious occurrence",""
"大家庭","dà jiā tíng","extended family / big family",""
"雇主","gù zhǔ","employer",""
"流泪","liú lèi","to shed tears",""
"阴暗","yīn àn","dim / dark",""
"此次","cǐ cì","this time",""
"打印","dǎ yìn","to affix a seal / to stamp",""
"叠","dié","to fold / to fold over in layers / to furl",""
"畏惧","wèi jù","to fear / to dread",""
"劳动","láo dòng","work / toil",""
"报案","bào àn","to report a case to the authorities",""
"为所欲为","wéi suǒ yù wéi","to do whatever one pleases",""
"谋生","móu shēng","to seek one's livelihood / to work to support oneself",""
"把门","bǎ mén","to stand as a goalkeeper / to keep guard on a gate",""
"从头到尾","cóng tóu dào wěi","from start to finish / from head to tail",""
"隆重","lóng zhòng","grand / prosperous",""
"重要性","zhòng yào xìng","importance",""
"澳大利亚","ào dà lì yà","Australia",""
"戒毒","jiè dú","to kick a drug habit / to abstain from drugs",""
"方位","fāng wèi","direction / points of the compass",""
"春","chūn","spring (season) / gay / joyful",""
"服刑","fú xíng","to serve a prison sentence",""
"再生","zài shēng","to be reborn / to regenerate",""
"处死","chǔ sǐ","an execution / to put someone to death",""
"壁炉","bì lú","fireplace",""
"瞪","dèng","to open (one's eyes) wide / to stare at / to glare at",""
"残留","cán liú","to remain / left over",""
"草地","cǎo dì","lawn / meadow",""
"头晕","tóu yūn","dizzy",""
"俗","sú","custom / convention / popular",""
"过期","guò qī","to be overdue / to exceed the time limit",""
"支配","zhī pèi","to control / to dominate",""
"组建","zǔ jiàn","to organize / to set up",""
"美人","měi rén","beauty / belle",""
"动摇","dòng yáo","to sway / to waver",""
"况且","kuàng qiě","moreover / besides",""
"亲身","qīn shēn","personal / oneself",""
"肾","shèn","kidney",""
"德语","dé yǔ","German (language)",""
"辣椒","là jiāo","hot pepper / chili",""
"传票","chuán piào","summons / subpoena",""
"署","shǔ","office / bureau / to sign",""
"薯","shǔ","potato / yam",""
"坠落","zhuì luò","to fall / to drop",""
"死尸","sǐ shī","a corpse / a dead body",""
"出国","chū guó","to go abroad / to leave the country",""
"视野","shì yě","field of view / horizon",""
"比例","bǐ lì","proportion / scale",""
"私生活","sī shēng huó","private life",""
"追随","zhuī suí","to follow / to accompany",""
"苦难","kǔ nàn","suffering",""
"腻","nì","greasy / soft / unctuous",""
"壮观","zhuàng guān","spectacular / magnificent sight",""
"负面","fù miàn","negative / the negative side",""
"严密","yán mì","strict / tight (organization, surveillance etc)",""
"当前","dāng qián","current / today's",""
"区分","qū fēn","to differentiate / to draw a distinction",""
"意想不到","yì xiǎng bú dào","unexpected / previously unimagined",""
"明了","míng liǎo","to understand clearly / to be clear about",""
"懒得","lǎn dé","not to feel like (doing something) / disinclined to",""
"探险","tàn xiǎn","to explore / to go on an expedition",""
"决斗","jué dòu","to duel / a duel",""
"减速","jiǎn sù","to reduce speed / to slow down",""
"湖边","hú biān","lakeside",""
"车厢","chē xiāng","carriage",""
"钉子","dīng zi","nail / snag",""
"救助","jiù zhù","to help someone in trouble / aid",""
"理念","lǐ niàn","idea / concept",""
"公关","gōng guān","public relations",""
"同居","tóng jū","to live together",""
"绷","bēng","to draw tight / to stretch taut / to tack (with thread or pin)",""
"虚","xū","emptiness / void / abstract theory or guiding principles",""
"动手术","dòng shǒu shù","to perform or have an operation",""
"部署","bù shǔ","to dispose / to deploy",""
"鱿鱼","yóu yú","squid",""
"控诉","kòng sù","to accuse / to denounce",""
"建筑物","jiàn zhù wù","building / structure",""
"毛发","máo fà","hair",""
"关节","guān jié","joint (physiology) / key point",""
"新婚","xīn hūn","newly wed",""
"上空","shàng kōng","overhead / in the sky",""
"客观","kè guān","objective / impartial",""
"香味","xiāng wèi","fragrance / bouquet",""
"售","shòu","to sell / to make or carry out (a plan or intrigue etc)",""
"抵","dǐ","to press against / to support / to prop up",""
"证书","zhèng shū","credentials / certificate",""
"数百万","shù bǎi wàn","several million",""
"捧","pěng","to clasp / to cup the hands / to hold up with both hands",""
"眠","mián","to sleep / to hibernate",""
"不择手段","bù zé shǒu duàn","by fair means or foul / by hook or by crook",""
"徘徊","pái huái","to dither / to hesitate",""
"接替","jiē tì","to replace / to take over (a position or post)",""
"摩擦","mó cā","friction / rubbing",""
"塑造","sù zào","to model / to mold",""
"要害","yào hài","vital part / (fig.) key point",""
"讨价还价","tǎo jià huán jià","to haggle over price / to bargain",""
"秘诀","mì jué","secret know-how / key (to longevity)",""
"多管闲事","duō guǎn xián shì","meddling in other people's business",""
"大方","dà fang","generous / magnanimous",""
"貌","mào","appearance",""
"感激不尽","gǎn jī bú jìn","can't thank someone enough (idiom)",""
"少校","shào xiào","junior ranking officer in Chinese army / major",""
"阿富汗","ā fù hàn","Afghanistan / Afghan",""
"豆子","dòu zi","bean / pea",""
"植","zhí","to plant",""
"松鼠","sōng shǔ","squirrel",""
"性交","xìng jiāo","sexual intercourse",""
"乐器","yuè qì","musical instrument",""
"药片","yào piàn","a (medicine) pill or tablet",""
"看护","kān hù","to nurse / to look after",""
"教书","jiāo shū","to teach (in a school)",""
"旨意","zhǐ yì","decree / order",""
"视力","shì lì","vision / eyesight",""
"栅栏","zhà lán","fence",""
"学者","xué zhě","scholar",""
"中年","zhōng nián","middle age",""
"青春期","qīng chūn qī","puberty / adolescence",""
"休闲","xiū xián","leisure / relaxation",""
"南边","nán bian","south / south side",""
"夜间","yè jiān","nighttime / evening or night (e.g. classes)",""
"进城","jìn chéng","to go to town / to enter a big city (to live or work)",""
"下星期","xià xīng qī","next week",""
"勿","wù","do not",""
"人力","rén lì","manpower / labor power",""
"否","fǒu","to negate / to deny / not",""
"更新","gēng xīn","to replace the old with new / to renew",""
"底部","dǐ bù","bottom",""
"行头","xíng tou","a person's clothing / outfit",""
"扛","káng","to carry on one's shoulder / (fig.) to take on (a burden, duty etc)",""
"通宵","tōng xiāo","all night / throughout the night",""
"种种","zhǒng zhǒng","all kinds of",""
"渠道","qú dào","irrigation ditch / (fig.) channel",""
"分头","fēn tóu","separately / severally",""
"偏偏","piān piān","(indicates that something turns out just the opposite of what one would wish) unfortunately / as it happened",""
"出没","chū mò","to come and go / to roam about (mostly unseen)",""
"试试看","shì shì kàn","to give it a try",""
"彻头彻尾","chè tóu chè wěi","lit. from head to tail (idiom); thoroughgoing / through and through",""
"嘻","xī","laugh / giggle / (interjection expressing admiration, surprise etc)",""
"合并","hé bìng","to merge / to annex",""
"蜜","mì","honey",""
"祭","jì","to offer a sacrifice to (gods or ancestors) / memorial ceremony / (in classical novels) to recite an incantation to activate a magic weapon",""
"登机","dēng jī","to board a plane",""
"监护人","jiān hù rén","guardian",""
"发动机","fā dòng jī","engine / motor",""
"增援","zēng yuán","to reinforce",""
"强势","qiáng shì","strong / powerful",""
"探测","tàn cè","to probe / to take readings",""
"瞄","miáo","to take aim / (fig.) to aim one's looks at / to glance at",""
"西北","xī běi","northwest",""
"许可证","xǔ kě zhèng","license / authorization",""
"直线","zhí xiàn","straight line / sharply (rise or fall)",""
"特质","tè zhì","characteristic / special quality",""
"鼻涕","bí tì","nasal mucus / snivel",""
"净","jìng","clean / completely / only",""
"小巷","xiǎo xiàng","alley",""
"影星","yǐng xīng","film star",""
"鲜","xiān","fresh / bright (in color) / delicious",""
"乞求","qǐ qiú","to beg",""
"加大","jiā dà","to increase (e.g. one's effort)",""
"臭味","chòu wèi","bad smell / foul odor",""
"迷住","mí zhu","to fascinate / to strongly attract",""
"侵略","qīn lüè","to invade / invasion",""
"点头","diǎn tóu","to nod",""
"收场","shōu chǎng","the end / an ending",""
"怀抱","huái bào","to hug / to cherish",""
"发达","fā dá","developed (country etc) / flourishing",""
"消耗","xiāo hào","to use up / to consume",""
"共和党","gòng hé dǎng","Republican Party",""
"服务器","fú wù qì","server (computer)",""
"磁带","cí dài","magnetic tape",""
"洞穴","dòng xué","cave / cavern",""
"清洁工","qīng jié gōng","cleaner / janitor",""
"红萝卜","hóng luó bo","carrot","Malaysia"
"胡萝卜","hú luó bo","carrot (Malaysia: 红萝卜 hóng luó bo)","China"
"闪耀","shǎn yào","to glint / to glitter",""
"忆","yì","to recollect / to remember / memory",""
"导航","dǎo háng","navigation",""
"斗士","dòu shì","warrior / activist",""
"性欲","xìng yù","sexual desire / lust",""
"户外","hù wài","outdoor",""
"侦查","zhēn chá","to detect / to investigate",""
"出轨","chū guǐ","derailment (railway accident) / to leave the rails",""
"西服","xī fú","Western-style suit (Malaysia: 西装 xī zhuāng)","China"
"丧生","sàng shēng","to die / to lose one's life",""
"饥渴","jī kě","hungry and thirsty / (fig.) to crave (knowledge, love etc)",""
"蓄意","xù yì","deliberate / premeditated",""
"上方","shàng fāng","place above (it) / upper part (of it)",""
"限","xiàn","to limit / to restrict / bound",""
"挚爱","zhì ài","true love",""
"出头","chū tóu","to get out of a predicament / to stick out",""
"坏处","huài chu","harm / troubles",""
"怀里","huái lǐ","embrace / bosom",""
"散布","sàn bù","to disseminate",""
"灰尘","huī chén","dust",""
"混进","hùn jìn","to infiltrate / to sneak into",""
"暗中","àn zhōng","in the dark / in secret",""
"不久前","bù jiǔ qián","not long ago",""
"伎俩","jì liǎng","trick / scheme",""
"一清二楚","yì qīng èr chǔ","to be very clear about something (idiom)",""
"英镑","yīng bàng","pound sterling",""
"性行为","xìng xíng wéi","sexual behavior",""
"中风","zhòng fēng","to suffer a paralyzing stroke",""
"物证","wù zhèng","material evidence",""
"永生","yǒng shēng","to live forever / eternal life",""
"经纪","jīng jì","to manage (a business) / manager",""
"手势","shǒu shì","gesture / sign",""
"老友","lǎo yǒu","old friend / someone who passed the county level imperial exam (in Ming dynasty)",""
"稿","gǎo","manuscript / draft / stalk of grain",""
"埋伏","mái fú","to ambush / to lie in wait for",""
"便车","biàn chē","to hitchhike",""
"季度","jì dù","quarter of a year / season (sports)",""
"漫步","màn bù","to wander / to ramble",""
"医护","yī hù","doctors and nurses / medic",""
"兴","xìng","feeling or desire to do something / interest in something / excitement",""
"成名","chéng míng","to make one's name / to become famous",""
"逃命","táo mìng","to escape / to flee",""
"付费","fù fèi","to pay / to cover the costs",""
"震动","zhèn dòng","to shake / to vibrate",""
"延期","yán qī","to delay / to extend",""
"牙刷","yá shuā","toothbrush",""
"丢弃","diū qì","to discard / to abandon",""
"课堂","kè táng","classroom",""
"处罚","chǔ fá","to penalize / to punish",""
"可怜虫","kě lián chóng","pitiful creature / wretch",""
"栏","lán","fence / railing / hurdle",""
"炒鱿鱼","chǎo yóu yú","to fire someone / to sack someone",""
"躲藏","duǒ cáng","to conceal oneself / to go into hiding",""
"人行道","rén xíng dào","sidewalk",""
"验证","yàn zhèng","to inspect and verify / experimental verification",""
"负罪感","fù zuì gǎn","sense of guilt",""
"初次","chū cì","for the first time / first (meeting, attempt etc)",""
"原理","yuán lǐ","principle / theory",""
"现有","xiàn yǒu","currently existing / currently available",""
"得罪","dé zui","to offend someone / to make a faux pas",""
"了如指掌","liǎo rú zhǐ zhǎng","to know something like the back of one's hand (idiom) / to know (a person, a place etc) inside out",""
"夏","xià","summer",""
"曲棍球","qū gùn qiú","field hockey",""
"日志","rì zhì","journal / log (computing)",""
"起火","qǐ huǒ","to catch fire / to cook",""
"彻","chè","thorough / penetrating / to pervade",""
"导","dǎo","to transmit / to lead / to guide",""
"验","yàn","to examine / to test / to check",""
"贩子","fàn zi","trafficker / dealer",""
"出击","chū jī","to sally / to attack",""
"存款","cún kuǎn","to deposit money (in a bank etc) / bank savings",""
"潮","cháo","tide / current / damp",""
"上身","shàng shēn","upper part of the body",""
"套装","tào zhuāng","outfit or suit (of clothes) / set of coordinated items",""
"伸手","shēn shǒu","to reach out with one's hand / to hold out a hand",""
"此处","cǐ chù","this place / here (literary)",""
"让步","ràng bù","to concede / to give in",""
"毁掉","huǐ diào","to destroy",""
"别扭","biè niu","awkward / difficult",""
"遗漏","yí lòu","to overlook / to miss",""
"风头","fēng tóu","wind direction / the way the wind blows",""
"把手","bǎ shou","handle / grip",""
"迄今为止","qì jīn wéi zhǐ","so far / up to now",""
"喋喋不休","dié dié bù xiū","to chatter or jabber on and on",""
"一如既往","yì rú jì wǎng","just as in the past (idiom); as before / continuing as always",""
"芯片","xīn piàn","computer chip / microchip",""
"姨妈","yí mā","mother's sister / maternal aunt",""
"智","zhì","wisdom / knowledge",""
"粉红","fěn hóng","pink",""
"巫婆","wū pó","witch / sorceress",""
"克拉","kè lā","carat (mass) (loanword)",""
"蘑菇","mó gu","mushroom / to pester",""
"邪","xié","demonic / iniquitous / nefarious",""
"驳回","bó huí","to reject / to turn down",""
"肌","jī","flesh / muscle",""
"虐","nüè","oppressive / tyrannical",""
"安保","ān bǎo","to maintain security (abbr.)",""
"炫","xuàn","to dazzle / to boast / to show off",""
"消费","xiāo fèi","to consume / to spend",""
"褐色","hè sè","brown",""
"关机","guān jī","to turn off (a machine or device) / to finish shooting a film",""
"世间","shì jiān","world / earth",""
"多多","duō duō","more / a lot (多多向他学习 = learn more from him)",""
"淘气","táo qì","naughty / mischievous",""
"晚间","wǎn jiān","evening / night",""
"榨","zhà","to press / to extract (juice) / device for extracting juice, oils etc",""
"树枝","shù zhī","branch / twig",""
"袖子","xiù zi","sleeve",""
"痴","chī","imbecile / sentimental / stupid",""
"互","hù","mutual",""
"层次","céng cì","layer / level",""
"乎","hū","(classical particle similar to ) in / at / from",""
"玷污","diàn wū","to stain / to sully",""
"惯","guàn","accustomed to / used to / indulge",""
"声誉","shēng yù","reputation / fame",""
"刻意","kè yì","meticulous / painstaking",""
"凭空","píng kōng","baseless (lie) / without foundation",""
"大名","dà míng","famous name / your distinguished name",""
"创造力","chuàng zào lì","ingenuity / creativity",""
"毕生","bì shēng","all one's life / lifetime",""
"恭维","gōng wei","to praise / to speak highly of",""
"头顶","tóu dǐng","top of the head",""
"用途","yòng tú","use / application",""
"穆斯林","mù sī lín","Muslim",""
"莫斯科","mò sī kē","Moscow",""
"会长","huì zhǎng","president of a club, committee etc",""
"酒馆","jiǔ guǎn","tavern / pub",""
"芭蕾舞","bā lěi wǔ","ballet (loanword)",""
"互联网","hù lián wǎng","Internet",""
"阳","yáng","positive (electric.) / sun / male principle (Taoism)",""
"胜利者","shèng lì zhě","victor / winner",""
"告密","gào mì","to inform against someone",""
"合成","hé chéng","to compose / to constitute",""
"参","cān","to take part in / to participate / to join",""
"强力","qiáng lì","powerful",""
"安眠药","ān mián yào","sleeping pill",""
"缘","yuán","cause / reason / karma",""
"头头","tóu tóu","head / chief",""
"粉红色","fěn hóng sè","pink",""
"缩写","suō xiě","abbreviation / to abridge",""
"首饰","shǒu shì","jewelry / head ornament",""
"看望","kàn wàng","to visit / to pay a call to",""
"建设","jiàn shè","to build / to construct",""
"思念","sī niàn","to think of / to long for",""
"紧身","jǐn shēn","skintight",""
"武力","wǔ lì","military force",""
"侧面","cè miàn","lateral side / side",""
"指使","zhǐ shǐ","to incite / to prompt (someone to do something)",""
"戒备","jiè bèi","to take precautions / to guard against (emergency)",""
"外衣","wài yī","outer clothing / semblance",""
"实践","shí jiàn","practice / to put into practice",""
"深感","shēn gǎn","to feel deeply",""
"开胃","kāi wèi","to whet the appetite / appetizing",""
"精明","jīng míng","astute / shrewd",""
"高明","gāo míng","brilliant / superior",""
"死活","sǐ huó","life or death / fate",""
"裂缝","liè fèng","crack / crevice",""
"保龄球","bǎo líng qiú","ten-pin bowling (loanword) / bowling ball",""
"国防部","guó fáng bù","Defense Department / Ministry of National Defense",""
"女仆","nǚ pú","female servant / drudge",""
"糖尿病","táng niào bìng","diabetes / diabetes mellitus",""
"缝合","féng hé","to sew together / suture (in surgery)",""
"遥控器","yáo kòng qì","remote control",""
"残骸","cán hái","remains / wreckage",""
"突袭","tū xí","surprise attack",""
"呼唤","hū huàn","to call out (a name etc) / to shout",""
"活泼","huó po","lively / vivacious",""
"假扮","jiǎ bàn","to impersonate / to act the part of someone",""
"四分之一","sì fēn zhī yī","one-quarter",""
"未成年","wèi chéng nián","underage",""
"悠","yōu","long or drawn out / remote in time or space / leisurely",""
"背部","bèi bù","back (of a human or other vertebrate, or of an object)",""
"二战","èr zhàn","World War II",""
"岂","qǐ","how? (emphatic question)",""
"机遇","jī yù","opportunity / favorable circumstance",""
"关乎","guān hū","to relate to / concerning",""
"分类","fēn lèi","classification",""
"盼望","pàn wàng","to hope for / to look forward to",""
"查清","chá qīng","to find out / to ascertain",""
"真面目","zhēn miàn mù","true identity / true colors",""
"心怀","xīn huái","to harbor (thoughts) / to cherish",""
"照样","zhào yàng","as before / (same) as usual",""
"共有","gòng yǒu","to have altogether / in all",""
"凤凰","fèng huáng","phoenix",""
"飓风","jù fēng","hurricane",""
"题目","tí mù","subject / title",""
"快递","kuài dì","express delivery",""
"信用","xìn yòng","to trust / credit (commerce)",""
"标题","biāo tí","title / heading",""
"监管","jiān guǎn","to oversee / to take charge of",""
"乡巴佬","xiāng bā lǎo","(derog.) villager / hick",""
"妒忌","dù jì","to be jealous of (someone's achievements etc) / to be envious",""
"体型","tǐ xíng","build / body type",""
"登录","dēng lù","to register / to log in",""
"遥","yáo","distant / remote / far",""
"野外","yě wài","countryside / areas outside the city",""
"假日","jià rì","holiday / non-working day",""
"淑女","shū nǚ","wise and virtuous woman / lady",""
"相见","xiāng jiàn","to see each other / to meet in person",""
"直至","zhí zhì","lasting until / up till (the present)",""
"充","chōng","to fill / to satisfy / to fulfill",""
"年长","nián zhǎng","senior",""
"付款","fù kuǎn","to pay a sum of money / payment",""
"喜悦","xǐ yuè","happy / joyous",""
"开端","kāi duān","start / beginning",""
"性质","xìng zhì","nature / characteristic",""
"风度","fēng dù","elegance (for men) / elegant demeanor",""
"取名","qǔ míng","to name / to be named",""
"闻名","wén míng","well-known / famous",""
"看重","kàn zhòng","to regard as important / to care about",""
"要点","yào diǎn","main point / essential",""
"不堪","bù kān","cannot bear / cannot stand",""
"琴","qín","guqin (a type of zither) / musical instrument in general",""
"山羊","shān yáng","goat / (gymnastics) small-sized vaulting horse",""
"越狱","yuè yù","to break out of prison / to jailbreak (an iOS device etc)",""
"彩票","cǎi piào","lottery ticket",""
"庭审","tíng shěn","court hearing",""
"秘","mì","secret / secretary",""
"群众","qún zhòng","mass / multitude",""
"公交","gōng jiāo","bus / public transport (Malaysia: 巴士 bā shì)","China"
"协定","xié dìng","agreement / accord",""
"否决","fǒu jué","to veto / to overrule",""
"花生酱","huā shēng jiàng","peanut butter",""
"兄妹","xiōng mèi","brother(s) and sister(s)",""
"简报","jiǎn bào","presentation / briefing",""
"炉子","lú zi","stove / oven",""
"消极","xiāo jí","negative / passive",""
"余","yú","extra / surplus / remaining",""
"响起","xiǎng qǐ","(of a sound) to come forth / (of a sound source) to ring out",""
"中东","zhōng dōng","Middle East",""
"勇","yǒng","brave",""
"夜班","yè bān","night shift",""
"即兴","jí xìng","improvisation (in the arts) / impromptu",""
"车窗","chē chuāng","car window / window of vehicle (bus, train etc)",""
"饮","yǐn","to drink",""
"高档","gāo dàng","superior quality / high grade",""
"向上","xiàng shàng","upward / up",""
"薪","xīn","fuel / salary",""
"前程","qián chéng","future (career etc) prospects",""
"一次性","yí cì xìng","one-off (offer) / one-time",""
"磨蹭","mó ceng","to rub lightly / to move slowly",""
"精致","jīng zhì","delicate / fine",""
"凡事","fán shì","everything",""
"心事","xīn shì","a load on one's mind / worry",""
"预想","yù xiǎng","to anticipate / to expect",""
"详情","xiáng qíng","details / particulars",""
"填补","tián bǔ","to fill a gap / to fill in a blank (on a form)",""
"一时间","yì shí jiān","for a moment / momentarily",""
"饱受","bǎo shòu","to endure / to suffer",""
"费劲","fèi jìn","to require effort / strenuous",""
"早起","zǎo qǐ","to get up early",""
"轮流","lún liú","to alternate / to take turns",""
"婚纱","hūn shā","wedding dress",""
"画廊","huà láng","gallery",""
"阿拉","ā lā","(Wu dialect) my / our",""
"演习","yǎn xí","maneuver / exercise",""
"毒素","dú sù","poison",""
"瘟疫","wēn yì","epidemic / plague",""
"侦察","zhēn chá","to investigate a crime / to scout",""
"特种部队","tè zhǒng bù duì","(military) special forces",""
"供给","gōng jǐ","to furnish / to provide",""
"曲线","qū xiàn","curve / curved line",""
"情妇","qíng fù","mistress / paramour (of married man)",""
"耳机","ěr jī","headphones / earphones",""
"果冻","guǒ dòng","gelatin dessert",""
"复苏","fù sū","to recover (health, economic) / to resuscitate",""
"杂货店","zá huò diàn","grocery store / emporium",""
"送货","sòng huò","to deliver goods",""
"扒","bā","to peel / to skin / to tear",""
"账","zhàng","account / bill / debt",""
"成本","chéng běn","(manufacturing, production etc) costs",""
"州立","zhōu lì","state-run",""
"授予","shòu yǔ","to award / to confer",""
"面谈","miàn tán","face-to-face meeting / an interview",""
"忠于","zhōng yú","to be loyal to",""
"泡沫","pào mò","foam / (soap) bubble",""
"无可奉告","wú kě fèng gào","(idiom) ""no comment""",""
"奇异","qí yì","fantastic / bizarre",""
"收益","shōu yì","earnings / profit",""
"放纵","fàng zòng","to indulge / to pamper",""
"苦恼","kǔ nǎo","vexed / distressed",""
"情绪化","qíng xù huà","emotional / sentimental",""
"病态","bìng tài","morbid or abnormal state",""
"没劲","méi jìn","to have no strength / to feel weak",""
"融洽","róng qià","harmonious / friendly relations",""
"列出","liè chū","to list / to make a list",""
"一心","yì xīn","wholeheartedly / heart and soul",""
"孤立","gū lì","isolate / isolated",""
"到头来","dào tóu lái","in the end / finally",""
"阴茎","yīn jīng","penis",""
"泰国","tài guó","Thailand / Thai",""
"伞","sǎn","umbrella / parasol",""
"吗啡","mǎ fēi","morphine (loanword)",""
"补给","bǔ jǐ","supply / replenishment",""
"咻","xiū","call out / jeer",""
"瘀","yū","hematoma (internal blood clot) / extravasated blood (spilt into surrounding tissue) / contusion",""
"领导者","lǐng dǎo zhě","leader",""
"香草","xiāng cǎo","aromatic herb / vanilla",""
"代理人","dài lǐ rén","agent",""
"微波炉","wēi bō lú","microwave oven",""
"迷信","mí xìn","superstition / to have a superstitious belief (in something)",""
"退役","tuì yì","to retire from the military, sport etc / to demobilize",""
"芥末","jiè mo","mustard / wasabi",""
"笑脸","xiào liǎn","smiling face / smiley :) ☺",""
"储存","chǔ cún","stockpile / to store",""
"散开","sàn kāi","to separate / to disperse",""
"名牌","míng pái","famous brand / nameplate",""
"无尽","wú jìn","endless / inexhaustible",""
"垂","chuí","to hang (down) / droop / dangle",""
"预谋","yù móu","premeditated / to plan something in advance (esp. a crime)",""
"捕捉","bǔ zhuō","to catch / to seize",""
"钝","dùn","blunt / stupid",""
"锋利","fēng lì","sharp (e.g. knife blade) / incisive",""
"坚守","jiān shǒu","to hold fast to / to stick to",""
"扭转","niǔ zhuǎn","to reverse / to turn around (an undesirable situation)",""
"险境","xiǎn jìng","critical circumstances / risky conditions",""
"认错","rèn cuò","to admit an error / to acknowledge one's mistake",""
"开支","kāi zhī","expenditures / expenses",""
"献身","xiàn shēn","to commit one's energy to / to devote oneself to",""
"活活","huó huó","while still alive / simply",""
"看穿","kàn chuān","see through (a person, scheme, trick etc)",""
"乐于","lè yú","willing (to do something) / to take pleasure in",""
"坦率","tǎn shuài","frank (discussion) / blunt",""
"天知道","tiān zhī dào","God knows / who knows",""
"不妨","bù fáng","there is no harm in / might as well",""
"注重","zhù zhòng","to pay attention to / to emphasize",""
"不用说","bú yòng shuō","needless to say / it goes without saying",""
"总的来说","zǒng de lái shuō","generally speaking / to sum up",""
"殿下","diàn xià","Your Majesty (honorific) / His or Her Highness",""
"编排","biān pái","to arrange / to lay out",""
"彩虹","cǎi hóng","rainbow",""
"海底","hǎi dǐ","seabed / seafloor",""
"说唱","shuō chàng","speaking and singing, as in various forms of storytelling such as and / (music) rapping",""
"偏离","piān lí","to deviate / to diverge",""
"蚂蚁","mǎ yǐ","ant",""
"计程车","jì chéng chē","cab (Malaysia: 德士 dé shì)","China"
"外交","wài jiāo","diplomacy / diplomatic",""
"公斤","gōng jīn","kilogram (kg)",""
"前线","qián xiàn","front line / military front",""
"探测器","tàn cè qì","detector / probe",""
"叫声","jiào shēng","yelling (sound made by person) / barking",""
"门铃","mén líng","doorbell",""
"腕","wàn","wrist / (squid, starfish etc) arm",""
"全场","quán chǎng","everyone present / the whole audience",""
"膝","xī","knee",""
"复习","fù xí","to review / revision",""
"钢","gāng","steel",""
"内脏","nèi zàng","internal organs / viscera",""
"每日","měi rì","daily / (soup etc) of the day",""
"群体","qún tǐ","community / colony",""
"下流","xià liú","lower course of a river / low-class",""
"透气","tòu qì","to flow freely (of air) / to ventilate",""
"完工","wán gōng","to finish work / to complete a project",""
"口水","kǒu shuǐ","saliva",""
"流言","liú yán","rumor / gossip",""
"常客","cháng kè","frequent visitor / fig. something that crops up frequently",""
"踹","chuài","to kick / to trample / to tread on",""
"不可避免","bù kě bì miǎn","unavoidably",""
"驻","zhù","to halt / to stay / to be stationed (of troops, diplomats etc)",""
"无与伦比","wú yǔ lún bǐ","incomparable",""
"积蓄","jī xù","to save / to put aside",""
"常识","cháng shí","common sense / general knowledge",""
"正中","zhèng zhōng","middle / center",""
"反射","fǎn shè","to reflect / reflection (from a mirror etc)",""
"近乎","jìn hu","close to / intimate",""
"做主","zuò zhǔ","owner / master / host",""
"这天","zhè tiān","today / this day",""
"整齐","zhěng qí","orderly / neat",""
"远处","yuǎn chù","distant place",""
"心血","xīn xuè","heart's blood / expenditure (for some project)",""
"不可理喻","bù kě lǐ yù","to be impervious to reason (idiom) / unreasonable",""
"自便","zì biàn","to do as one pleases / to not inconvenience oneself",""
"君","jūn","monarch / lord / gentleman",""
"简","jiǎn","simple / uncomplicated / letter",""
"精子","jīng zǐ","sperm / spermatozoon",""
"律","lǜ","law",""
"鳄鱼","è yú","alligator / crocodile",""
"录取","lù qǔ","to accept an applicant (prospective student, employee etc) who passes an entrance exam / to admit (a student)",""
"颁奖","bān jiǎng","to confer an award",""
"赤","chì","red / scarlet / bare",""
"歌剧","gē jù","Western opera",""
"传单","chuán dān","leaflet / flier",""
"兽医","shòu yī","veterinarian / veterinary surgeon",""
"冷冻","lěng dòng","to freeze / to deep-freeze",""
"临床","lín chuáng","clinical",""
"拇指","mǔ zhǐ","thumb / big toe",""
"平台","píng tái","platform / terrace",""
"流感","liú gǎn","flu / influenza",""
"咖啡馆","kā fēi guǎn","café / coffee shop",""
"瞎子","xiā zi","blind person",""
"教学","jiào xué","teaching / instruction",""
"来宾","lái bīn","guest / visitor",""
"泪","lèi","tears",""
"槽","cáo","trough / manger / groove",""
"咖啡因","kā fēi yīn","caffeine (loanword)",""
"覆","fù","to cover / to overflow / to overturn",""
"跑车","pǎo chē","racing bicycle / sporting bicycle",""
"数码","shù mǎ","number / numerals",""
"无害","wú hài","harmless",""
"偏执","piān zhí","prejudice / bigotry",""
"永别","yǒng bié","to part forever / eternal parting (i.e. death)",""
"收留","shōu liú","to offer shelter / to have someone in one's care",""
"照办","zhào bàn","to follow the rules / to do as instructed",""
"疲倦","pí juàn","to tire / tired",""
"吵闹","chǎo nào","noisy / raucous",""
"种类","zhǒng lèi","kind / genus",""
"心声","xīn shēng","thoughts / feelings",""
"懦弱","nuò ruò","cowardly / weak",""
"风光","fēng guāng","scene / view",""
"损","sǔn","to decrease / to lose / to damage",""
"身处","shēn chǔ","in (some place) / to be in (adversity, a difficult situation, danger, turmoil etc)",""
"纯属","chún shǔ","to be purely / pure and simple",""
"上天","shàng tiān","Heaven / Providence",""
"洗耳恭听","xǐ ěr gōng tīng","to listen with respectful attention / (a polite request to someone to speak)",""
"火炬","huǒ jù","(flaming) torch",""
"基金会","jī jīn huì","foundation (institution supported by an endowment)",""
"圣地亚哥","shèng dì yà gē","Santiago/ San Diego, California",""
"因果","yīn guǒ","karma / cause and effect",""
"波兰","bō lán","Poland",""
"扬","yáng","to raise / to hoist / the action of tossing or winnowing",""
"子宫","zǐ gōng","uterus / womb",""
"潜","qián","hidden / secret / latent",""
"巨型","jù xíng","giant / enormous",""
"阳性","yáng xìng","positive / masculine",""
"画像","huà xiàng","portrait / to do a portrait of someone",""
"孕妇","yùn fù","pregnant woman",""
"训","xùn","to teach / to train / to admonish",""
"下雪","xià xuě","to snow",""
"更换","gēng huàn","to replace (a worn-out tire etc) / to change (one's address etc)",""
"印记","yìn jì","imprint / trace",""
"牌照","pái zhào","(business) license / vehicle license",""
"削","xuē","to pare / to reduce / to remove",""
"触动","chù dòng","to touch / to stir up (trouble or emotions)",""
"方向盘","fāng xiàng pán","steering wheel",""
"外号","wài hào","nickname",""
"挥手","huī shǒu","to wave (one's hand)",""
"笨拙","bèn zhuō","clumsy / awkward",""
"支持者","zhī chí zhě","supporter",""
"背面","bèi miàn","the back / the reverse side",""
"料理","liào lǐ","to arrange / to handle",""
"惭愧","cán kuì","ashamed",""
"反驳","fǎn bó","to retort / to refute",""
"善事","shàn shì","good deeds",""
"情不自禁","qíng bú zì jīn","unable to restrain emotions / cannot help",""
"生动","shēng dòng","vivid / lively",""
"鄙视","bǐ shì","to despise / to disdain",""
"上当","shàng dàng","taken in (by someone's deceit) / to be fooled",""
"高大","gāo dà","tall / lofty",""
"遵循","zūn xún","to follow / to abide by",""
"如下","rú xià","as follows",""
"出乎意料","chū hū yì liào","beyond expectation (idiom); unexpected",""
"想方设法","xiǎng fāng shè fǎ","to think up every possible method (idiom); to devise ways and means / to try this, that and the other",""
"行星","xíng xīng","planet",""
"坦克","tǎn kè","tank (military vehicle) (loanword)",""
"联合国","lián hé guó","United Nations",""
"恐龙","kǒng lóng","dinosaur / (slang) ugly person",""
"宝石","bǎo shí","precious stone / gem",""
"默契","mò qì","tacit understanding / mutual understanding",""
"埃","āi","dust / dirt / angstrom",""
"监护权","jiān hù quán","custody (of a child)",""
"咳","ké","cough",""
"舍","shě","to give up / to abandon / to give alms",""
"俘虏","fú lǔ","captive",""
"下毒","xià dú","to put poison in something / to poison",""
"楼顶","lóu dǐng","top of a building",""
"松手","sōng shǒu","to relinquish one's grip / to let go",""
"球赛","qiú sài","sports match / ballgame",""
"内战","nèi zhàn","civil war",""
"铲","chǎn","to shovel / to remove / spade",""
"孤","gū","lone / lonely",""
"脂","zhī","fat / rouge (cosmetics) / resin",""
"小路","xiǎo lù","minor road / lane",""
"美容","měi róng","to improve one's appearance (using cosmetics or cosmetic surgery) / to make oneself more attractive",""
"推销员","tuī xiāo yuán","sales representative / salesperson",""
"感恩","gǎn ēn","to be grateful",""
"捍卫","hàn wèi","to defend / to uphold",""
"加仑","jiā lún","gallon (loanword)",""
"西边","xī biān","west / west side",""
"苏醒","sū xǐng","to come to / to awaken",""
"快活","kuài huo","happy / cheerful",""
"徒","tú","disciple / apprentice / believer",""
"违规","wéi guī","to violate (rules) / irregular",""
"风流","fēng liú","distinguished and accomplished / outstanding",""
"抓捕","zhuā bǔ","to seize / to capture",""
"机灵","jī ling","clever / quick-witted",""
"挪开","nuó kāi","to move (something) aside / to step aside",""
"挥舞","huī wǔ","to brandish / to wave something",""
"辜负","gū fù","to fail to live up (to expectations) / unworthy (of trust)",""
"平息","píng xī","to settle (a dispute) / to quieten down",""
"短期","duǎn qī","short term / short-term",""
"捎","shāo","to bring something to someone / to deliver",""
"前后","qián hòu","around / from beginning to end",""
"遍布","biàn bù","to cover the whole (area) / to be found throughout",""
"视而不见","shì ér bú jiàn","to turn a blind eye to / to ignore",""
"沸腾","fèi téng","(of a liquid) to boil / (of sentiments etc) to boil over",""
"顺路","shùn lù","by the way / while out doing something else",""
"伯爵","bó jué","earl / count",""
"剧场","jù chǎng","theater",""
"容器","róng qì","receptacle / vessel",""
"参赛者","cān sài zhě","competitor",""
"生化","shēng huà","biochemistry",""
"认输","rèn shū","to concede / to admit defeat",""
"遗体","yí tǐ","remains (of a dead person)",""
"橘子","jú zi","tangerine",""
"避难所","bì nàn suǒ","refuge / asylum",""
"应急","yìng jí","to respond to an emergency / to meet a contingency",""
"耳光","ěr guāng","a slap on the face",""
"书房","shū fáng","study (room) / studio",""
"眨","zhǎ","to blink / to wink",""
"潜意识","qián yì shí","unconscious mind / subconscious mind",""
"我国","wǒ guó","our country / China",""
"服药","fú yào","to take medicine",""
"归还","guī huán","to return something / to revert",""
"潮流","cháo liú","tide / current",""
"零食","líng shí","between-meal nibbles / snacks",""
"吞噬","tūn shì","to swallow / to engulf",""
"捣蛋","dǎo dàn","to cause trouble / to stir up trouble",""
"发育","fā yù","to develop / to mature",""
"描绘","miáo huì","to describe / to portray",""
"半死","bàn sǐ","half dead (of torment, hunger, tiredness etc) / (tired) to death",""
"出丑","chū chǒu","shameful / scandalous",""
"担","dān","to undertake / to carry / to shoulder",""
"紧迫","jǐn pò","pressing / urgent",""
"迫切","pò qiè","urgent / pressing",""
"普遍","pǔ biàn","universal / general",""
"大叔","dà shū","eldest of father's younger brothers / uncle (term used to address a man about the age of one's father)",""
"唐","táng","Tang dynasty / Chinese (唐人街 = Chinatown)",""
"原告","yuán gào","complainant / plaintiff",""
"报社","bào shè","newspaper (i.e. a company)",""
"窃听","qiè tīng","to eavesdrop / to wiretap",""
"病历","bìng lì","medical record / case history",""
"旋律","xuán lǜ","melody",""
"特区","tè qū","special administrative region",""
"用户","yòng hù","user / consumer",""
"棉花","mián hua","cotton",""
"激素","jī sù","hormone",""
"蜡","là","candle / wax",""
"赎罪","shú zuì","to atone for one's crime / to buy freedom from punishment",""
"花瓶","huā píng","flower vase / fig. just a pretty face",""
"物种","wù zhǒng","species",""
"打造","dǎ zào","to create / to build",""
"诸","zhū","all / various",""
"野生","yě shēng","wild / undomesticated",""
"家务","jiā wù","household duties / housework",""
"拐杖","guǎi zhàng","crutches / crutch",""
"垃圾箱","lā jī xiāng","rubbish can / garbage can",""
"番茄","fān qié","tomato",""
"加热","jiā rè","to heat",""
"贵宾","guì bīn","honored guest / distinguished guest",""
"拖住","tuō zhù","to hold up / to hinder",""
"电话线","diàn huà xiàn","telephone line / telephone wire",""
"垫子","diàn zi","cushion / mat",""
"衡量","héng liáng","to weigh / to examine",""
"有害","yǒu hài","destructive / harmful",""
"藏匿","cáng nì","to cover up / to conceal",""
"逝去","shì qù","to elapse / to pass away",""
"抬高","tái gāo","to raise (price etc)",""
"浏览","liú lǎn","to skim over / to browse",""
"会谈","huì tán","talks / discussions",""
"换取","huàn qǔ","to obtain (something) in exchange / to exchange (something) for (something else)",""
"准许","zhǔn xǔ","to allow / to grant",""
"窜","cuàn","to flee / to scuttle / to exile or banish",""
"低落","dī luò","downcast / gloomy",""
"惯例","guàn lì","convention / usual practice",""
"并肩","bìng jiān","alongside / shoulder to shoulder",""
"款待","kuǎn dài","to entertain / to be hospitable to",""
"口渴","kǒu kě","thirsty",""
"化名","huà míng","to use an alias / assumed name",""
"不便","bú biàn","inconvenient / inappropriate",""
"转悠","zhuàn you","to roll / to wander around",""
"工夫","gōng fu","period of time (may be months, or mere seconds) / spare time",""
"一旁","yì páng","aside / to the side of",""
"脑筋","nǎo jīn","brains / mind",""
"粗话","cū huà","vulgar language (esp. scatological insults) / uncultured speech",""
"月球","yuè qiú","the moon",""
"芭蕾","bā lěi","ballet (loanword)",""
"路障","lù zhàng","roadblock / barricade",""
"特警","tè jǐng","SWAT (Special Weapons And Tactics) / riot police",""
"迈","mài","to take a step / to stride",""
"击倒","jī dǎo","to knock down / knocked down",""
"笔迹","bǐ jì","handwriting",""
"鸭","yā","duck / (slang) male prostitute",""
"继父","jì fù","stepfather",""
"宣言","xuān yán","declaration / manifesto",""
"遥控","yáo kòng","remote control",""
"指南","zhǐ nán","to guide / guidebook",""
"抗生素","kàng shēng sù","antibiotic",""
"诗歌","shī gē","poem",""
"腹","fù","abdomen / stomach / belly",""
"番茄酱","fān qié jiàng","ketchup / tomato sauce",""
"废墟","fèi xū","ruins",""
"密封","mì fēng","to seal up",""
"管制","guǎn zhì","to control / to restrict",""
"周刊","zhōu kān","weekly publication / weekly",""
"过节","guò jié","to celebrate a festival / after the celebrations (i.e. once the festival is over)",""
"私奔","sī bēn","to elope",""
"淫荡","yín dàng","loose in morals / lascivious",""
"取回","qǔ huí","to retrieve",""
"劈","pī","to hack / to chop / to split open",""
"有机","yǒu jī","organic",""
"还击","huán jī","to hit back / to return fire",""
"头版","tóu bǎn","(newspaper's) front page",""
"握住","wò zhù","to grip / to hold",""
"一代","yí dài","generation",""
"请假","qǐng jià","to request leave of absence",""
"糊弄","hù nong","to fool / to deceive",""
"生育","shēng yù","to bear / to give birth",""
"宣读","xuān dú","to read out loud to an audience / a prepared speech (e.g. to a party conference)",""
"同类","tóng lèi","similar / same type",""
"字典","zì diǎn","dictionary",""
"善意","shàn yì","goodwill / benevolence",""
"敌意","dí yì","enmity / hostility",""
"说教","shuō jiào","to preach",""
"火爆","huǒ bào","fiery (temper) / popular",""
"常人","cháng rén","ordinary person",""
"胆敢","dǎn gǎn","to dare (negative connotation) / to have the audacity to (do something)",""
"折断","zhé duàn","to snap something off / to break",""
"不曾","bù céng","hasn't yet / hasn't ever",""
"血缘","xuè yuán","bloodline",""
"一举一动","yì jǔ yí dòng","every movement / each and every move",""
"一路顺风","yí lù shùn fēng","to have a pleasant journey (idiom)",""
"环绕","huán rào","to surround / to circle",""
"置身","zhì shēn","to place oneself / to stay",""
"草率","cǎo shuài","careless / negligent",""
"小菜","xiǎo cài","appetizer / small side dish",""
"临死","lín sǐ","facing death / at death's door",""
"指手画脚","zhǐ shǒu huà jiǎo","to gesticulate while talking (idiom) / to explain by waving one's hands",""
"施加","shī jiā","to exert (effort or pressure)",""
"受宠若惊","shòu chǒng ruò jīng","overwhelmed by favor from superior",""
"牢牢","láo láo","firmly / safely",""
"朝鲜","cháo xiǎn","North Korea / Korea as geographic term",""
"球迷","qiú mí","fan (ball sports)",""
"整容","zhěng róng","plastic surgery",""
"亚特兰大","yà tè lán dà","Atlanta",""
"默","mò","silent / to write from memory",""
"薄饼","báo bǐng","thin flat cake / pancake",""
"避孕套","bì yùn tào","condom",""
"女佣","nǚ yōng","(female) maid",""
"望远镜","wàng yuǎn jìng","binoculars / telescope",""
"宫殿","gōng diàn","palace",""
"庆典","qìng diǎn","celebration",""
"牲","shēng","domestic animal / sacrificial animal",""
"咸","xián","salty",""
"挠","náo","to scratch / to thwart / to yield",""
"源头","yuán tóu","source / fountainhead",""
"铅","qiān","lead (chemistry)",""
"停职","tíng zhí","to suspend (someone) from duties",""
"水上","shuǐ shàng","on water / aquatic",""
"招募","zhāo mù","to recruit / to enlist",""
"臂","bì","arm",""
"创新","chuàng xīn","innovation / to bring forth new ideas",""
"霜","shuāng","frost / white powder or cream spread over a surface / frosting",""
"录制","lù zhì","to record (video or audio)",""
"活人","huó rén","living person",""
"主张","zhǔ zhāng","to advocate / to stand for",""
"皮包","pí bāo","handbag / briefcase",""
"谨","jǐn","cautious / careful / solemnly",""
"疲劳","pí láo","fatigue / wearily",""
"死胡同","sǐ hú tòng","dead end / blind alley",""
"造就","zào jiù","to bring up / to train",""
"平安无事","píng ān wú shì","safe and sound (idiom)",""
"胡话","hú huà","nonsense / ridiculous talk",""
"余下","yú xià","remaining",""
"动听","dòng tīng","pleasant to listen to",""
"丰厚","fēng hòu","generous / ample",""
"幸亏","xìng kuī","fortunately / luckily",""
"忍心","rěn xīn","to have the heart to do something / to steel oneself to a task",""
"赛车","sài chē","auto race / cycle race",""
"乌龟","wū guī","tortoise / cuckold",""
"步枪","bù qiāng","rifle",""
"精液","jīng yè","semen",""
"舞动","wǔ dòng","to move as in a dance / to wave (some implement)",""
"坠毁","zhuì huǐ","(of an airplane etc) to fall to the ground and crash",""
"捐款","juān kuǎn","to donate money / to contribute funds",""
"建筑师","jiàn zhù shī","architect",""
"充电","chōng diàn","to recharge (a battery) / (fig.) to recharge one's batteries (through leisure)",""
"铜","tóng","copper (chemistry)",""
"哎哟","āi yō","ouch / oh dear",""
"凡","fán","ordinary / commonplace / mundane",""
"泥土","ní tǔ","earth / soil",""
"退学","tuì xué","to quit school",""
"蒸发","zhēng fā","to evaporate / evaporation",""
"透明","tòu míng","transparent / open (non-secretive)",""
"毒性","dú xìng","toxicity",""
"调味","tiáo wèi","seasoning / condiment",""
"古典","gǔ diǎn","classical",""
"灯泡","dēng pào","light bulb / third-wheel or unwanted third party spoiling a couple's date (slang)",""
"何方","hé fāng","where?",""
"漂","piāo","to float / to drift",""
"单身汉","dān shēn hàn","bachelor / unmarried man",""
"泪水","lèi shuǐ","teardrop / tears",""
"多半","duō bàn","most / mostly",""
"更改","gēng gǎi","to alter",""
"侯","hóu","marquis",""
"熄灭","xī miè","to stop burning / to go out (of fire)",""
"忠心","zhōng xīn","good faith / devotion",""
"合伙","hé huǒ","to act jointly / to form a partnership",""
"核对","hé duì","to check / to verify",""
"驱使","qū shǐ","to urge / to prompt",""
"相连","xiāng lián","to link / to join",""
"同感","tóng gǎn","(have the) same feeling / similar impression",""
"步入","bù rù","to step into / to enter",""
"妥当","tuǒ dang","appropriate / proper",""
"大致","dà zhì","more or less / roughly",""
"直奔","zhí bèn","to go straight to / to make a beeline for",""
"耶鲁","yē lǔ","Yale",""
"妖","yāo","goblin / witch / devil",""
"媒","méi","medium / intermediary / matchmaker",""
"孤儿院","gū ér yuàn","orphanage / child asylum",""
"水泥","shuǐ ní","cement",""
"时报","shí bào","""Times"" (newspaper, e.g. New York Times)",""
"利息","lì xī","interest (on a loan)",""
"老子","lǎo zi","father / daddy",""
"橙汁","chéng zhī","orange juice",""
"外部","wài bù","external part / external",""
"海关","hǎi guān","customs (at a border)",""
"鞋带","xié dài","shoelace",""
"打牌","dǎ pái","to play mahjong or cards",""
"肤浅","fū qiǎn","skin-deep / superficial",""
"强悍","qiáng hàn","tough / strong",""
"指数","zhǐ shù","(numerical, statistical) index / index",""
"上报","shàng bào","to report to one's superiors / to appear in the news",""
"触发","chù fā","to trigger / to spark",""
"愈合","yù hé","(of a wound) to heal",""
"栽","zāi","to grow / to plant / to insert",""
"打烊","dǎ yàng","to close shop in the evening",""
"内幕","nèi mù","inside story / non-public information",""
"招牌","zhāo pai","signboard / shop sign",""
"缺席","quē xí","absence / absent",""
"迫害","pò hài","to persecute / persecution",""
"伪君子","wěi jūn zǐ","hypocrite",""
"奔跑","bēn pǎo","to run",""
"花招","huā zhāo","trick / maneuver",""
"变动","biàn dòng","to change / to fluctuate",""
"失手","shī shǒu","a slip / miscalculation",""
"病假","bìng jià","sick leave",""
"模范","mó fàn","model / fine example",""
"名称","míng chēng","name (of a thing) / name (of an organization)",""
"奢侈","shē chǐ","luxurious / extravagant",""
"精通","jīng tōng","to be proficient in / to master (a subject)",""
"手艺","shǒu yì","craftmanship / workmanship",""
"新手","xīn shǒu","new hand / novice",""
"付账","fù zhàng","to settle an account",""
"残暴","cán bào","brutal / vicious",""
"怪罪","guài zuì","to blame",""
"世事","shì shì","affairs of life / things of the world",""
"充斥","chōng chì","to be full of / to flood",""
"贵干","guì gàn","(polite) your business / what brings you?",""
"后者","hòu zhě","the latter",""
"放置","fàng zhì","to put",""
"不得已","bù dé yǐ","to act against one's will / to have no alternative but to",""
"配方","pèi fāng","prescription / cooking recipe",""
"铁路","tiě lù","railroad / railway",""
"月光","yuè guāng","moonlight",""
"电报","diàn bào","telegram / cable",""
"美军","měi jūn","US army / US armed forces",""
"酸奶","suān nǎi","yogurt",""
"瘤","liú","tumor",""
"隐","yǐn","secret / hidden / concealed",""
"披萨","pī sà","pizza (loanword)",""
"战友","zhàn yǒu","comrade-in-arms / battle companion",""
"对讲机","duì jiǎng jī","intercom / walkie-talkie",""
"混账","hùn zhàng","shameful / absolutely disgraceful!",""
"跑道","pǎo dào","athletic track / track",""
"妓院","jì yuàn","brothel / whorehouse",""
"推理","tuī lǐ","reasoning / inference",""
"蛋白","dàn bái","egg white / protein",""
"消毒","xiāo dú","to disinfect / to sterilize",""
"远程","yuǎn chéng","remote / long distance",""
"麻痹","má bì","paralysis / palsy",""
"军用","jūn yòng","(for) military use / military application",""
"入学","rù xué","to enter a school or college / to go to school for the first time as a child",""
"惧怕","jù pà","to be afraid",""
"泳","yǒng","swimming / to swim",""
"女伴","nǚ bàn","female companion",""
"抽筋","chōu jīn","cramp / charley horse",""
"岁数","suì shu","age (number of years old)",""
"送死","sòng sǐ","to throw away one's life",""
"较量","jiào liàng","to pit oneself against someone / to compete with someone",""
"鬼鬼祟祟","guǐ guǐ suì suì","sneaky / secretive",""
"叛逆","pàn nì","to rebel / to revolt",""
"滥","làn","overflowing / excessive / indiscriminate",""
"稀有","xī yǒu","uncommon",""
"僵","jiāng","rigid / deadlock / stiff (corpse)",""
"浸","jìn","to immerse / to soak / to steep",""
"延伸","yán shēn","to extend / to spread",""
"财","cái","money / wealth / riches",""
"推开","tuī kāi","to push open (a gate etc) / to push away",""
"创建","chuàng jiàn","to found / to establish",""
"铭记","míng jì","to engrave in one's memory",""
"整洁","zhěng jié","neatly / tidy",""
"侥幸","jiǎo xìng","luckily / by a fluke",""
"豁免","huò miǎn","to exempt / exemption",""
"赦免","shè miǎn","to pardon / to absolve",""
"地道","dì dao","authentic / genuine",""
"辛","xīn","(of taste) hot or pungent / hard / laborious",""
"墓","mù","grave / tomb / mausoleum",""
"岸","àn","bank / shore / beach",""
"参军","cān jūn","to join the army",""
"罪孽","zuì niè","sin / crime",""
"寄生虫","jì shēng chóng","parasite (biology) / (fig.) freeloader",""
"弹道","dàn dào","trajectory (of a projectile) / ballistic curve",""
"人权","rén quán","human rights",""
"旅客","lǚ kè","traveler / tourist",""
"马子","mǎ zi","bandit / brigand",""
"山顶","shān dǐng","hilltop",""
"重组","chóng zǔ","to reorganize / to recombine",""
"蛋白质","dàn bái zhì","protein",""
"破解","pò jiě","to break (a bond, constraint etc) / to explain",""
"宣判","xuān pàn","to deliver one's judgement / to give one's verdict",""
"争辩","zhēng biàn","a dispute / to wrangle",""
"抢救","qiǎng jiù","to rescue",""
"歌星","gē xīng","singing star / famous singer",""
"肠子","cháng zi","intestines",""
"北美","běi měi","North America",""
"阿司匹林","ā sī pǐ lín","aspirin (loanword)",""
"毕业生","bì yè shēng","graduate",""
"写字","xiě zì","to write characters",""
"昏倒","hūn dǎo","to faint",""
"触犯","chù fàn","to violate / to offend",""
"断绝","duàn jué","to sever / to break off",""
"开诚布公","kāi chéng bù gōng","lit. deal sincerely and fairly (idiom); frank and open-minded / plain speaking",""
"上映","shàng yìng","to show (a movie) / to screen",""
"做人","zuò rén","to conduct oneself / to behave with integrity",""
"极为","jí wéi","extremely / exceedingly",""
"拥","yōng","to hold / to embrace / to wrap around",""
"虚假","xū jiǎ","false / phony",""
"微妙","wēi miào","subtle",""
"无话可说","wú huà kě shuō","to have nothing to say (idiom)",""
"充实","chōng shí","rich / full",""
"自行","zì xíng","voluntary / autonomous",""
"享有","xiǎng yǒu","to enjoy (rights, privileges etc)",""
"满怀","mǎn huái","to have one's heart filled with / (to collide) full on",""
"消磨","xiāo mó","to wear down / to sap",""
"全副","quán fù","completely",""
"显眼","xiǎn yǎn","conspicuous / eye-catching",""
"截然不同","jié rán bù tóng","entirely different / different as black and white",""
"瞧见","qiáo jiàn","to see",""
"发号施令","fā hào shī lìng","to boss people around (idiom)",""
"养育","yǎng yù","to rear / to bring up",""
"抽空","chōu kòng","to find the time to do something",""
"韩","hán","Korea (韩国)",""
"僵尸","jiāng shī","gyonshi / jiang shi",""
"契约","qì yuē","agreement / contract",""
"环球","huán qiú","around the world / worldwide",""
"妓","jì","prostitute",""
"联","lián","to ally / to unite / to join",""
"敬礼","jìng lǐ","to salute / salute",""
"棉","mián","generic term for cotton or kapok / cotton / padded or quilted with cotton",""
"车票","chē piào","ticket (for a bus or train)",""
"手淫","shǒu yín","to masturbate / masturbation",""
"歌迷","gē mí","fan of a singer",""
"复活节","fù huó jié","Easter",""
"暗号","àn hào","secret signal (sign) / countersign",""
"火药","huǒ yào","gunpowder",""
"表妹","biǎo mèi","younger female cousin via female line",""
"遛","liú","to stroll / to walk (an animal)",""
"同步","tóng bù","synchronous / to synchronize",""
"电流","diàn liú","electric current",""
"演技","yǎn jì","acting / performing skills",""
"庇护","bì hù","asylum / shelter",""
"梦境","mèng jìng","dreamland",""
"污点","wū diǎn","stain / taint",""
"咧","liě","to draw back the corners of one's mouth",""
"修补","xiū bǔ","to mend",""
"音响","yīn xiǎng","sound / acoustics",""
"感知","gǎn zhī","perception / awareness",""
"人头","rén tóu","person / number of people",""
"公务","gōng wù","official business",""
"腔","qiāng","cavity of body / barrel (e.g. engine cylinder) / compartment",""
"麻木","má mù","numb / insensitive",""
"挫折","cuò zhé","setback / reverse",""
"巧妙","qiǎo miào","ingenious / clever",""
"身心","shēn xīn","body and mind / mental and physical",""
"醉鬼","zuì guǐ","drunkard",""
"表扬","biǎo yáng","to praise / to commend",""
"灌输","guàn shū","to imbue with / to inculcate",""
"故","gù","reason / old / deliberately (故意)",""
"下定决心","xià dìng jué xīn","to make a firm resolution",""
"顾虑","gù lǜ","misgivings / apprehensions",""
"了断","liǎo duàn","to bring to a conclusion / to settle (a dispute)",""
"撞见","zhuàng jiàn","to meet by accident",""
"足足","zú zú","fully / no less than",""
"眼看","yǎn kàn","soon / in a moment",""
"咪咪","mī mī","oboe-like musical instrument used in folk music of Gansu, Qinghai etc / kitty kitty!",""
"魔术师","mó shù shī","magician",""
"荷","hé","lotus",""
"汉堡包","hàn bǎo bāo","hamburger (loanword)",""
"沼泽","zhǎo zé","marsh / swamp",""
"驱","qū","to expel / to urge on / to drive",""
"皇室","huáng shì","royal family / imperial household",""
"公道","gōng dao","fair / equitable",""
"审理","shěn lǐ","to hear (a case)",""
"竖","shù","to erect / vertical / vertical stroke (in Chinese characters)",""
"袍","páo","gown (lined)",""
"尤物","yóu wù","rarity / rare object",""
"汇","huì","to remit / to converge (of rivers) / to exchange",""
"班机","bān jī","airliner / (regular) flight",""
"领导人","lǐng dǎo rén","leader",""
"篮子","lán zi","basket",""
"淋浴","lín yù","to take a shower / shower",""
"拔掉","bá diào","to pluck / to pull off",""
"枪战","qiāng zhàn","gun battle / firefight",""
"蹭","cèng","to rub against / to walk slowly / to freeload",""
"闹剧","nào jù","farce",""
"强项","qiáng xiàng","key strength / strong suit",""
"光辉","guāng huī","radiance / glory",""
"伺候","cì hòu","to serve / to wait upon",""
"赞扬","zàn yáng","to praise / to approve of",""
"粗糙","cū cāo","crude / gruff",""
"步伐","bù fá","pace / (measured) step",""
"捏造","niē zào","to make up / to fabricate",""
"宣扬","xuān yáng","to proclaim / to make public or well known",""
"爱意","ài yì","love",""
"每时每刻","měi shí měi kè","at all times / at every moment",""
"树立","shù lì","to set up / to establish",""
"好坏","hǎo huài","good or bad / good and bad",""
"灾","zāi","disaster / calamity",""
"奉陪","fèng péi","(honorific) to accompany / to keep someone company",""
"恰恰相反","qià qià xiāng fǎn","just the opposite",""
"姑妈","gū mā","father's married sister / paternal aunt",""
"狐狸","hú li","fox / fig. sly and treacherous person",""
"纵火","zòng huǒ","to set on fire / to commit arson",""
"收视率","shōu shì lǜ","ratings (of a TV show)",""
"雕塑","diāo sù","a statue / a Buddhist image",""
"总监","zǒng jiān","head / director (of an organizational unit)",""
"癌","ái","cancer / carcinoma",""
"二级","èr jí","grade 2 / second class",""
"堡垒","bǎo lěi","fort",""
"教父","jiào fù","godfather",""
"同盟","tóng méng","alliance",""
"变异","biàn yì","variation",""
"猎犬","liè quǎn","hound / hunting dog",""
"坨","tuó","heap",""
"水下","shuǐ xià","under the water / submarine",""
"可否","kě fǒu","is it possible or not?",""
"粪","fèn","manure / dung",""
"销量","xiāo liàng","sales volume",""
"分居","fēn jū","to separate (married couple) / to live apart (of husband and wife, family members)",""
"厘米","lí mǐ","centimeter",""
"地理","dì lǐ","geography",""
"店主","diàn zhǔ","shop owner",""
"捉弄","zhuō nòng","to tease",""
"壁","bì","wall / rampart",""
"穿梭","chuān suō","to travel back and forth / to shuttle",""
"恐惧症","kǒng jù zhèng","phobia",""
"干预","gān yù","to meddle / to intervene",""
"搂","lǒu","to hug / to embrace / to hold in one's arms",""
"感性","gǎn xìng","perception / perceptual",""
"巴掌","bā zhang","palm of the hand / measure word: slap",""
"空缺","kòng quē","vacancy",""
"疏忽","shū hu","to neglect / to overlook",""
"逝","shì","(of time) to pass / to die",""
"逗留","dòu liú","to stay at / to stop over",""
"隐秘","yǐn mì","secret / hidden",""
"尽兴","jìn xìng","to enjoy oneself to the full / to one's heart's content",""
"分发","fēn fā","to distribute / distribution",""
"好奇心","hào qí xīn","interest in something / curiosity",""
"征求","zhēng qiú","to solicit / to seek",""
"消遣","xiāo qiǎn","to while the time away / amusement",""
"上好","shàng hǎo","first-rate / top-notch",""
"衣着","yī zhuó","clothes",""
"就是说","jiù shì shuō","in other words / that is",""
"微不足道","wēi bù zú dào","negligible / insignificant",""
"全心全意","quán xīn quán yì","heart and soul / wholeheartedly",""
"萝","luó","radish",""
"巴斯","bā sī","Bath city in southwest England",""
"姜","jiāng","ginger",""
"国民","guó mín","nationals / citizens",""
"珍珠","zhēn zhū","pearl",""
"教皇","jiào huáng","Roman Catholic pope / Supreme Pontiff",""
"鲸鱼","jīng yú","whale",""
"婚前","hūn qián","premarital / prenuptial",""
"砖","zhuān","brick",""
"罪人","zuì rén","sinner",""
"书呆子","shū dāi zi","bookworm / pedant",""
"剧情","jù qíng","story line / plot",""
"爱因斯坦","ài yīn sī tǎn","Albert Einstein (1879-1955), German-born theoretical physicist",""
"拖鞋","tuō xié","slippers / sandals",""
"老太婆","lǎo tài pó","old woman (at times contemptuous)",""
"天然","tiān rán","natural",""
"得主","dé zhǔ","recipient (of an award) / winner (in a competition)",""
"技","jì","skill",""
"坚","jiān","strong / solid / firm",""
"明信片","míng xìn piàn","postcard",""
"净化","jìng huà","to purify",""
"看医生","kàn yī shēng","to see a doctor","Malaysia"
"看病","kàn bìng","to visit a doctor / to see a patient (Malaysia: 看医生 kàn yī shēng)","China"
"头目","tóu mù","ringleader / gang leader",""
"招待会","zhāo dài huì","reception",""
"继","jì","to continue / to follow after / to go on with",""
"市里","shì lǐ","li (Chinese unit of length equal to 500 meters)",""
"淹没","yān mò","to submerge / to drown",""
"正点","zhèng diǎn","on time / punctual (of train etc)",""
"虽说","suī shuō","though / although",""
"盯住","dīng zhù","to watch someone closely / to breathe down someone's neck",""
"打官司","dǎ guān si","to file a lawsuit / to sue",""
"全能","quán néng","omnipotent / all-round",""
"胜负","shèng fù","victory or defeat / the outcome of a battle",""
"粗俗","cū sú","vulgar",""
"施展","shī zhǎn","to use fully / to put to use",""
"例行","lì xíng","routine (task, procedure etc) / as usual",""
"绊倒","bàn dǎo","to trip / to stumble",""
"周边","zhōu biān","periphery / rim",""
"手掌","shǒu zhǎng","palm",""
"上层","shàng céng","upper layer",""
"吹嘘","chuī xū","to brag",""
"糊","hú","muddled / paste / scorched",""
"快餐","kuài cān","fast food / snack",""
"装傻","zhuāng shǎ","to act stupid / to pretend to be naive",""
"美满","měi mǎn","happy / blissful",""
"外人","wài rén","outsider / foreigner",""
"月份","yuè fèn","month",""
"人世","rén shì","the world / this world",""
"低下","dī xià","low status / lowly",""
"天地","tiān dì","heaven and earth / world",""
"艰辛","jiān xīn","hardships / arduous",""
"打折","dǎ zhé","to give a discount",""
"到期","dào qī","to fall due (loan etc) / to expire (visa etc)",""
"低于","dī yú","to be lower than",""
"一线","yí xiàn","front line",""
"患有","huàn yǒu","to contract (an illness) / to be afflicted with",""
"公爵","gōng jué","duke / dukedom",""
"开通","kāi tong","open-minded",""
"击球","jī qiú","to bat / to hit a ball (sport)",""
"豆腐","dòu fu","tofu / bean curd",""
"及格","jí gé","to pass an exam or a test / to meet a minimum standard",""
"煤气","méi qì","coal gas / gas (fuel)",""
"工地","gōng dì","construction site",""
"冠","guān","hat / crown / crest",""
"拼写","pīn xiě","to spell",""
"拨号","bō hào","to dial a telephone number",""
"热量","rè liàng","heat / quantity of heat",""
"夏季","xià jì","summer",""
"盎司","àng sī","ounce (British imperial system) (loanword)",""
"进口","jìn kǒu","to import / imported",""
"垃圾堆","lā jī duī","garbage heap",""
"消沉","xiāo chén","depressed / bad mood",""
"华氏","huá shì","Fahrenheit",""
"敬畏","jìng wèi","to revere",""
"重逢","chóng féng","to meet again / to be reunited",""
"延迟","yán chí","to delay / to postpone",""
"叉子","chā zi","fork",""
"追赶","zhuī gǎn","to pursue / to chase after",""
"一见钟情","yí jiàn zhōng qíng","to fall in love at first sight (idiom)",""
"学业","xué yè","studies / schoolwork",""
"修正","xiū zhèng","to revise / to amend",""
"词汇","cí huì","vocabulary / list of words (e.g. for language teaching purposes)",""
"钦佩","qīn pèi","to admire / to look up to",""
"对外","duì wài","external / foreign",""
"全程","quán chéng","the whole distance / from beginning to end",""
"众所周知","zhòng suǒ zhōu zhī","as everyone knows (idiom)",""
"完好","wán hǎo","intact / in good condition",""
"摆布","bǎi bù","to arrange / to order about",""
"变为","biàn wéi","to change into",""
"迎来","yíng lái","to welcome (a visitor or newcomer) / (fig.) to usher in",""
"大半","dà bàn","more than half / greater part",""
"恨不得","hèn bù de","wishing one could do something / to hate to be unable",""
"舰队","jiàn duì","fleet",""
"军团","jūn tuán","corps / legion",""
"赛马","sài mǎ","horse race / horse racing",""
"丹佛","dān fó","Denver, Colorado",""
"烟草","yān cǎo","tobacco",""
"大使馆","dà shǐ guǎn","embassy",""
"美洲","měi zhōu","America (including North, Central and South America) / the Americas",""
"效忠","xiào zhōng","to vow loyalty and devotion to",""
"序列","xù liè","sequence",""
"丫","yā","fork / branch / bifurcation",""
"河流","hé liú","river",""
"阴性","yīn xìng","negative / feminine",""
"条纹","tiáo wén","stripe",""
"勺子","sháo zi","scoop / ladle",""
"拣","jiǎn","to choose / to pick / to sort out",""
"超速","chāo sù","to exceed the speed limit / to speed",""
"紫","zǐ","purple / violet",""
"肥胖","féi pàng","fat / obese",""
"自如","zì rú","unobstructed / unconstrained",""
"恶人","è rén","evil person / vile creature",""
"层面","céng miàn","aspect / facet",""
"屑","xiè","bits / fragments / crumbs",""
"般配","bān pèi","to be well matched / to suit",""
"商务","shāng wù","commercial affairs / commercial",""
"棋","qí","chess / chess-like game / a game of chess",""
"词语","cí yǔ","word (general term including monosyllables through to short phrases) / term (e.g. technical term)",""
"替罪羊","tì zuì yáng","scapegoat",""
"疤痕","bā hén","scar",""
"纠纷","jiū fēn","dispute",""
"黑市","hēi shì","black market",""
"下达","xià dá","to transmit down (a chain of command) / to pass down (to lower level)",""
"向往","xiàng wǎng","to yearn for / to look forward to",""
"士气","shì qì","morale",""
"一体","yì tǐ","an integral whole / all concerned",""
"安抚","ān fǔ","to placate / to pacify",""
"堵塞","dǔ sè","to clog up / blockage",""
"绝大多数","jué dà duō shù","absolute majority / overwhelming majority",""
"摆弄","bǎi nòng","to move back and forth / to fiddle with",""
"述","shù","to state / to tell / to narrate",""
"不适","bú shì","unwell / indisposed",""
"瓜葛","guā gé","connection / association",""
"黑手","hēi shǒu","(fig.) malign agent who manipulates from behind the scenes / hidden hand",""
"残杀","cán shā","to massacre / to slaughter",""
"行得通","xíng de tōng","practicable / realizable",""
"坚固","jiān gù","firm / firmly",""
"务必","wù bì","must / to need to",""
"容许","róng xǔ","to permit / to allow",""
"名气","míng qì","reputation / fame",""
"原样","yuán yàng","original shape / the same as before",""
"追究","zhuī jiū","to investigate / to look into",""
"空闲","kòng xián","idle / free time",""
"打的","dǎ dī","to take a taxi / to go by taxi (Malaysia: 德士 dé shì)","China"
"不顾一切","bú gù yí qiè","reckless / regardless of everything",""
"得体","dé tǐ","appropriate to the occasion / fitting",""
"难免","nán miǎn","hard to avoid / difficult to escape from",""
"半天","bàn tiān","half of the day / a long time",""
"核实","hé shí","to verify / to check",""
"忙于","máng yú","busy with",""
"神志","shén zhì","consciousness / state of mind",""
"流放","liú fàng","to exile / to banish",""
"犯规","fàn guī","to break the rules / an illegality",""
"火山","huǒ shān","volcano",""
"奴","nú","slave",""
"吉普","jí pǔ","Jeep (car brand)",""
"乐团","yuè tuán","band / orchestra",""
"强奸犯","qiáng jiān fàn","rapist",""
"奥运会","ào yùn huì","Olympic Games / the Olympics",""
"播报","bō bào","to announce / to read (the news)",""
"玩牌","wán pái","to play cards / to play mahjong",""
"受益","shòu yì","to benefit from / profit",""
"外国人","wài guó rén","foreigner",""
"气候","qì hòu","climate / atmosphere",""
"凡人","fán rén","ordinary person / mortal",""
"驶","shǐ","to gallop / speedily / to proceed to",""
"水池","shuǐ chí","pond / pool",""
"糕","gāo","cake",""
"醋","cù","vinegar / jealousy (in love rivalry)",""
"关灯","guān dēng","to turn off the light",""
"政治家","zhèng zhì jiā","statesman / politician",""
"外来","wài lái","external / foreign",""
"起誓","qǐ shì","to vow / to swear an oath",""
"徒步","tú bù","to be on foot",""
"话语","huà yǔ","words / speech",""
"有线电视","yǒu xiàn diàn shì","cable television",""
"处处","chù chù","everywhere / in all respects",""
"转机","zhuǎn jī","(to take) a turn for the better / to change planes",""
"深渊","shēn yuān","abyss",""
"习俗","xí sú","custom / tradition",""
"看透","kàn tòu","to understand thoroughly / to see beyond the facade",""
"迷糊","mí hu","muddle-headed / dazed",""
"转交","zhuǎn jiāo","to pass on to someone / to carry and give to someone else",""
"看得见","kàn dé jiàn","can see / visible",""
"圆满","yuán mǎn","satisfactory / consummate",""
"完善","wán shàn","(of systems, facilities etc) comprehensive / well-developed",""
"发热","fā rè","to have a high temperature / feverish",""
"字眼","zì yǎn","wording",""
"掰","bāi","to break off or break open something with one's hands / (fig.) to break off (a relationship)",""
"身为","shēn wéi","in the capacity of / as",""
"擦屁股","cā pì gu","to wipe one's ass / (fig.) to clean up someone else's mess",""
"限度","xiàn dù","limitation / limit",""
"团团转","tuán tuán zhuàn","to go round and round / running around in circles",""
"联想","lián xiǎng","to associate (cognitively) / to make an associative connection",""
"激起","jī qǐ","to arouse / to evoke",""
"出人意料","chū rén yì liào","unexpected (idiom) / surprising",""
"相应","xiāng yìng","to correspond / answering (one another)",""
"诶","éi","hey / eh (surprise)",""
"仙女","xiān nǚ","fairy",""
"瑞典","ruì diǎn","Sweden",""
"菌","jūn","germ / bacteria / fungus",""
"当选","dāng xuǎn","to be elected / to be selected",""
"重力","zhòng lì","gravity",""
"护卫","hù wèi","to guard / to protect",""
"募捐","mù juān","to solicit contributions / to collect donations",""
"积","jī","to amass / to accumulate / to store",""
"慰","wèi","to comfort / to console / to reassure",""
"表哥","biǎo gē","older male cousin via female line",""
"备忘录","bèi wàng lù","memorandum / aide-memoire",""
"喝彩","hè cǎi","to acclaim / to cheer",""
"福音","fú yīn","good news / glad tidings",""
"诽谤","fěi bàng","to slander / to libel",""
"入伙","rù huǒ","to join a group / to become a member",""
"外勤","wài qín","field work / field personnel",""
"分解","fēn jiě","to resolve / to decompose",""
"夺取","duó qǔ","to seize / to capture",""
"回信","huí xìn","to reply / to write back",""
"赏","shǎng","to bestow (a reward) / to give (to an inferior) / to hand down",""
"失眠","shī mián","to suffer from insomnia",""
"副本","fù běn","copy / duplicate",""
"难为情","nán wéi qíng","embarrassed",""
"散播","sàn bō","to spread / to disperse",""
"宣告","xuān gào","to declare / to proclaim",""
"弯曲","wān qū","to bend / to curve around",""
"下属","xià shǔ","subordinate / underling",""
"起草","qǐ cǎo","to make a draft / to draw up (plans)",""
"燃","rán","to burn / to ignite / to light",""
"未必","wèi bì","not necessarily / maybe not",""
"点点","diǎn diǎn","point / speck",""
"忘却","wàng què","to forget",""
"才华横溢","cái huá héng yì","brimming over with talent (esp. literary) / brilliant",""
"关头","guān tóu","juncture / moment",""
"施压","shī yā","to pressure",""
"笼罩","lǒng zhào","to envelop / to shroud",""
"追溯","zhuī sù","lit. to go upstream / to trace something back to",""
"费心","fèi xīn","to take a lot of trouble (over someone or something) / may I trouble you (to do something)",""
"慎重","shèn zhòng","cautious / careful",""
"促使","cù shǐ","to induce / to promote",""
"亏","kuī","deficiency / deficit / luckily",""
"往来","wǎng lái","dealings / contacts",""
"气愤","qì fèn","indignant / furious",""
"醉醺醺","zuì xūn xūn","drunk / intoxicated",""
"稍稍","shāo shāo","somewhat / a little",""
"备受","bèi shòu","to fully experience (good or bad)",""
"早日","zǎo rì","soon / shortly",""
"单单","dān dān","only / merely",""
"首相","shǒu xiàng","prime minister (of Japan or UK etc)",""
"滑板","huá bǎn","skateboard",""
"鹅","é","goose",""
"香港","xiāng gǎng","Hong Kong",""
"捐献","juān xiàn","to donate / to contribute",""
"冥","míng","dark / deep / stupid",""
"丸","wán","ball / pellet / pill",""
"延","yán","to prolong / to extend / to delay",""
"伸展","shēn zhǎn","stretching / extension",""
"发电机","fā diàn jī","electricity generator / dynamo",""
"黑手党","hēi shǒu dǎng","mafia",""
"乳酪","rǔ lào","cheese (Malaysia: 芝士 zhī shì)","China"
"圣地","shèng dì","holy land (of a religion) / sacred place",""
"铲子","chǎn zi","shovel / spade",""
"猎杀","liè shā","to kill (in hunting)",""
"科幻","kē huàn","science fiction",""
"百万富翁","bǎi wàn fù wēng","millionaire",""
"化合物","huà hé wù","chemical compound",""
"歹徒","dǎi tú","evildoer / malefactor",""
"糗","qiǔ","dry rations (for a journey) / embarrassing / embarrassment",""
"无私","wú sī","selfless / unselfish",""
"构思","gòu sī","to design / to plot",""
"救护","jiù hù","to rescue / to administer first aid",""
"赞赏","zàn shǎng","to admire / to praise",""
"盏","zhǎn","a small cup / measure word for lamps",""
"脊椎","jǐ zhuī","vertebra / backbone",""
"行进","xíng jìn","to advance / forward motion",""
"法式","fǎ shì","rule / method",""
"火热","huǒ rè","fiery / burning",""
"枕","zhěn","pillow / to pillow / to rest one's head on",""
"取胜","qǔ shèng","to score a victory / to prevail over one's opponents",""
"抓走","zhuā zǒu","to arrest",""
"轴","zhóu","axis / axle / spool (for thread)",""
"偿","cháng","to repay / to compensate for / to recompense",""
"被子","bèi zi","quilt",""
"沐浴","mù yù","to take a bath / to bathe",""
"破门而入","pò mén ér rù","to break the door down and enter (idiom)",""
"接纳","jiē nà","to admit (to membership)",""
"衣物","yī wù","clothing / clothing and other personal items",""
"无穷","wú qióng","endless / boundless",""
"责","zé","duty / responsibility / to reproach",""
"自欺欺人","zì qī qī rén","to deceive others and to deceive oneself / to believe one's own lies",""
"方圆","fāng yuán","perimeter / range",""
"相伴","xiāng bàn","to accompany someone / to accompany each other",""
"光顾","guāng gù","to visit (as a customer)",""
"盖子","gài zi","cover / lid",""
"小气","xiǎo qì","stingy / miserly",""
"卖命","mài mìng","to throw one's life in for / to haplessly give one's life for",""
"计较","jì jiào","to bother about / to haggle",""
"白日梦","bái rì mèng","daydream / reverie",""
"难闻","nán wén","unpleasant smell / stink",""
"简称","jiǎn chēng","to be abbreviated to / abbreviation",""
"一天到晚","yì tiān dào wǎn","all day long / the whole day",""
"织","zhī","to weave / to knit",""
"土耳其","tǔ ěr qí","Turkey",""
"比分","bǐ fēn","score",""
"初恋","chū liàn","first love",""
"民主党","mín zhǔ dǎng","Democratic Party",""
"悍","hàn","heroic / intrepid / valiant",""
"手榴弹","shǒu liú dàn","hand grenade",""
"直升飞机","zhí shēng fēi jī","helicopter",""
"天主教徒","tiān zhǔ jiào tú","Catholic / follower of Catholicism",""
"股份","gǔ fèn","a share (in a company) / stock",""
"逃生","táo shēng","to flee for one's life",""
"遗言","yí yán","words of the deceased / last words of the dying",""
"障","zhàng","to block / to hinder / to obstruct",""
"拷贝","kǎo bèi","copy / to copy (loanword)",""
"通报","tōng bào","to inform / to notify",""
"预报","yù bào","forecast",""
"粥","zhōu","congee / gruel / porridge",""
"麻醉剂","má zuì jì","narcotic / anesthetic",""
"凳子","dèng zi","stool / small seat",""
"惊叹","jīng tàn","to exclaim in admiration / a gasp of surprise",""
"橙色","chéng sè","orange (color)",""
"认知","rèn zhī","cognition / cognitive",""
"硬汉","yìng hàn","man of steel / unyielding, tough guy",""
"即时","jí shí","immediate",""
"渗透","shèn tòu","(lit. and fig.) to permeate / to seep into",""
"熬夜","áo yè","to stay up late or all night",""
"描写","miáo xiě","to describe / to depict",""
"出演","chū yǎn","to appear (in a show etc) / an appearance (on stage etc)",""
"理应","lǐ yīng","should / ought to",""
"穿透","chuān tòu","to penetrate",""
"带路","dài lù","to lead the way / to guide",""
"主导","zhǔ dǎo","leading / dominant",""
"协商","xié shāng","to consult with / to talk things over",""
"无所不能","wú suǒ bù néng","omnipotent",""
"创始人","chuàng shǐ rén","creator / founder",""
"查询","chá xún","to check / to inquire",""
"扩张","kuò zhāng","expansion / dilation",""
"惹恼","rě nǎo","to offend",""
"微弱","wēi ruò","weak / faint",""
"观赏","guān shǎng","to look at something with pleasure / to watch (something marvelous)",""
"数百","shù bǎi","several hundred",""
"贵重","guì zhòng","precious",""
"热血","rè xuè","hot blood / warm-blooded (animal)",""
"敏捷","mǐn jié","nimble / quick",""
"苦苦","kǔ kǔ","strenuously / persistently",""
"借助","jiè zhù","to draw support from / with the help of",""
"限于","xiàn yú","to be limited to / to be confined to",""
"健","jiàn","healthy / to invigorate / to strengthen",""
"底特律","dǐ tè lǜ","Detroit, Michigan",""
"牧场","mù chǎng","pasture / grazing land",""
"岩","yán","cliff / rock",""
"化疗","huà liáo","chemotherapy",""
"珠","zhū","bead / pearl",""
"优","yōu","excellent / superior",""
"保险柜","bǎo xiǎn guì","a safe / strongbox",""
"熏肉","xūn ròu","bacon",""
"邮局","yóu jú","post office",""
"丰满","fēng mǎn","ample / well developed",""
"刑警","xíng jǐng","criminal police",""
"会计师","kuài jì shī","accountant",""
"公文包","gōng wén bāo","briefcase / attaché case",""
"植入","zhí rù","to implant",""
"驾驶员","jià shǐ yuán","pilot / driver",""
"双人","shuāng rén","two-person / double",""
"躯体","qū tǐ","body / carcass",""
"残疾","cán jí","disabled / handicapped",""
"诸位","zhū wèi","(pron) everyone / Ladies and Gentlemen",""
"加勒比","jiā lè bǐ","Caribbean",""
"暖气","nuǎn qì","central heating / heater",""
"考察","kǎo chá","to inspect / to observe and study",""
"订单","dìng dān","(purchase) order",""
"消逝","xiāo shì","to fade away",""
"果酱","guǒ jiàng","jam",""
"洗衣机","xǐ yī jī","washer / washing machine",""
"推动","tuī dòng","to push (for acceptance of a plan) / to push forward",""
"启示","qǐ shì","to reveal / to enlighten",""
"连锁","lián suǒ","to interlock / to be linked",""
"割断","gē duàn","to cut off / to sever",""
"案情","àn qíng","details of a case / case",""
"脸红","liǎn hóng","to blush / to redden (with shame, indignation etc)",""
"宠","chǒng","to love / to pamper / to spoil",""
"耗尽","hào jìn","to exhaust / to use up",""
"破灭","pò miè","to be shattered / to be annihilated (of hope, illusions etc)",""
"改过自新","gǎi guò zì xīn","to reform and start afresh (idiom); to turn over a new leaf",""
"步骤","bù zhòu","procedure / step",""
"作呕","zuò ǒu","to feel sick / to feel nauseous",""
"虚张声势","xū zhāng shēng shì","(false) bravado / to bluff",""
"留情","liú qíng","to relent (to spare someone's feelings) / to show mercy or forgiveness",""
"不道德","bú dào dé","immoral",""
"筹备","chóu bèi","preparations / to get ready for something",""
"关爱","guān ài","to show concern and care for",""
"擦掉","cā diào","to wipe",""
"享","xiǎng","to enjoy / to benefit / to have the use of",""
"背负","bēi fù","to bear / to carry on one's back",""
"应对","yìng duì","response / to answer",""
"作对","zuò duì","to set oneself against / to oppose",""
"归功","guī gōng","to give credit / to give someone his due",""
"毫不犹豫","háo bù yóu yù","without the slightest hesitation",""
"传球","chuán qiú","pass (in soccer) / to feed (ball)",""
"黛","dài","umber-black dye for painting the eyebrow",""
"拨打","bō dǎ","to call / to dial",""
"蟑螂","zhāng láng","cockroach",""
"巡演","xún yǎn","(theater etc) to tour / to be on tour",""
"圣诞树","shèng dàn shù","Christmas tree",""
"爪","zhǎo","foot of a bird or animal / paw / claws",""
"野营","yě yíng","to camp / field lodgings",""
"乌鸦","wū yā","crow / raven",""
"靴","xuē","boots",""
"房客","fáng kè","tenant",""
"坡","pō","slope / sloping / slanted",""
"夏日","xià rì","summertime",""
"传唤","chuán huàn","a summons (to the police) / subpoena",""
"辅助","fǔ zhù","to assist / to aid",""
"吊死","diào sǐ","death by hanging / to hang oneself",""
"信托","xìn tuō","to entrust / trust bond (finance)",""
"闹钟","nào zhōng","alarm clock",""
"天线","tiān xiàn","antenna / mast",""
"化身","huà shēn","incarnation / reincarnation",""
"涂鸦","tú yā","graffiti / scrawl",""
"手提箱","shǒu tí xiāng","suitcase",""
"离奇","lí qí","odd / bizarre",""
"冻结","dòng jié","to freeze (water etc) / (fig.) to freeze (assets, prices etc)",""
"探访","tàn fǎng","to seek by inquiry or search / to call on",""
"巢","cháo","nest",""
"接头","jiē tóu","to join / to connect",""
"背心","bèi xīn","sleeveless garment (vest, waistcoat, singlet, tank top etc)",""
"罚款","fá kuǎn","to fine / penalty",""
"华尔街","huá ěr jiē","Wall Street, New York / by extension, American big business",""
"吸气","xī qì","to inhale / to draw in breath",""
"扣押","kòu yā","to detain / to hold in custody",""
"施舍","shī shě","to give in charity / to give alms (to the poor)",""
"脉","mài","arteries and veins / vein (on a leaf, insect wing etc)",""
"网页","wǎng yè","web page",""
"衷心","zhōng xīn","heartfelt / wholehearted",""
"存放","cún fàng","to deposit / to store",""
"临终","lín zhōng","approaching one's end / with one foot in the grave",""
"收缩","shōu suō","to pull back / to shrink",""
"自言自语","zì yán zì yǔ","to talk to oneself / to think aloud",""
"筋","jīn","muscle / tendon / veins visible under the skin",""
"塞车","sāi chē","traffic jam","Malaysia"
"堵车","dǔ chē","traffic jam / (of traffic) to get congested (Malaysia: 塞车 sāi chē)","China"
"升高","shēng gāo","to raise / to ascend",""
"法定","fǎ dìng","legal / statutory",""
"咽","yàn","to swallow",""
"皱纹","zhòu wén","wrinkle",""
"强度","qiáng dù","strength / intensity",""
"偏僻","piān pì","remote / desolate",""
"残局","cán jú","endgame (in chess) / desperate situation",""
"间接","jiàn jiē","indirect",""
"崇高","chóng gāo","majestic / sublime",""
"调节","tiáo jié","to adjust / to regulate",""
"撇","piē","to cast away / to fling aside",""
"疑虑","yí lǜ","hesitation / misgivings",""
"东边","dōng bian","east / east side",""
"假象","jiǎ xiàng","false appearance / facade",""
"四肢","sì zhī","the four limbs of the body",""
"妄","wàng","absurd / fantastic / presumptuous",""
"使唤","shǐ huàn","to order someone about / to use someone",""
"敬佩","jìng pèi","to esteem / to admire",""
"字面","zì miàn","literal / typeface",""
"离不开","lí bù kāi","inseparable / inevitably linked to",""
"挤出","jǐ chū","to squeeze out / to extrude",""
"强有力","qiáng yǒu lì","strong / forceful",""
"开销","kāi xiāo","to pay (expenses) / expenses",""
"拭目以待","shì mù yǐ dài","lit. to wipe one's eyes and wait (idiom); to wait and see",""
"成问题","chéng wèn tí","to be a problem / problematic",""
"顺道","shùn dào","on the way",""
"伴娘","bàn niáng","bridesmaid / maid of honor",""
"骨灰","gǔ huī","bone ash / ashes of the dead",""
"阿拉斯加","ā lā sī jiā","Alaska",""
"海豚","hǎi tún","dolphin",""
"夏令营","xià lìng yíng","summer camp",""
"日历","rì lì","calendar",""
"航线","háng xiàn","air or shipping route",""
"改革","gǎi gé","reform / to reform",""
"疗程","liáo chéng","course of treatment",""
"救济","jiù jì","emergency relief / to help the needy with cash or goods",""
"脉冲","mài chōng","pulse (physics)",""
"光头","guāng tóu","shaven head / bald head",""
"白兰地","bái lán dì","brandy (loanword)",""
"空地","kòng dì","vacant land / open space",""
"橄榄","gǎn lǎn","Chinese olive / olive",""
"爱国","ài guó","to love one's country / patriotic",""
"防线","fáng xiàn","defensive line or perimeter",""
"未遂","wèi suì","unsuccessful (attempt) / attempted (murder, suicide)",""
"放荡","fàng dàng","licentious / wanton",""
"失灵","shī líng","out of order (of machine) / not working properly",""
"小宝宝","xiǎo bǎo bao","baby / little one",""
"脑震荡","nǎo zhèn dàng","(med.) cerebral concussion",""
"长发","cháng fà","long hair",""
"屈","qū","bent / to feel wronged",""
"案发","àn fā","to investigate a crime on the spot / to occur (of a crime)",""
"秃头","tū tóu","baldness",""
"苗条","miáo tiao","(of a woman) slim / slender",""
"大力","dà lì","energetically / vigorously",""
"养老金","yǎng lǎo jīn","pension",""
"本色","běn sè","inherent qualities / natural qualities",""
"应用","yìng yòng","to put to use / to apply",""
"忽悠","hū you","to con / to fool (someone) (Malaysia: 骗 piàn)","China"
"时分","shí fēn","time / period during the day",""
"弱小","ruò xiǎo","small and weak / puny",""
"明亮","míng liàng","bright / shining",""
"心不在焉","xīn bú zài yān","absent-minded / preoccupied",""
"疗","liáo","to treat / to cure / therapy",""
"撕碎","sī suì","to tear to shreds",""
"大局","dà jú","overall situation / the big picture",""
"句子","jù zi","sentence",""
"冒烟","mào yān","to discharge smoke / to fume with rage",""
"枪口","qiāng kǒu","muzzle of a gun",""
"胸前","xiōng qián","(on the) chest / bosom",""
"兆头","zhào tou","omen / portent",""
"前景","qián jǐng","foreground / vista",""
"防备","fáng bèi","to guard against",""
"属实","shǔ shí","to turn out to be true / verified",""
"跨越","kuà yuè","to step across / step over",""
"放任","fàng rèn","to ignore / to let alone",""
"缓","huǎn","slow / unhurried / sluggish",""
"明知","míng zhī","to be fully aware of / to know perfectly well",""
"由此","yóu cǐ","hereby / from this",""
"心头","xīn tóu","heart / thoughts",""
"改正","gǎi zhèng","to correct / to amend",""
"自尊心","zì zūn xīn","self-respect / self-esteem",""
"好歹","hǎo dǎi","good and bad / most unfortunate occurrence",""
"不同寻常","bù tóng xún cháng","out of the ordinary / unusual",""
"翻身","fān shēn","to turn over (when lying) / (fig.) to free oneself",""
"个个","gè gè","each one individually / each and every",""
"师傅","shī fu","master / qualified worker",""
"星系","xīng xì","stellar system / galaxy",""
"主教","zhǔ jiào","bishop",""
"外公","wài gōng","mother's father / maternal grandfather",""
"联赛","lián sài","(sports) league / league tournament",""
"五角大楼","wǔ jiǎo dà lóu","the Pentagon",""
"嗅","xiù","to smell / to sniff / to nose",""
"药丸","yào wán","pill",""
"瀑布","pù bù","waterfall",""
"十字","shí zì","cross road / cross-shaped",""
"尊贵","zūn guì","respected / respectable",""
"录音带","lù yīn dài","audio tape",""
"分局","fēn jú","sub-bureau",""
"摇头","yáo tóu","to shake one's head",""
"卖淫","mài yín","prostitution / to prostitute oneself",""
"股东","gǔ dōng","shareholder / stockholder",""
"动画片","dòng huà piàn","animated film (Malaysia: 卡通 kǎ tōng)","China"
"床垫","chuáng diàn","mattress",""
"簿","bù","a book / a register / account-book",""
"裁缝","cái féng","tailor / dressmaker",""
"东北","dōng běi","northeast",""
"操场","cāo chǎng","playground / sports field",""
"膏","gāo","ointment / paste",""
"储备","chǔ bèi","reserves / to store up",""
"落地","luò dì","to fall to the ground / to be set on the ground",""
"淹","yān","to flood / to submerge / to drown",""
"休克","xiū kè","shock (loanword) / to go into shock",""
"创造性","chuàng zào xìng","creativeness / creativity",""
"明日","míng rì","tomorrow",""
"危急","wēi jí","critical / desperate (situation)",""
"潮湿","cháo shī","damp / moist",""
"差距","chā jù","disparity / gap",""
"得救","dé jiù","to be saved",""
"攒","zǎn","to collect / to hoard / to accumulate",""
"调动","diào dòng","to transfer / to maneuver (troops etc)",""
"行列","háng liè","formation / array",""
"算计","suàn ji","to reckon / to calculate",""
"蹊跷","qī qiāo","odd / queer",""
"无时无刻","wú shí wú kè","all the time / incessantly",""
"事事","shì shì","everything",""
"书籍","shū jí","books / works",""
"正规","zhèng guī","regular / according to standards",""
"及其","jí qí","(conjunction linking two nouns) and its ... / and their ...",""
"反过来","fǎn guo lái","conversely / in reverse order",""
"侏儒","zhū rú","dwarf / pygmy",""
"演播室","yǎn bō shì","broadcasting studio",""
"千年","qiān nián","millennium",""
"毒蛇","dú shé","viper",""
"专栏","zhuān lán","special column",""
"工会","gōng huì","labor union / trade union",""
"逃逸","táo yì","to escape / to run away",""
"墨水","mò shuǐ","ink",""
"爆破","bào pò","to blow up / to demolish (using explosives)",""
"包袱","bāo fu","wrapping cloth / a bundle wrapped in cloth",""
"大西洋","dà xī yáng","Atlantic Ocean",""
"线条","xiàn tiáo","line (in drawing, calligraphy etc) / the lines or contours of a three-dimensional object (hairstyle, clothing, car etc)",""
"长岛","cháng dǎo","Changdao county in Yantai , Shandong",""
"喉","hóu","throat / larynx",""
"币","bì","money / coins / currency",""
"寄宿","jì sù","to stay / to lodge",""
"三角","sān jiǎo","triangle",""
"医药","yī yào","medical care and medicines / medicine (drug)",""
"葬","zàng","to bury (the dead) / to inter",""
"改装","gǎi zhuāng","to change one's costume / to repackage",""
"撞车","zhuàng chē","to crash (into another car) / (fig.) (of opinions, schedules etc) to clash",""
"慈悲","cí bēi","mercy",""
"痴呆","chī dāi","imbecility / dementia",""
"油门","yóu mén","accelerator (pedal) / gas pedal",""
"伸张","shēn zhāng","to uphold (e.g. justice or virtue) / to promote",""
"人马","rén mǎ","men and horses / troops",""
"心愿","xīn yuàn","cherished desire / dream",""
"起源","qǐ yuán","origin / to originate",""
"漫漫","màn màn","long / endless",""
"经费","jīng fèi","funds / expenditure",""
"北面","běi miàn","northern side / north",""
"拆散","chāi sàn","to break up (a marriage, family etc)",""
"世界大战","shì jiè dà zhàn","world war",""
"门卫","mén wèi","guard at gate / sentry",""
"续","xù","to continue / to replenish",""
"餐具","cān jù","tableware / dinner service",""
"鸡皮疙瘩","jī pí gē da","goose pimples / goose bumps",""
"讯问","xùn wèn","to interrogate / to ask about",""
"摄像","shè xiàng","to videotape",""
"悲观","bēi guān","pessimistic",""
"搅和","jiǎo huo","to mix / to blend",""
"嗜好","shì hào","hobby / indulgence",""
"归咎","guī jiù","to put the blame on / to accuse",""
"双关","shuāng guān","pun / play on words",""
"控制权","kòng zhì quán","control (as in ""to win control"")",""
"自家","zì jiā","oneself / one's own family",""
"丰盛","fēng shèng","rich / sumptuous",""
"日程表","rì chéng biǎo","daily schedule",""
"胡乱","hú luàn","careless / reckless",""
"高峰","gāo fēng","peak / summit",""
"玩乐","wán lè","to play around / to disport oneself",""
"裂开","liè kāi","to split open",""
"强劲","qiáng jìng","strong / powerful",""
"流水","liú shuǐ","running water / (business) turnover",""
"广泛","guǎng fàn","extensive / wide range",""
"丧","sàng","to lose something abstract but important (courage, authority, one's life etc) / to be bereaved of (one's spouse etc) / to die",""
"安稳","ān wěn","smooth and steady",""
"不符","bù fú","inconsistent / not in agreement with",""
"受得了","shòu de liǎo","to put up with / to endure",""
"无动于衷","wú dòng yú zhōng","aloof / indifferent",""
"兴致","xìng zhì","mood / spirits",""
"无可","wú kě","can't",""
"巴基斯坦","bā jī sī tǎn","Pakistan",""
"沃","wò","fertile / rich / to irrigate",""
"停电","tíng diàn","to have a power failure / power cut",""
"毕","bì","the whole of / to finish / to complete",""
"柏","bǎi","cedar / cypress",""
"强暴","qiáng bào","violent / to rape",""
"癫痫","diān xián","epilepsy",""
"蜂蜜","fēng mì","honey",""
"杀人狂","shā rén kuáng","homicidal maniac",""
"签证","qiān zhèng","visa / certificate",""
"缉毒","jī dú","to counter narcotics trafficking / drug enforcement",""
"坚果","jiān guǒ","nut",""
"茄子","qié zi","eggplant (Solanum melongena L.) / aubergine",""
"屠夫","tú fū","butcher / fig. murderous dictator",""
"框","kuāng","frame (e.g. door frame) / casing / fig. framework",""
"枝","zhī","branch / measure word for sticks, rods, pencils etc",""
"专利","zhuān lì","patent / something uniquely enjoyed (or possessed etc) by a certain group of people",""
"口哨","kǒu shào","whistle",""
"龟","guī","tortoise / turtle",""
"巷子","xiàng zi","alley",""
"鉴","jiàn","example / mirror / to view",""
"止血","zhǐ xuè","to staunch (bleeding) / hemostatic (drug)",""
"兴奋剂","xīng fèn jì","stimulant / doping (in athletics)",""
"钢铁","gāng tiě","steel",""
"淤","yū","silt / river sludge / to silt up",""
"飞越","fēi yuè","to fly across / to fly over",""
"复印","fù yìn","to photocopy / to duplicate a document",""
"百姓","bǎi xìng","common people",""
"通风","tōng fēng","airy / ventilation",""
"脱水","tuō shuǐ","to dry out / to extract water",""
"伏击","fú jī","ambush / to ambush",""
"咆哮","páo xiào","to roar / to thunder",""
"搭乘","dā chéng","to ride as a passenger / to travel by (car, plane etc)",""
"南美","nán měi","South America",""
"备份","bèi fèn","backup",""
"观光","guān guāng","to tour / sightseeing",""
"进军","jìn jūn","to march / to advance",""
"洋娃娃","yáng wá wa","doll (of Western appearance)",""
"奖章","jiǎng zhāng","medal",""
"思绪","sī xù","train of thought / emotional state",""
"移交","yí jiāo","to transfer / to hand over",""
"环游","huán yóu","to travel around (the world, a country etc)",""
"显现","xiǎn xiàn","appearance / to appear",""
"埋怨","mán yuàn","to complain / to grumble (about)",""
"排列","pái liè","to arrange in order",""
"棕","zōng","palm / palm fiber / coir (coconut fiber)",""
"始","shǐ","to begin / to start / then",""
"畸形","jī xíng","deformity / abnormality",""
"指头","zhǐ tou","finger / toe",""
"渺小","miǎo xiǎo","minute / tiny",""
"微小","wēi xiǎo","minute (i.e. extremely small) / infinitesimal",""
"下台","xià tái","to go off the stage / to fall from position of prestige",""
"当今","dāng jīn","current / present",""
"宠坏","chǒng huài","to spoil (a child etc)",""
"枪子","qiāng zǐ","bullet",""
"耍花招","shuǎ huā zhāo","to play tricks on someone",""
"拆开","chāi kāi","to dismantle / to disassemble",""
"懂事","dǒng shì","sensible / thoughtful",""
"挡路","dǎng lù","blocking the way",""
"漆黑","qī hēi","pitch-black",""
"缠身","chán shēn","(of an illness, debt etc) to plague someone / to preoccupy someone",""
"诚恳","chéng kěn","sincere / honest",""
"陈年","chén nián","old / stored for many years",""
"探讨","tàn tǎo","to investigate / to probe",""
"满身","mǎn shēn","covered all over",""
"当着","dāng zhe","in front of / in the presence of",""
"争霸","zhēng bà","to contend for hegemony / a power struggle",""
"船员","chuán yuán","sailor / crew member",""
"宝藏","bǎo zàng","precious mineral deposits / hidden treasure",""
"桃","táo","peach",""
"镑","bàng","pound (sterling) (loanword)",""
"赎金","shú jīn","ransom",""
"唇膏","chún gāo","lip balm / lipstick",""
"角逐","jué zhú","to tussle / to contend",""
"头等舱","tóu děng cāng","1st class cabin",""
"五月","wǔ yuè","May",""
"修正案","xiū zhèng àn","amendment / revised draft",""
"特制","tè zhì","special / unique",""
"流产","liú chǎn","to have a miscarriage / miscarriage",""
"出海","chū hǎi","to go out to sea / (neologism) to expand into overseas markets",""
"捷径","jié jìng","shortcut",""
"诠释","quán shì","to interpret / to comment and explain",""
"修车","xiū chē","to repair a car / bike",""
"故乡","gù xiāng","home / homeland",""
"政权","zhèng quán","regime / political power",""
"王牌","wáng pái","trump card",""
"池塘","chí táng","pool / pond",""
"放火","fàng huǒ","to set on fire / to commit arson",""
"呻吟","shēn yín","to moan / to groan",""
"药房","yào fáng","pharmacy","Malaysia"
"药店","yào diàn","pharmacy (Malaysia: 药房 yào fáng)","China"
"泳衣","yǒng yī","swimsuit / bathing suit",""
"救活","jiù huó","to bring back to life",""
"决策","jué cè","strategic decision / decision-making",""
"颁发","bān fā","to issue / to promulgate",""
"藉","jí","to insult / to walk all over (someone)",""
"拷","kǎo","to beat / to flog / to examine under torture",""
"帮凶","bāng xiōng","accomplice / accessory",""
"改动","gǎi dòng","to alter / to modify",""
"重心","zhòng xīn","center of gravity / central core",""
"称号","chēng hào","name / term of address",""
"预兆","yù zhào","omen / sign (of something yet to occur)",""
"沉睡","chén shuì","to be fast asleep / (fig.) to lie dormant",""
"赤裸","chì luǒ","naked / bare",""
"和善","hé shàn","good-natured",""
"傻笑","shǎ xiào","to giggle / to laugh foolishly",""
"气概","qì gài","lofty quality / mettle",""
"上等","shàng děng","highest quality / top-notch",""
"之际","zhī jì","during / at the time of",""
"信守","xìn shǒu","to abide by / to keep (promises etc)",""
"惦记","diàn jì","to think of / to keep thinking about",""
"房门","fáng mén","door of a room",""
"记性","jì xing","memory (ability to retain information)",""
"归宿","guī sù","place to return to / home",""
"发牢骚","fā láo sāo","to whine / to be grouchy",""
"猛烈","měng liè","fierce / violent (criticism etc)",""
"飞快","fēi kuài","very fast / at lightning speed",""
"忙活","máng huo","to be really busy / pressing business",""
"入手","rù shǒu","to begin / to set one's hand to",""
"陪同","péi tóng","to accompany",""
"来源于","lái yuán yú","to originate in",""
"挨着","āi zhe","near",""
"重伤","zhòng shāng","seriously hurt / serious injury",""
"起步","qǐ bù","to set out / to set in motion",""
"定期","dìng qī","at set dates / at regular intervals",""
"得不到","dé bú dào","cannot get / cannot obtain",""
"大肆","dà sì","wantonly / without restraint (of enemy or malefactor)",""
"不时","bù shí","from time to time / now and then",""
"想来","xiǎng lái","it may be assumed that",""
"达拉斯","dá lā sī","Dallas",""
"骆驼","luò tuo","camel / blockhead",""
"螃蟹","páng xiè","crab",""
"手镯","shǒu zhuó","bracelet",""
"泡菜","pào cài","pickled cabbage",""
"小提琴","xiǎo tí qín","fiddle / violin",""
"神灵","shén líng","god / spirit",""
"洗礼","xǐ lǐ","baptism (lit. or fig.)",""
"轰炸","hōng zhà","to bomb / to bombard",""
"棚","péng","shed / canopy / shack",""
"社团","shè tuán","association / society",""
"昔","xī","former times / the past",""
"斑","bān","spot / colored patch / stripe",""
"未成年人","wèi chéng nián rén","minor (i.e. person under 18)",""
"代言人","dài yán rén","spokesperson",""
"坟","fén","grave / tomb / embankment",""
"替补","tì bǔ","to replace (a damaged component with a new one, an injured player with a substitute player, full-time workers with casual workers etc) / a substitute",""
"赛跑","sài pǎo","race (running) / to race (running)",""
"颠","diān","top (of the head) / apex / to fall forwards",""
"拆除","chāi chú","to tear down / to demolish",""
"击打","jī dǎ","to beat / to lash",""
"启","qǐ","to open / to start / to initiate",""
"剪辑","jiǎn jí","to edit (video images, film)",""
"冒充","mào chōng","to feign / to pretend to be",""
"椅","yǐ","chair",""
"进场","jìn chǎng","to enter the venue / to enter the arena",""
"转播","zhuǎn bō","relay / broadcast (on radio or TV)",""
"探视","tàn shì","to visit (a patient, prisoner etc) / to look inquiringly",""
"长度","cháng dù","length",""
"碾","niǎn","stone roller / roller and millstone / to grind",""
"起伏","qǐ fú","to move up and down / to undulate",""
"金额","jīn é","sum of money / monetary value",""
"追随者","zhuī suí zhě","follower / adherent",""
"漂浮","piāo fú","to float / to hover",""
"未婚","wèi hūn","unmarried",""
"绊","bàn","to trip / to stumble / to hinder",""
"风情","fēng qíng","mien / bearing",""
"行使","xíng shǐ","to exercise (a right etc)",""
"制裁","zhì cái","to punish / punishment",""
"身无分文","shēn wú fēn wén","penniless (idiom)",""
"多疑","duō yí","mistrustful / suspicious",""
"离职","lí zhí","to retire / to leave office",""
"已故","yǐ gù","the late / deceased",""
"流露","liú lù","to reveal (indirectly, implicitly) / to show (interest, contempt etc) by means of one's actions, tone of voice etc",""
"混淆","hùn xiáo","to obscure / to confuse",""
"阴险","yīn xiǎn","treacherous / sinister",""
"事迹","shì jì","deed / past achievement",""
"出面","chū miàn","to appear personally / to step in",""
"逼迫","bī pò","to force / to compel",""
"发放","fā fàng","to provide / to give",""
"一连串","yì lián chuàn","a succession of / a series of",""
"筋疲力尽","jīn pí lì jìn","body weary, strength exhausted (idiom); extremely tired / spent",""
"打探","dǎ tàn","to make discreet inquiries / to scout out",""
"一手","yì shǒu","a skill / mastery of a trade",""
"转达","zhuǎn dá","to pass on / to convey",""
"揭穿","jiē chuān","to expose / to uncover",""
"戏弄","xì nòng","to play tricks on / to make fun of",""
"重申","chóng shēn","to reaffirm / to reiterate",""
"不测","bú cè","unexpected / measureless",""
"凯文","kǎi wén","Kevin (person name)",""
"劫匪","jié fěi","bandit / robber",""
"胎儿","tāi ér","unborn child / fetus",""
"皇冠","huáng guān","crown (headgear)",""
"筹款","chóu kuǎn","fundraising",""
"弹壳","dàn ké","ammunition case",""
"军火","jūn huǒ","weapons and ammunition / munitions",""
"雄","xióng","male / staminate / grand",""
"黑客","hēi kè","hacker (computing) (loanword)",""
"收购","shōu gòu","to purchase (from various places) / to acquire (a company)",""
"冰冻","bīng dòng","to freeze",""
"绯闻","fēi wén","sex scandal",""
"痉挛","jìng luán","to jerk / to contort",""
"山洞","shān dòng","cavern / cave",""
"承包商","chéng bāo shāng","contractor",""
"服饰","fú shì","apparel / clothing and personal adornment",""
"叛国","pàn guó","treason",""
"舞厅","wǔ tīng","dance hall / ballroom",""
"胶水","jiāo shuǐ","glue",""
"滩","tān","beach / shoal / rapids",""
"素食","sù shí","vegetables / vegetarian food",""
"暴动","bào dòng","insurrection / rebellion",""
"兔崽子","tù zǎi zi","brat / bastard",""
"研究生","yán jiū shēng","graduate student / postgraduate student",""
"筹集","chóu jí","to collect money / to raise funds",""
"藐视","miǎo shì","to despise / to look down on",""
"迪斯尼","dí sī ní","Disney (company name, surname)",""
"丝绸","sī chóu","silk cloth / silk",""
"研发","yán fā","research and development / to develop",""
"老人家","lǎo rén jiā","polite term for old woman or man",""
"婆娘","pó niáng","woman (derog.)",""
"秋季","qiū jì","autumn / fall",""
"店员","diàn yuán","shop assistant / salesclerk",""
"派遣","pài qiǎn","to send (on a mission) / to dispatch",""
"罢","bà","to stop / to cease / to dismiss",""
"掌权","zhǎng quán","to wield (political etc) power / be in power",""
"彩色","cǎi sè","color / multi-colored",""
"脱颖而出","tuō yǐng ér chū","to reveal one's talent (idiom) / to rise above others",""
"特写","tè xiě","feature article / close-up (filmmaking, photography etc)",""
"走狗","zǒu gǒu","hunting dog / hound",""
"诚意","chéng yì","sincerity / good faith",""
"闪烁","shǎn shuò","flickering / twinkling",""
"前天","qián tiān","the day before yesterday",""
"放走","fàng zǒu","to release / to set free",""
"在逃","zài táo","to be at large (of a criminal)",""
"折扣","zhé kòu","discount",""
"指点","zhǐ diǎn","to point out / to indicate",""
"抵挡","dǐ dǎng","to resist / to hold back",""
"记忆力","jì yì lì","faculty of memory / ability to remember",""
"当地人","dāng dì rén","local people / locals",""
"亮点","liàng diǎn","highlight / bright spot",""
"联手","lián shǒu","lit. to join hands / to act together",""
"完美无缺","wán měi wú quē","perfect and without blemish / flawless",""
"安然无恙","ān rán wú yàng","safe and sound (idiom) / to come out unscathed (e.g. from an accident or illness)",""
"想必","xiǎng bì","presumably / probably",""
"脸颊","liǎn jiá","cheek",""
"退回","tuì huí","to return (an item) / to send back",""
"自然而然","zì rán ér rán","involuntary / automatically",""
"窄","zhǎi","narrow / narrow-minded / badly off",""
"走火","zǒu huǒ","to go off accidentally / to catch fire",""
"布满","bù mǎn","to be covered with / to be filled with",""
"熟练","shú liàn","practiced / proficient",""
"识","shí","to know / knowledge",""
"沾满","zhān mǎn","muddy / covered in (mud, dust, sweat, blood etc)",""
"永久性","yǒng jiǔ xìng","permanent",""
"当众","dāng zhòng","in public / in front of everybody",""
"幸免","xìng miǎn","to avoid (an unpleasant fate)",""
"够呛","gòu qiàng","unbearable / terrible",""
"并不","bìng bù","not at all / emphatically not",""
"俄语","é yǔ","Russian (language)",""
"仓","cāng","barn / granary / storehouse",""
"金枪鱼","jīn qiāng yú","tuna",""
"温泉","wēn quán","hot spring / spa",""
"驯","xùn","to attain gradually / to tame",""
"重量级","zhòng liàng jí","heavyweight (boxing etc)",""
"民事","mín shì","civil case / agricultural affairs",""
"体操","tǐ cāo","gymnastic / gymnastics",""
"圣灵","shèng líng","Holy Ghost / Holy Spirit",""
"村民","cūn mín","villager",""
"猎枪","liè qiāng","hunting gun / shotgun",""
"奔驰","bēn chí","to run quickly / to speed",""
"配对","pèi duì","to pair up / to match up",""
"陆地","lù dì","dry land (as opposed to the sea)",""
"外甥","wài shēng","sister's son / wife's sibling's son",""
"吸食","xī shí","(of an insect) to drink (nectar, sap, blood etc) / (of a person) to take (a narcotic drug)",""
"拷问","kǎo wèn","to question via torture",""
"梳","shū","a comb / to comb",""
"领土","lǐng tǔ","territory",""
"原料","yuán liào","raw material",""
"维生素","wéi shēng sù","vitamin",""
"互动","hù dòng","to interact / interactive",""
"花朵","huā duǒ","flower",""
"佣人","yōng rén","servant",""
"颜","yán","color / face / countenance",""
"下课","xià kè","to finish class / to get out of class",""
"特长","tè cháng","personal strength / one's special ability or strong points",""
"人事","rén shì","personnel / human resources",""
"纠结","jiū jié","to intertwine / to band together (with)",""
"途","tú","way / route / road",""
"一席之地","yì xí zhī dì","(acknowledged) place / a role to play",""
"行家","háng jiā","connoisseur / expert",""
"儿时","ér shí","childhood",""
"自助餐","zì zhù cān","buffet / self-service meal",""
"城外","chéng wài","outside of a city",""
"插嘴","chā zuǐ","to interrupt (someone talking) / to butt in",""
"依照","yī zhào","according to / in light of",""
"繁忙","fán máng","busy / bustling",""
"惊慌失措","jīng huāng shī cuò","to lose one's head out of fear (idiom)",""
"耳熟","ěr shú","to sound familiar / familiar-sounding",""
"急切","jí qiè","eager / impatient",""
"不为人知","bù wéi rén zhī","not known to anyone / secret",""
"后头","hòu tou","behind / the back",""
"定论","dìng lùn","final conclusion / accepted argument",""
"审视","shěn shì","to look closely at / to examine",""
"舍不得","shě bù de","to hate to do something / to hate to part with",""
"近期","jìn qī","near in time / in the near future",""
"军士","jūn shì","soldier / noncommssioned officer (NCO)",""
"楚","chǔ","distinct / clear / orderly",""
"玛利亚","mǎ lì yà","Mary (biblical name)",""
"旗帜","qí zhì","ensign / flag",""
"景","jǐng","circumstance / situation / scene (of a play)",""
"打火机","dǎ huǒ jī","lighter / cigarette lighter",""
"翼","yì","wing / area surrounding the bullseye of a target / to assist",""
"弦","xián","bow string / string of musical instrument / watchspring",""
"面罩","miàn zhào","mask / visor",""
"警署","jǐng shǔ","police station",""
"金刚","jīn gāng","diamond / (used to translate Sanskrit ""vajra"", a thunderbolt or mythical weapon)",""
"发射器","fā shè qì","radio transmitter",""
"赛场","sài chǎng","racetrack / field (for athletics competition)",""
"白金","bái jīn","platinum / silver",""
"印刷","yìn shuā","to print / printing",""
"斗篷","dǒu peng","cloak / mantle",""
"盲","máng","blind",""
"向导","xiàng dǎo","guide",""
"掠夺","lüè duó","to plunder / to rob",""
"朋","péng","friend",""
"群岛","qún dǎo","group of islands / archipelago",""
"羔羊","gāo yáng","sheep / lamb",""
"足迹","zú jì","footprint / track",""
"爱国者","ài guó zhě","patriot",""
"中世纪","zhōng shì jì","medieval / Middle Ages",""
"打手","dǎ shou","hired thug",""
"反省","fǎn xǐng","to reflect upon oneself / to examine one's conscience",""
"胸腔","xiōng qiāng","thoracic cavity",""
"管辖","guǎn xiá","to administer / to have jurisdiction (over)",""
"游戏机","yóu xì jī","video game / game machine",""
"驾驭","jià yù","to urge on (of horse) / to drive",""
"牢狱","láo yù","prison",""
"试探","shì tàn","to sound out / to probe",""
"车轮","chē lún","wheel",""
"上街","shàng jiē","to go onto the streets / to go shopping",""
"议论","yì lùn","to comment / to talk about",""
"烦躁","fán zào","jittery / twitchy",""
"分泌","fēn mì","to secrete / secretion",""
"振奋","zhèn fèn","to stir oneself up / to raise one's spirits",""
"遵从","zūn cóng","to comply with / to follow (directives)",""
"未曾","wèi céng","hasn't (or haven't) / hasn't ever",""
"初级","chū jí","junior / primary",""
"昵","nì","familiar / intimate / to approach",""
"子女","zǐ nǚ","children / sons and daughters",""
"饭菜","fàn cài","food",""
"富裕","fù yù","prosperous / well-to-do",""
"信奉","xìn fèng","belief / to believe (in something)",""
"泡汤","pào tāng","to dawdle / to go slow deliberately",""
"从天而降","cóng tiān ér jiàng","lit. to drop from the sky (idiom) / fig. to appear unexpectedly",""
"即刻","jí kè","immediately / instant",""
"下方","xià fāng","underneath / below",""
"灭口","miè kǒu","to kill someone to prevent them from divulging a secret / to silence someone",""
"精美","jīng měi","delicate / fine",""
"嚷","rǎng","to blurt out / to shout",""
"心态","xīn tài","attitude (of the heart) / state of one's psyche",""
"正派","zhèng pài","upright",""
"感情用事","gǎn qíng yòng shì","to act impetuously (idiom); on an impulse",""
"养家","yǎng jiā","to support a family / to raise a family",""
"深陷","shēn xiàn","to be deeply in (trouble, debt etc) / deep set (eyes)",""
"加以","jiā yǐ","in addition / moreover",""
"歇斯底里","xiē sī dǐ lǐ","hysteria (loanword) / hysterical",""
"所在地","suǒ zài dì","location / site",""
"半生","bàn shēng","half a lifetime",""
"汉城","hàn chéng","Hanseong, former name of Seoul (capital of South Korea), replaced in 2005 with",""
"罢工","bà gōng","a strike / to go on strike",""
"院长","yuàn zhǎng","the head of an institution whose name ends in / chair of a board",""
"马拉松","mǎ lā sōng","marathon (loanword)",""
"昂","áng","to lift / to raise / to raise one's head",""
"洋","yáng","ocean / vast / foreign",""
"蜥蜴","xī yì","lizard",""
"公牛","gōng niú","bull",""
"蒙在鼓里","méng zài gǔ lǐ","lit. kept inside a drum (idiom) / fig. completely in the dark",""
"公立","gōng lì","public (e.g. school, hospital)",""
"娃","wá","baby / doll",""
"传感器","chuán gǎn qì","sensor / transducer",""
"揉","róu","to knead / to massage / to rub",""
"中文","zhōng wén","Chinese language",""
"柄","bǐng","handle or shaft (of an axe etc) / (of a flower, leaf or fruit) stem / something that affords an advantage to an opponent",""
"大姐","dà jiě","big sister / elder sister",""
"颤","chàn","to tremble / to shiver / to shake",""
"衰竭","shuāi jié","organ failure / exhaustion",""
"键盘","jiàn pán","keyboard",""
"扣子","kòu zi","button",""
"平方","píng fāng","square (as in square foot, square mile, square root)",""
"挨打","ái dǎ","to take a beating / to get thrashed",""
"上市","shàng shì","to hit the market (of a new product) / to float (a company on the stock market)",""
"学术","xué shù","learning / science",""
"偷袭","tōu xí","to mount a sneak attack / to raid",""
"心想","xīn xiǎng","to think to oneself / to think",""
"电动","diàn dòng","electric-powered",""
"大拇指","dà mu zhǐ","thumb",""
"防范","fáng fàn","to be on guard / wariness",""
"看似","kàn sì","to look as if / to seem",""
"尾声","wěi shēng","coda / epilogue",""
"杀人案","shā rén àn","murder case / homicide case",""
"挖苦","wā kǔ","to speak sarcastically / to make cutting remarks",""
"携","xié","to carry / to take along / to bring along",""
"倾倒","qīng dǎo","to topple over / to greatly admire",""
"靶子","bǎ zi","target",""
"全然","quán rán","completely",""
"汇合","huì hé","confluence / to converge",""
"品种","pǐn zhǒng","breed / variety",""
"上流","shàng liú","upper class",""
"在世","zài shì","to be alive",""
"同名","tóng míng","of the same name / homonymous",""
"宽敞","kuān chang","spacious / wide",""
"责任感","zé rèn gǎn","sense of responsibility",""
"火烧","huǒ shāo","to set fire to / to burn down",""
"惊恐","jīng kǒng","to be alarmed / to be frightened",""
"濒临","bīn lín","on the edge of / (fig.) on the verge of",""
"孩子气","hái zi qì","boyish / childish",""
"半数","bàn shù","half the number / half",""
"此后","cǐ hòu","after this / afterwards",""
"办理","bàn lǐ","to handle / to transact",""
"新型","xīn xíng","new type / new kind",""
"生计","shēng jì","livelihood",""
"过激","guò jī","drastic / extreme",""
"说到做到","shuō dào zuò dào","to be as good as one's word (idiom) / to keep one's promise",""
"何在","hé zài","where? / what place?",""
"说到底","shuō dào dǐ","in the final analysis / in the end",""
"野马","yě mǎ","feral horse / free-roaming horse",""
"修道院","xiū dào yuàn","monastery / convent",""
"斗牛","dòu niú","bullfighting",""
"新奥尔良","xīn ào ěr liáng","New Orleans, Louisiana",""
"佩","pèi","to respect / to wear (belt etc)",""
"核武器","hé wǔ qì","nuclear weapon",""
"异教徒","yì jiào tú","member of another religion / heathen",""
"黑社会","hēi shè huì","criminal underworld / organized crime syndicate",""
"糖浆","táng jiāng","syrup",""
"盟友","méng yǒu","ally",""
"西南","xī nán","southwest",""
"市政厅","shì zhèng tīng","city hall",""
"司法部","sī fǎ bù","Ministry of Justice (PRC etc) / Justice Department (USA etc)",""
"可可","kě kě","cocoa (loanword)",""
"镖","biāo","throwing weapon / dart / goods sent under the protection of an armed escort",""
"戒烟","jiè yān","to give up smoking",""
"敷","fū","to spread / to lay out / to apply (powder, ointment etc)",""
"里边","lǐ bian","inside",""
"合唱团","hé chàng tuán","chorus / choir",""
"拉拉队","lā lā duì","cheerleading squad",""
"必定","bì dìng","to be bound to / to be sure to",""
"繁殖","fán zhí","to breed / to reproduce",""
"货币","huò bì","currency / monetary",""
"交配","jiāo pèi","mating / copulation (esp. of animals)",""
"录音机","lù yīn jī","(tape) recording machine / tape recorder",""
"上吊","shàng diào","to hang oneself",""
"概率","gài lǜ","probability (math.)",""
"色拉","sè lā","salad (loanword)",""
"贫民窟","pín mín kū","slum housing",""
"冷战","lěng zhan","shiver / shudder",""
"露天","lù tiān","outdoors / al fresco",""
"干燥","gān zào","to dry (of weather, paint, cement etc) / desiccation",""
"找上门","zhǎo shàng mén","to come to someone's door / to call on someone",""
"健忘","jiàn wàng","forgetful",""
"初中","chū zhōng","junior high school",""
"左侧","zuǒ cè","left side",""
"敌对","dí duì","hostile / enemy (factions)",""
"足球队","zú qiú duì","soccer team",""
"启程","qǐ chéng","to set out on a journey",""
"上边","shàng bian","the top / above",""
"愤世嫉俗","fèn shì jí sú","to be cynical / to be embittered",""
"岸边","àn biān","shore",""
"礼节","lǐ jié","etiquette",""
"皮革","pí gé","leather",""
"俏","qiào","good-looking / charming / (of goods) in great demand",""
"揭","jiē","to take the lid off / to expose / to unmask",""
"纽约州","niǔ yuē zhōu","New York state",""
"念书","niàn shū","to read / to study (Malaysia: 读书 dú shū)","China"
"喜好","xǐ hào","to like / fond of",""
"贬低","biǎn dī","to belittle / to disparage",""
"体谅","tǐ liàng","to empathize / to allow (for something)",""
"受罪","shòu zuì","to endure / to suffer",""
"制成","zhì chéng","to manufacture / to turn out (a product)",""
"质问","zhì wèn","to question / to ask questions",""
"见解","jiàn jiě","opinion / view",""
"碍事","ài shì","(usu used in the negative) to be of importance or to matter / to be in the way",""
"附加","fù jiā","additional / annex",""
"小题大做","xiǎo tí dà zuò","to make a big fuss over a minor issue (idiom)",""
"谅解","liàng jiě","to understand / to make allowances for",""
"眷顾","juàn gù","to care for / to show concern for",""
"全盘","quán pán","overall / comprehensive",""
"臭名昭著","chòu míng zhāo zhù","notorious / infamous",""
"源于","yuán yú","has its origins in",""
"不容","bù róng","must not / cannot",""
"趋势","qū shì","trend / tendency",""
"小心翼翼","xiǎo xīn yì yì","cautious and solemn (idiom); very carefully / prudent",""
"走投无路","zǒu tóu wú lù","to be at an impasse (idiom) / in a tight spot",""
"特有","tè yǒu","specific (to) / characteristic (of)",""
"背着","bèi zhe","turning one's back to (something or someone) / keeping something secret from (someone)",""
"出炉","chū lú","to take out of the furnace / fresh out of the oven",""
"守口如瓶","shǒu kǒu rú píng","lit. to guard one's mouth like a closed bottle (idiom); tight-lipped / reticent",""
"爹地","diē dì","daddy (loanword)",""
"庄园","zhuāng yuán","manor / feudal land",""
"格斗","gé dòu","to wrestle",""
"墨","mò","ink stick / China ink / corporal punishment consisting of tattooing characters on the victim's forehead",""
"秘方","mì fāng","secret recipe",""
"绳索","shéng suǒ","rope",""
"动议","dòng yì","motion / proposal",""
"主编","zhǔ biān","editor in chief",""
"传讯","chuán xùn","to summon (a witness) / to subpoena",""
"嘣","bēng","boom / bang",""
"六月","liù yuè","June / sixth month (of the lunar year)",""
"贫困","pín kùn","impoverished / poverty",""
"撤回","chè huí","to recall / to revoke",""
"国旗","guó qí","flag (of a country)",""
"际","jì","border / edge / boundary",""
"候","hòu","to wait / to inquire after / to watch",""
"蛋卷","dàn juǎn","egg roll",""
"毒物","dú wù","poisonous substance / poison",""
"日文","rì wén","Japanese (language)","Malaysia"
"日语","rì yǔ","Japanese language (Malaysia: 日文 rì wén)","China"
"树木","shù mù","tree",""
"棒棒糖","bàng bàng táng","lollipop / sucker",""
"树叶","shù yè","tree leaves",""
"当兵","dāng bīng","to serve in the army / to be a soldier",""
"鹦鹉","yīng wǔ","parrot",""
"标语","biāo yǔ","written slogan / placard",""
"大奖","dà jiǎng","prize / award",""
"便条","biàn tiáo","(informal) note",""
"炸毁","zhà huǐ","to blow up / to destroy with explosives",""
"绘画","huì huà","drawing / painting",""
"持久","chí jiǔ","lasting / enduring",""
"扭伤","niǔ shāng","a sprain / a crick",""
"列表","liè biǎo","list",""
"纯净","chún jìng","pure / clean",""
"无声","wú shēng","noiseless / noiselessly",""
"巨额","jù é","large sum (of money) / a huge amount",""
"安然","ān rán","safely / peacefully",""
"优惠","yōu huì","privilege / favorable (terms)",""
"残废","cán fèi","deformity / handicapped",""
"摇晃","yáo huàng","to rock / to shake",""
"享乐","xiǎng lè","to enjoy life / pleasures of life",""
"下水","xià shui","offal / viscera",""
"招惹","zhāo rě","to provoke / to tease",""
"不当","bú dàng","unsuitable / improper",""
"斜","xié","inclined / slanting / oblique",""
"大亨","dà hēng","big shot / top gun",""
"短路","duǎn lù","short circuit",""
"心肠","xīn cháng","heart / intention",""
"平分","píng fēn","to divide evenly / to bisect (geometry)",""
"傻话","shǎ huà","foolish talk / nonsense",""
"越界","yuè jiè","to cross a border / to overstep a bound",""
"根源","gēn yuán","origin / root (cause)",""
"列为","liè wéi","to be classified as",""
"凑合","còu he","to bring together / to make do in a bad situation",""
"危及","wēi jí","to endanger / to jeopardize",""
"面积","miàn jī","area (of a floor, piece of land etc) / surface area",""
"开展","kāi zhǎn","to launch / to develop",""
"疑心","yí xīn","suspicion / to suspect",""
"琐事","suǒ shì","trifle",""
"合影","hé yǐng","to take a joint photo / group photo",""
"牢记","láo jì","to keep in mind / to remember",""
"可口","kě kǒu","tasty / to taste good",""
"装有","zhuāng yǒu","fitted with",""
"不禁","bù jīn","can't help (doing something) / can't refrain from",""
"不仅如此","bù jǐn rú cǐ","not only that, but ...",""
"克隆","kè lóng","clone (loanword)",""
"族人","zú rén","clansman / clan members",""
"姑姑","gū gu","paternal aunt",""
"伴郎","bàn láng","best man",""
"宇航员","yǔ háng yuán","astronaut",""
"金牌","jīn pái","gold medal",""
"喷泉","pēn quán","fountain",""
"种族主义","zhǒng zú zhǔ yì","racism",""
"剧组","jù zǔ","cast and crew / performers and production team",""
"狮","shī","lion",""
"条约","tiáo yuē","treaty / pact",""
"安全局","ān quán jú","security bureau",""
"园丁","yuán dīng","gardener",""
"谷仓","gǔ cāng","barn",""
"进食","jìn shí","to take a meal / to eat",""
"歌舞","gē wǔ","singing and dancing",""
"掷","zhì","to toss / to throw dice",""
"海水","hǎi shuǐ","seawater",""
"手指头","shǒu zhǐ tou","fingertip / finger",""
"刊登","kān dēng","to carry a story / to publish (in a newspaper or magazine)",""
"喘气","chuǎn qì","to breathe deeply / to pant",""
"回话","huí huà","to reply",""
"击掌","jī zhǎng","to clap one's hands / to clap each other's hands",""
"遇难","yù nàn","to perish / to be killed",""
"冷却","lěng què","to cool off / cooling",""
"叶子","yè zi","foliage / leaf",""
"医务","yī wù","medical affairs",""
"共鸣","gòng míng","resonance (physics) / sympathetic response to something",""
"话筒","huà tǒng","microphone / (telephone) receiver",""
"辨","biàn","to distinguish / to recognize",""
"推广","tuī guǎng","to extend / to spread",""
"洲","zhōu","continent / island in a river",""
"保全","bǎo quán","to save from damage / to preserve",""
"黑白","hēi bái","black and white / right and wrong",""
"前额","qián é","forehead",""
"出境","chū jìng","to leave a country or region / outbound (tourism)",""
"起死回生","qǐ sǐ huí shēng","to rise from the dead (idiom); fig. an unexpected recovery",""
"扣留","kòu liú","to detain / to arrest",""
"原型","yuán xíng","model / prototype",""
"腐蚀","fǔ shí","corrosion / to corrode (degrade chemically)",""
"剁","duò","to chop up (meat etc) / to chop off (someone's hand etc)",""
"长途","cháng tú","long distance",""
"倒闭","dǎo bì","to go bankrupt / to close down",""
"病症","bìng zhèng","disease / illness",""
"一月","yī yuè","January / first month (of the lunar year)",""
"扼杀","è shā","to strangle / to throttle",""
"受审","shòu shěn","on trial (for a crime) / to stand trial",""
"空洞","kōng dòng","cavity / empty",""
"无理","wú lǐ","irrational / unreasonable",""
"不省人事","bù xǐng rén shì","to lose consciousness / unconscious",""
"中等","zhōng děng","medium",""
"小看","xiǎo kàn","to look down on / to underestimate",""
"浮现","fú xiàn","to appear before one's eyes / to come into view",""
"直面","zhí miàn","to face (reality, danger etc)",""
"着装","zhuó zhuāng","to dress / dress",""
"言行","yán xíng","words and actions / what one says and what one does",""
"蒙蔽","méng bì","to deceive / to hoodwink",""
"糟蹋","zāo tà","to waste / to defile",""
"行径","xíng jìng","path / conduct",""
"常理","cháng lǐ","common sense / conventional reasoning and morals",""
"演变","yǎn biàn","to develop / to evolve",""
"深受","shēn shòu","to receive in no small measure",""
"无需","wú xū","needless",""
"雪橇","xuě qiāo","sled / sledge",""
"核磁共振","hé cí gòng zhèn","nuclear magnetic resonance (NMR)",""
"昆虫","kūn chóng","insect",""
"热带","rè dài","the tropics / tropical",""
"奶牛","nǎi niú","milk cow / dairy cow",""
"宁","níng","peaceful / to pacify / to visit (one's parents etc)",""
"编码","biān mǎ","to code / to encode",""
"盲人","máng rén","blind person",""
"许愿","xǔ yuàn","to make a wish / to make a vow",""
"锤","chuí","hammer / to hammer into shape / weight (e.g. of a steelyard or balance)",""
"沙龙","shā lóng","salon (loanword)",""
"映","yìng","to reflect (light) / to shine / to project (an image onto a screen etc)",""
"流畅","liú chàng","flowing (of speech, writing) / fluent",""
"饶恕","ráo shù","to forgive / to pardon",""
"农夫","nóng fū","peasant / farmer",""
"虚拟","xū nǐ","to imagine / to make up",""
"反馈","fǎn kuì","to send back information / feedback",""
"表态","biǎo tài","to declare one's position / to say where one stands",""
"忧伤","yōu shāng","distressed / laden with grief",""
"埋藏","mái cáng","to bury / to hide by burying",""
"抽搐","chōu chù","to twitch",""
"楼层","lóu céng","story / floor",""
"配偶","pèi ǒu","consort / mate",""
"班级","bān jí","class (group of students) / grade (in school)",""
"天子","tiān zǐ","the (rightful) emperor / ""Son of Heaven"" (traditional English translation)",""
"稍候","shāo hòu","to wait a moment",""
"音量","yīn liàng","loudness / volume",""
"加工","jiā gōng","to process / processing",""
"干洗","gān xǐ","to dry clean / dry cleaning",""
"老娘","lǎo niáng","my old mother / I, this old woman",""
"搜捕","sōu bǔ","to hunt and arrest (fugitives) / to track down and arrest",""
"面向","miàn xiàng","to face / to turn towards",""
"相聚","xiāng jù","to meet together / to assemble",""
"谜团","mí tuán","riddle / enigma",""
"关怀","guān huái","care / solicitude",""
"冷淡","lěng dàn","cold / indifferent",""
"还债","huán zhài","to settle a debt",""
"叫菜","jiào cài","to order dishes (at a restaurant)","Malaysia"
"点菜","diǎn cài","to order dishes (in a restaurant) (Malaysia: 叫菜 jiào cài)","China"
"怒气","nù qì","anger",""
"胸膛","xiōng táng","chest",""
"出格","chū gé","to overstep the bounds of what is proper / to take something too far",""
"颠覆","diān fù","to topple (i.e. knock over) / to capsize",""
"后边","hòu bian","back / rear",""
"伤势","shāng shì","condition of an injury",""
"断定","duàn dìng","to conclude / to determine",""
"犹如","yóu rú","similar to / appearing to be",""
"赴","fù","to go / to visit (e.g. another country) / to attend (a banquet etc)",""
"跨过","kuà guò","to surmount / to cross over",""
"顶端","dǐng duān","summit / peak",""
"美酒","měi jiǔ","good wine / fine liquor",""
"用尽","yòng jìn","to exhaust / to use up completely",""
"修建","xiū jiàn","to build / to construct",""
"事宜","shì yí","matters / arrangements",""
"默默","mò mò","in silence / not speaking",""
"吓倒","xià dǎo","to be frightened",""
"减弱","jiǎn ruò","to weaken / to fall off",""
"共处","gòng chǔ","to coexist / to get along (with others)",""
"半点","bàn diǎn","the least bit",""
"转化","zhuǎn huà","to change / to transform",""
"腾出","téng chū","to make (some time or space) available (for someone)",""
"除外","chú wài","to exclude / not including something (when counting or listing)",""
"出奇","chū qí","extraordinary / exceptional",""
"苦头","kǔ tou","sufferings",""
"径直","jìng zhí","directly",""
"说辞","shuō cí","excuse / pretext",""
"尽早","jǐn zǎo","as early as possible",""
"核弹","hé dàn","nuclear warhead",""
"尤","yóu","outstanding / particularly, especially / a fault",""
"血型","xuè xíng","blood group / blood type",""
"玛格丽特","mǎ gé lì tè","margarita (cocktail)",""
"分娩","fēn miǎn","labor / parturition",""
"老兵","lǎo bīng","veteran",""
"女皇","nǚ huáng","empress",""
"获奖","huò jiǎng","to win an award",""
"访谈","fǎng tán","to visit and discuss / to interview",""
"命案","mìng àn","homicide case / murder case",""
"突","tū","to dash / to move forward quickly / to bulge",""
"巡回演出","xún huí yǎn chū","(theater etc) to tour / to be on tour",""
"坠","zhuì","to fall / to drop / to weigh down",""
"运动鞋","yùn dòng xié","sports shoes / sneakers",""
"挨饿","ái è","to go hungry / to endure starvation",""
"开价","kāi jià","to quote a price / seller's first offer",""
"布景","bù jǐng","(stage) set",""
"饰","shì","decoration / ornament / to decorate",""
"漫","màn","free / unrestrained / to inundate",""
"浓度","nóng dù","concentration (percentage of dissolved material in a solution) / consistency",""
"刑期","xíng qī","prison term",""
"继承人","jì chéng rén","heir / successor",""
"波动","bō dòng","to undulate / to fluctuate",""
"风云","fēng yún","weather / unstable situation",""
"水槽","shuǐ cáo","sink",""
"牙买加","yá mǎi jiā","Jamaica",""
"合众国","hé zhòng guó","federated nation / the United States",""
"节食","jié shí","to save food / to go on a diet",""
"高空","gāo kōng","high altitude",""
"听力","tīng lì","hearing / listening ability",""
"栓","shuān","bottle stopper / plug / (gun) bolt",""
"树丛","shù cóng","thicket / undergrowth",""
"极品","jí pǐn","best quality / item of the highest quality",""
"哑巴","yǎ ba","mute / muted",""
"行凶","xíng xiōng","violent crime / to commit a violent act (assault or murder)",""
"调皮","tiáo pí","naughty / mischievous",""
"少量","shǎo liàng","a smidgen / a little bit",""
"白马王子","bái mǎ wáng zǐ","Prince Charming / knight in shining armor",""
"错觉","cuò jué","misconception / illusion",""
"稀","xī","rare / uncommon / watery",""
"灌醉","guàn zuì","to fuddle / to befuddle",""
"过渡","guò dù","to cross over (by ferry) / transition",""
"包扎","bāo zā","to wrap up / to pack",""
"畅销","chàng xiāo","to sell well / best seller",""
"钱财","qián cái","wealth / money",""
"结识","jié shí","to get to know someone / to meet someone for the first time",""
"笑柄","xiào bǐng","a matter for ridicule / an object of ridicule",""
"诀窍","jué qiào","secret / trick",""
"敬重","jìng zhòng","to respect deeply / to revere",""
"引出","yǐn chū","to extract / to draw out",""
"凭借","píng jiè","to rely on / to depend on",""
"傻乎乎","shǎ hū hū","feeble-minded / dim-witted",""
"格外","gé wài","especially / particularly",""
"底层","dǐ céng","ground or first floor / bottom (of a pile)",""
"氛围","fēn wéi","ambience / atmosphere",""
"规","guī","compass / a rule / regulation",""
"步步","bù bù","step by step / at every step",""
"出马","chū mǎ","to set out (on a campaign) / to stand for election",""
"川","chuān","creek / plain / an area of level country",""
"陪审员","péi shěn yuán","juror",""
"疫苗","yì miáo","vaccine",""
"共和国","gòng hé guó","republic",""
"耗子","hào zi","rat (Malaysia: 老鼠 lǎo shǔ)","China"
"肃静","sù jìng","silence / solemnly silent",""
"射线","shè xiàn","ray",""
"字条","zì tiáo","brief note",""
"氯","lǜ","chlorine (chemistry)",""
"矮子","ǎi zi","short person / dwarf",""
"失明","shī míng","to lose one's eyesight / to become blind",""
"证券","zhèng quàn","negotiable security (financial) / certificate",""
"软糖","ruǎn táng","soft candy (gummi candy, gumdrop, jellybean etc)",""
"主机","zhǔ jī","main engine / (military) lead aircraft",""
"开业","kāi yè","to open a business / to open a practice",""
"乞丐","qǐ gài","beggar",""
"日出","rì chū","sunrise",""
"大兵","dà bīng","soldier / large army",""
"守则","shǒu zé","rules / regulations",""
"暴君","bào jūn","tyrant / despot",""
"弓","gōng","a bow (weapon) / to bend / to arch (one's back etc)",""
"大王","dà wáng","king / magnate",""
"俄亥俄州","é hài é zhōu","Ohio",""
"深色","shēn sè","dark / dark colored",""
"舞池","wǔ chí","dance floor",""
"本土","běn tǔ","one's native country / native",""
"副手","fù shǒu","assistant",""
"捉住","zhuō zhù","to catch / to grapple with",""
"山脉","shān mài","mountain range",""
"废除","fèi chú","to abolish / to abrogate",""
"胡椒","hú jiāo","pepper",""
"性病","xìng bìng","sexually transmitted disease / venereal disease",""
"骚乱","sāo luàn","disturbance / riot",""
"气管","qì guǎn","windpipe / trachea",""
"不要脸","bú yào liǎn","to have no sense of shame / shameless",""
"战线","zhàn xiàn","battle line / battlefront",""
"裁定","cái dìng","ruling",""
"枯燥","kū zào","dry and dull / uninteresting",""
"高雅","gāo yǎ","dainty / elegance",""
"小册子","xiǎo cè zi","booklet / pamphlet",""
"聋子","lóng zi","deaf person",""
"掀起","xiān qǐ","to lift / to raise in height",""
"爱戴","ài dài","to love and respect / love and respect",""
"入场","rù chǎng","to enter the venue for a meeting / to enter into an examination",""
"老年人","lǎo nián rén","old people / the elderly",""
"上前","shàng qián","to advance / to step forward",""
"顺从","shùn cóng","obedient / to comply",""
"紊乱","wěn luàn","disorder / chaos",""
"膨胀","péng zhàng","to expand / to inflate",""
"收工","shōu gōng","to stop work for the day (generally of laborers) / to knock off",""
"单人","dān rén","one person / single (room, bed etc)",""
"外貌","wài mào","profile / appearance",""
"直视","zhí shì","to look straight at",""
"外形","wài xíng","figure / shape",""
"交际","jiāo jì","communication / social intercourse",""
"发怒","fā nù","to get angry",""
"起身","qǐ shēn","to get up / to leave",""
"凡是","fán shì","each and every / every",""
"渺茫","miǎo máng","uncertain / remote",""
"招数","zhāo shù","move (in chess, on stage, in martial arts) / gambit",""
"高于","gāo yú","greater than / to exceed",""
"赠送","zèng sòng","to present as a gift",""
"过头","guò tóu","to overdo it / to overstep the limit",""
"健壮","jiàn zhuàng","robust / healthy",""
"极力","jí lì","to make a supreme effort / at all costs",""
"分明","fēn míng","clear / distinct",""
"规范","guī fàn","norm / standard",""
"游手好闲","yóu shǒu hào xián","to idle about",""
"打通","dǎ tōng","to open access / to establish contact",""
"徒劳","tú láo","futile",""
"至此","zhì cǐ","up until now / so far",""
"心地","xīn dì","character",""
"货真价实","huò zhēn jià shí","genuine goods at fair prices / (fig.) genuine",""
"开创","kāi chuàng","to initiate / to start",""
"比特","bǐ tè","bit (binary digit) (loanword)",""
"中间人","zhōng jiān rén","intermediary / mediator",""
"鲨","shā","shark",""
"锦标赛","jǐn biāo sài","championship contest / championships",""
"波斯","bō sī","Persia",""
"巫术","wū shù","witchcraft",""
"骷髅","kū lóu","human skeleton / human skull",""
"海浪","hǎi làng","sea wave",""
"澳洲","ào zhōu","Australia",""
"旅行者","lǚ xíng zhě","traveler",""
"替身","tì shēn","stand-in / substitute",""
"移民局","yí mín jú","immigration office",""
"布道","bù dào","sermon / to sermonize",""
"同性","tóng xìng","same nature / homosexual",""
"胺","àn","amine",""
"摄影棚","shè yǐng péng","film studio / television studio",""
"嬉皮士","xī pí shì","hippie (loanword)",""
"潜质","qián zhì","potential",""
"法令","fǎ lìng","decree / ordinance",""
"弹琴","tán qín","to play or strum a lute or other stringed instrument",""
"丘","qiū","mound / hillock / grave",""
"海绵","hǎi mián","sponge (zoology) / sponge (piece of absorbent material, either natural or made from plastic etc)",""
"法规","fǎ guī","legislation / statute",""
"人气","rén qì","popularity / personality",""
"器材","qì cái","equipment / material",""
"三分之一","sān fēn zhī yī","one third",""
"烈火","liè huǒ","raging inferno / blaze",""
"过滤","guò lǜ","to filter / filter",""
"券","quàn","bond (esp. document split in two, with each party holding one half) / contract / deed (i.e. title deeds)",""
"急诊","jí zhěn","to give or receive urgent medical treatment / emergency treatment (at a hospital emergency department, or from a doctor on a house call)",""
"碰撞","pèng zhuàng","to collide / collision",""
"外围","wài wéi","surrounding",""
"盛","shèng","flourishing / vigorous / magnificent",""
"照亮","zhào liàng","to illuminate / to light up",""
"厮","sī","mutually / with one another / manservant",""
"公告","gōng gào","post / announcement",""
"邀请函","yāo qǐng hán","invitation letter",""
"饮酒","yǐn jiǔ","to drink wine",""
"心智","xīn zhì","wisdom",""
"视角","shì jiǎo","viewpoint / angle on something",""
"文档","wén dàng","(computer) file",""
"健全","jiàn quán","robust / sound",""
"绳之以法","shéng zhī yǐ fǎ","to punish according to the law / to bring to justice",""
"看管","kān guǎn","to look after",""
"聘请","pìn qǐng","to engage / to hire (a lawyer etc)",""
"情结","qíng jié","complex (psychology)",""
"陶醉","táo zuì","to be infatuated with / to be drunk with",""
"辨别","biàn bié","to differentiate / to distinguish",""
"例行公事","lì xíng gōng shì","routine business / usual practice",""
"凑巧","còu qiǎo","fortuitously / luckily",""
"血肉","xuè ròu","flesh",""
"迈出","mài chū","to step out / to take a (first) step",""
"受惊","shòu jīng","startled",""
"恰巧","qià qiǎo","fortunately / unexpectedly",""
"分布","fēn bù","to scatter / to distribute",""
"老掉牙","lǎo diào yá","very old / obsolete",""
"用作","yòng zuò","to use for the purpose of / to serve as",""
"小意思","xiǎo yì si","small token / mere trifle (used of one's gifts)",""
"挫败","cuò bài","to thwart / to foil (someone's plans)",""
"夸大","kuā dà","to exaggerate",""
"滑冰","huá bīng","to skate / skating",""
"园","yuán","land used for growing plants / site used for public recreation",""
"试演","shì yǎn","audition / dress rehearsal",""
"参议院","cān yì yuàn","senate / upper chamber (of legislative assembly)",""
"幻象","huàn xiàng","illusion",""
"迹","jì","footprint / mark / trace",""
"腌","yān","to salt / to pickle / to cure (meat)",""
"奶子","nǎi zi","milk / breast",""
"平行","píng xíng","parallel / of equal rank",""
"内阁","nèi gé","(government) cabinet",""
"鲑鱼","guī yú","salmon / trout",""
"炎","yán","flame / inflammation / -itis",""
"攀","pān","to climb (by pulling oneself up) / to implicate / to claim connections of higher status",""
"手动","shǒu dòng","manual / manually operated",""
"全速","quán sù","top speed / at full speed",""
"单元","dān yuán","unit (forming an entity) / element",""
"立正","lì zhèng","to stand straight / attention! (order to troops)",""
"冬季","dōng jì","winter",""
"抵制","dǐ zhì","to resist / to boycott",""
"手电筒","shǒu diàn tǒng","flashlight / electric hand torch",""
"荡","dàng","to wash / to squander / to sweep away",""
"九月","jiǔ yuè","September / ninth month (of the lunar year)",""
"怀旧","huái jiù","to feel nostalgic / nostalgia",""
"割伤","gē shāng","to gash / to cut",""
"致电","zhì diàn","to phone / to telegram",""
"和蔼","hé ǎi","kindly / nice",""
"右侧","yòu cè","right side",""
"野人","yě rén","a savage / uncivilized person",""
"光滑","guāng huá","glossy / sleek",""
"酒会","jiǔ huì","drinking party / wine reception",""
"时段","shí duàn","time interval / work shift",""
"辫子","biàn zi","plait / braid",""
"单干","dān gàn","to work on one's own / to work single-handed",""
"远方","yuǎn fāng","far away / a distant location",""
"酬劳","chóu láo","reward",""
"换班","huàn bān","to change shift / the next work shift",""
"窃取","qiè qǔ","to steal / to seize",""
"放慢","fàng màn","to reduce the pace (of movements, steps etc)",""
"胜算","shèng suàn","odds of success / stratagem that ensures success",""
"多嘴","duō zuǐ","talkative / to speak out of turn",""
"唬","hǔ","a tiger's roar / to scare / to intimidate",""
"以牙还牙","yǐ yá huán yá","a tooth for a tooth (retaliation)",""
"生锈","shēng xiù","to rust / to grow rusty",""
"反悔","fǎn huǐ","to renege / to go back (on a deal)",""
"提防","dī fang","to guard against / to be vigilant",""
"钟爱","zhōng ài","to treasure / to be very fond of",""
"晋升","jìn shēng","to promote to a higher position",""
"指明","zhǐ míng","to show clearly / to designate",""
"收敛","shōu liǎn","to dwindle / to vanish",""
"难看","nán kàn","ugly / unsightly",""
"剧烈","jù liè","violent / acute",""
"情理","qíng lǐ","reason / sense",""
"严峻","yán jùn","grim / severe",""
"合得来","hé de lái","to get along well / compatible",""
"充当","chōng dāng","to serve as / to act as",""
"辛勤","xīn qín","hardworking / industrious",""
"多种","duō zhǒng","many kinds of / multiple",""
"搁","gē","to place / to put aside / to shelve (Malaysia: 放 fàng)","China"
"有所不同","yǒu suǒ bù tóng","to differ to some extent (idiom)",""
"急于","jí yú","eager to / in a hurry to",""
"有鉴于此","yǒu jiàn yú cǐ","in view of this / to this end",""
"老鹰","lǎo yīng","eagle / hawk",""
"提案","tí àn","proposal / draft resolution",""
"乌","wū","crow / black",""
"法师","fǎ shī","one who has mastered the sutras (Buddhism)",""
"堕胎","duò tāi","to induce an abortion / induced abortion",""
"灰姑娘","huī gū niang","Cinderella / a sudden rags-to-riches celebrity",""
"邮票","yóu piào","(postage) stamp",""
"教区","jiào qū","parish",""
"泽","zé","pool / pond / (of metals etc) luster",""
"哮喘","xiào chuǎn","asthma",""
"斧头","fǔ tóu","ax / hatchet",""
"头巾","tóu jīn","cloth head covering worn by men in ancient times / headscarf (typically worn by women)",""
"拘留所","jū liú suǒ","detention center / prison",""
"赌徒","dǔ tú","gambler",""
"大头","dà tóu","big head / mask in the shape of a big head",""
"钳","qián","pincers / pliers / tongs",""
"奋力","fèn lì","to do everything one can / to spare no effort",""
"通奸","tōng jiān","adultery / to commit adultery",""
"倒塌","dǎo tā","to collapse (of building) / to topple over",""
"姓氏","xìng shì","family name",""
"发言人","fā yán rén","spokesperson",""
"伴奏","bàn zòu","to accompany (musically)",""
"冤枉","yuān wang","to accuse wrongly / to treat unjustly",""
"傀儡","kuǐ lěi","puppet",""
"起居室","qǐ jū shì","living room / sitting room",""
"跳出","tiào chū","to jump out / fig. to appear suddenly",""
"说道","shuō dao","to discuss / reason (behind something)",""
"痒痒","yǎng yang","to itch / to tickle",""
"江湖","jiāng hú","rivers and lakes / all corners of the country",""
"凉快","liáng kuai","nice and cold / pleasantly cool",""
"商标","shāng biāo","trademark / logo",""
"铲除","chǎn chú","to root out / to eradicate",""
"车主","chē zhǔ","vehicle owner",""
"当班","dāng bān","to work one's shift",""
"崇拜者","chóng bài zhě","worshipper",""
"款式","kuǎn shi","elegant / elegance",""
"甜品","tián pǐn","dessert",""
"呛","qiāng","to choke (because of swallowing the wrong way)",""
"烈酒","liè jiǔ","strong alcoholic drink",""
"个体","gè tǐ","individual",""
"警力","jǐng lì","police force / police officers",""
"亲属","qīn shǔ","kin / kindred",""
"无从","wú cóng","not to have access / beyond one's authority or capability",""
"差异","chā yì","difference / discrepancy",""
"本领","běn lǐng","skill / ability",""
"解答","jiě dá","answer / explanation",""
"创立","chuàng lì","to establish / to set up",""
"芝麻","zhī ma","sesame (seed)",""
"双臂","shuāng bì","arms / both arms",""
"胜地","shèng dì","well-known scenic spot",""
"处事","chǔ shì","to handle affairs / to deal with",""
"引人注意","yǐn rén zhù yì","to attract attention / eye-catching",""
"丧气","sàng qi","unlucky",""
"实质","shí zhì","substance / essence",""
"兜圈子","dōu quān zi","to encircle / to go around",""
"措辞","cuò cí","wording / way of expressing something",""
"束手无策","shù shǒu wú cè","lit. to have one's hands bound and be unable to do anything about it (idiom); fig. helpless in the face of a crisis",""
"托马斯","tuō mǎ sī","Thomas (male name)",""
"松子","sōng zǐ","pine nut",""
"孙","sūn","grandson / descendant",""
"酮","tóng","ketone",""
"鞠躬","jū gōng","to bow",""
"日报","rì bào","daily newspaper",""
"吸尘器","xī chén qì","vacuum cleaner / dust catcher",""
"外伤","wài shāng","injury / wound",""
"票数","piào shù","number of votes / poll count",""
"顶楼","dǐng lóu","top floor / attic",""
"溺水","nì shuǐ","to drown",""
"口号","kǒu hào","slogan / catchphrase",""
"栏杆","lán gān","railing / banister",""
"心术","xīn shù","designs / schemes",""
"大牢","dà láo","prison",""
"笔录","bǐ lù","to put down in writing / to take down notes",""
"册","cè","book / booklet / measure word for books",""
"妇人","fù rén","married woman",""
"打下","dǎ xià","to lay (a foundation) / to conquer (a city etc)",""
"胡须","hú xū","beard",""
"尺码","chǐ mǎ","size / fitting (of apparel)",""
"佣金","yòng jīn","commission",""
"中立","zhōng lì","neutral / neutrality",""
"风味","fēng wèi","distinctive flavor / distinctive style",""
"输赢","shū yíng","win or loss / outcome",""
"灰烬","huī jìn","ashes",""
"腾","téng","to soar / to gallop / to prance",""
"逆转","nì zhuǎn","to turn back / to reverse",""
"价值观","jià zhí guān","system of values",""
"马力","mǎ lì","horsepower",""
"遗物","yí wù","remnant",""
"信服","xìn fú","to have faith in / to believe in",""
"平庸","píng yōng","mediocre / indifferent",""
"轨迹","guǐ jì","locus / orbit",""
"毒害","dú hài","to poison (harm with a toxic substance) / to poison (people's minds)",""
"题材","tí cái","subject matter",""
"弹性","tán xìng","flexibility / elasticity",""
"名堂","míng tang","item (in a program of entertainments) / trick (act of mischief)",""
"繁荣","fán róng","prosperous / booming (economy)",""
"求生","qiú shēng","to seek survival / to possess the will to live",""
"小刀","xiǎo dāo","knife",""
"资","zī","resources / capital / to provide",""
"惹事","rě shì","to cause trouble",""
"总体","zǒng tǐ","completely / totally",""
"素材","sù cái","source material (in literature and art)",""
"境界","jìng jiè","boundary / state",""
"驻扎","zhù zhā","to station / to garrison (troops)",""
"管教","guǎn jiào","to discipline / to teach",""
"一事无成","yí shì wú chéng","to have achieved nothing / to be a total failure",""
"令人","lìng rén","to cause one (to do something) / to make one (angry, delighted etc)",""
"潇洒","xiāo sǎ","confident and at ease / free and easy",""
"公然","gōng rán","openly / publicly",""
"两码事","liǎng mǎ shì","two quite different things / another kettle of fish",""
"成百上千","chéng bǎi shàng qiān","hundreds / a large number",""
"拥护","yōng hù","to endorse / to support",""
"不知不觉","bù zhī bù jué","unconsciously / unwittingly",""
"神像","shén xiàng","image of a God",""
"伊丽莎白","yī lì shā bái","Elizabeth (person name)",""
"舰","jiàn","warship",""
"情人节","qíng rén jié","Valentine's Day",""
"皇帝","huáng dì","emperor",""
"王后","wáng hòu","queen",""
"投手","tóu shǒu","thrower / pitcher",""
"绑匪","bǎng fěi","kidnapper",""
"威尼斯","wēi ní sī","Venice / Venezia",""
"艾滋病","ài zī bìng","AIDS (loanword)",""
"乃","nǎi","to be / thus / so",""
"变性","biàn xìng","to denature / denaturation",""
"妖怪","yāo guài","monster / devil",""
"泊","pō","lake",""
"木板","mù bǎn","slab / board",""
"突击队","tū jī duì","commando unit",""
"匕首","bǐ shǒu","dagger",""
"粪便","fèn biàn","excrement / feces",""
"卵","luǎn","egg / ovum / spawn",""
"海鲜","hǎi xiān","seafood",""
"店铺","diàn pù","store / shop",""
"渐","jiàn","gradual / gradually",""
"女主人","nǚ zhǔ rén","hostess / mistress",""
"入伍","rù wǔ","to enter the army / to enlist",""
"修剪","xiū jiǎn","to prune / to trim",""
"嗅觉","xiù jué","sense of smell",""
"成像","chéng xiàng","to form an image / imaging",""
"瘸","qué","lame",""
"吉利","jí lì","auspicious / lucky",""
"火警","huǒ jǐng","fire alarm",""
"手帕","shǒu pà","handkerchief",""
"至上","zhì shàng","supreme / paramount",""
"图书","tú shū","books (in a library or bookstore)",""
"首府","shǒu fǔ","capital city of an autonomous region",""
"电路","diàn lù","electric circuit",""
"转圈","zhuàn quān","to rotate / to twirl",""
"改头换面","gǎi tóu huàn miàn","to change outwardly while remaining essentially the same (derog.) (idiom) / to undergo a transformation",""
"下滑","xià huá","to slide down (a slope etc) / (fig.) to decline",""
"分部","fēn bù","branch / subsection",""
"老年","lǎo nián","elderly / old age",""
"凶残","xiōng cán","savage / cruel",""
"主观","zhǔ guān","subjective",""
"旁观者","páng guān zhě","observer / spectator",""
"援","yuán","to help / to assist / to aid",""
"小吃","xiǎo chī","snack / refreshments",""
"叼","diāo","to hold with one's mouth (as a smoker with a cigarette or a dog with a bone)",""
"嘲弄","cháo nòng","to tease / to poke fun at",""
"先例","xiān lì","antecedent / precedent",""
"轮廓","lún kuò","an outline / silhouette",""
"全权","quán quán","full powers / total authority",""
"偷懒","tōu lǎn","to goof off / to be lazy",""
"聚光灯","jù guāng dēng","spotlight",""
"忧虑","yōu lǜ","to worry / anxiety (about)",""
"纵容","zòng róng","to indulge / to connive at",""
"掏钱","tāo qián","to pay / to spend money",""
"块头","kuài tóu","size / body size",""
"节约","jié yuē","to economize / to conserve (resources)",""
"精力充沛","jīng lì chōng pèi","vigorous / energetic",""
"华语","huá yǔ","Chinese language","Malaysia"
"汉语","hàn yǔ","Chinese language (Malaysia: 华语 huá yǔ)","China"
